

Microchip MPLAB XC8 Assembler V3.00 build 20241204225717 
                                                                                               Wed May 13 19:49:10 2026

Microchip MPLAB XC8 C Compiler v3.00 (Free license) build 20241204225717 Og1 
     1                           	processor	18F25K80
     2                           	fnconf	rparam,??,?,0
     3                           	pagewidth 120
     4                           	opt	flic
     5                           	psect	cinit,global,reloc=2,class=CODE,space=0,delta=1
     6                           	psect	bssCOMRAM,global,class=COMRAM,space=1,delta=1,lowdata,noexec
     7                           	psect	bssBANK0,global,class=BANK0,space=1,delta=1,lowdata,noexec
     8                           	psect	bssBANK1,global,class=BANK1,space=1,delta=1,lowdata,noexec
     9                           	psect	cstackBANK0,global,class=BANK0,space=1,delta=1,lowdata,noexec
    10                           	psect	cstackCOMRAM,global,class=COMRAM,space=1,delta=1,lowdata,noexec
    11                           	psect	text0,global,reloc=2,class=CODE,space=0,delta=1
    12                           	psect	text1,global,reloc=2,class=CODE,space=0,delta=1
    13                           	psect	text2,global,reloc=2,class=CODE,space=0,delta=1
    14                           	psect	text3,global,reloc=2,class=CODE,space=0,delta=1
    15                           	psect	text4,global,reloc=2,class=CODE,space=0,delta=1
    16                           	psect	text5,global,reloc=2,class=CODE,space=0,delta=1
    17                           	psect	text6,global,reloc=2,class=CODE,space=0,delta=1
    18                           	psect	text7,global,reloc=2,class=CODE,space=0,delta=1
    19                           	psect	text8,global,reloc=2,class=CODE,space=0,delta=1
    20                           	psect	text9,global,reloc=2,class=CODE,space=0,delta=1
    21                           	psect	text10,global,reloc=2,class=CODE,space=0,delta=1
    22                           	psect	text11,global,reloc=2,class=CODE,space=0,delta=1
    23                           	psect	text12,global,reloc=2,class=CODE,space=0,delta=1
    24                           	psect	text13,global,reloc=2,class=CODE,space=0,delta=1
    25                           	psect	text14,global,reloc=2,class=CODE,space=0,delta=1
    26                           	psect	text15,global,reloc=2,class=CODE,space=0,delta=1
    27                           	psect	text16,global,reloc=2,class=CODE,space=0,delta=1
    28                           	psect	text17,global,reloc=2,class=CODE,space=0,delta=1
    29                           	psect	text18,global,reloc=2,class=CODE,space=0,delta=1,group=1
    30                           	psect	text19,global,reloc=2,class=CODE,space=0,delta=1,group=1
    31                           	psect	text20,global,reloc=2,class=CODE,space=0,delta=1,group=1
    32                           	psect	text21,global,reloc=2,class=CODE,space=0,delta=1,group=1
    33                           	psect	mainSec,global,reloc=2,class=CODE,space=0,delta=1
    34                           	psect	intcodelo,global,reloc=2,class=CODE,space=0,delta=1
    35                           	psect	text23,global,reloc=2,class=CODE,space=0,delta=1
    36                           	psect	intcode,global,reloc=2,class=CODE,space=0,delta=1
    37                           	psect	text25,global,reloc=2,class=CODE,space=0,delta=1
    38                           	psect	text26,global,reloc=2,class=CODE,space=0,delta=1
    39                           	psect	smallconst,global,reloc=2,class=SMALLCONST,space=0,delta=1,noexec
    40                           	psect	intsave_regs,global,class=BIGRAM,space=1,delta=1,noexec
    41                           	psect	rparam,global,class=COMRAM,space=1,delta=1,noexec
    42                           	psect	temp,global,ovrld,common,class=COMRAM,space=1,delta=1,lowdata
    43                           	psect	config,global,abs,ovrld,class=CONFIG,space=4,delta=1,noexec
    44   000000                     
    45                           ; Generated 24/03/2025 GMT
    46                           ; 
    47                           ; Copyright © 2025, Microchip Technology Inc. and its subsidiaries ("Microchip")
    48                           ; All rights reserved.
    49                           ; 
    50                           ; This software is developed by Microchip Technology Inc. and its subsidiaries ("Microch
      +                          ip").
    51                           ; 
    52                           ; Redistribution and use in source and binary forms, with or without modification, are
    53                           ; permitted provided that the following conditions are met:
    54                           ; 
    55                           ;     1. Redistributions of source code must retain the above copyright notice, this lis
      +                          t of
    56                           ;        conditions and the following disclaimer.
    57                           ; 
    58                           ;     2. Redistributions in binary form must reproduce the above copyright notice, this 
      +                          list
    59                           ;        of conditions and the following disclaimer in the documentation and/or other
    60                           ;        materials provided with the distribution. Publication is not required when
    61                           ;        this file is used in an embedded application.
    62                           ; 
    63                           ;     3. Microchip's name may not be used to endorse or promote products derived from th
      +                          is
    64                           ;        software without specific prior written permission.
    65                           ; 
    66                           ; THIS SOFTWARE IS PROVIDED BY MICROCHIP "AS IS" AND ANY EXPRESS OR IMPLIED WARRANTIES,
    67                           ; INCLUDING, BUT NOT LIMITED TO, THE IMPLIED WARRANTIES OF MERCHANTABILITY AND FITNESS F
      +                          OR
    68                           ; PURPOSE ARE DISCLAIMED.  IN NO EVENT SHALL MICROCHIP BE LIABLE FOR ANY DIRECT, INDIREC
      +                          T,
    69                           ; INCIDENTAL, SPECIAL, EXEMPLARY, OR CONSEQUENTIAL DAMAGES (INCLUDING BUT NOT LIMITED TO
    70                           ; PROCUREMENT OF SUBSTITUTE GOODS OR SERVICES; LOSS OF USE, DATA OR PROFITS; OR BUSINESS
    71                           ; INTERRUPTION) HOWSOEVER CAUSED AND ON ANY THEORY OF LIABILITY, WHETHER IN CONTRACT, ST
      +                          RICT
    72                           ; LIABILITY, OR TORT (INCLUDING NEGLIGENCE OR OTHERWISE) ARISING IN ANY WAY OUT OF THE U
      +                          SE OF
    73                           ; THIS SOFTWARE, EVEN IF ADVISED OF THE POSSIBILITY OF SUCH DAMAGE.
    74                           ; 
    75                           ; 
    76                           ; Code-generator required, PIC18F25K80 Definitions
    77                           ; 
    78                           ; SFR Addresses
    79   000FE0                     bsr             equ	4064
    80   000FE9                     fsr0            equ	4073
    81   000FEA                     fsr0h           equ	4074
    82   000FE9                     fsr0l           equ	4073
    83   000FE1                     fsr1            equ	4065
    84   000FE2                     fsr1h           equ	4066
    85   000FE1                     fsr1l           equ	4065
    86   000FD9                     fsr2            equ	4057
    87   000FDA                     fsr2h           equ	4058
    88   000FD9                     fsr2l           equ	4057
    89   000FEF                     indf0           equ	4079
    90   000FE7                     indf1           equ	4071
    91   000FDF                     indf2           equ	4063
    92   000FF2                     intcon          equ	4082
    93   000000                     nvmcon          equ	0
    94   000FF9                     pcl             equ	4089
    95   000FFA                     pclath          equ	4090
    96   000FFB                     pclatu          equ	4091
    97   000FEB                     plusw0          equ	4075
    98   000FE3                     plusw1          equ	4067
    99   000FDB                     plusw2          equ	4059
   100   000FED                     postdec0        equ	4077
   101   000FE5                     postdec1        equ	4069
   102   000FDD                     postdec2        equ	4061
   103   000FEE                     postinc0        equ	4078
   104   000FE6                     postinc1        equ	4070
   105   000FDE                     postinc2        equ	4062
   106   000FEC                     preinc0         equ	4076
   107   000FE4                     preinc1         equ	4068
   108   000FDC                     preinc2         equ	4060
   109   000FF3                     prod            equ	4083
   110   000FF4                     prodh           equ	4084
   111   000FF3                     prodl           equ	4083
   112   000FD8                     status          equ	4056
   113   000FF5                     tablat          equ	4085
   114   000FF6                     tblptr          equ	4086
   115   000FF7                     tblptrh         equ	4087
   116   000FF6                     tblptrl         equ	4086
   117   000FF8                     tblptru         equ	4088
   118   000FFD                     tosl            equ	4093
   119   000FE8                     wreg            equ	4072
   120   000E41                     RXERRCNT        equ	3649	;# 
   121   000E42                     TXERRCNT        equ	3650	;# 
   122   000E43                     BRGCON1         equ	3651	;# 
   123   000E44                     BRGCON2         equ	3652	;# 
   124   000E45                     BRGCON3         equ	3653	;# 
   125   000E46                     RXFCON0         equ	3654	;# 
   126   000E47                     RXFCON1         equ	3655	;# 
   127   000E48                     RXF6SIDH        equ	3656	;# 
   128   000E49                     RXF6SIDL        equ	3657	;# 
   129   000E4A                     RXF6EIDH        equ	3658	;# 
   130   000E4B                     RXF6EIDL        equ	3659	;# 
   131   000E4C                     RXF7SIDH        equ	3660	;# 
   132   000E4D                     RXF7SIDL        equ	3661	;# 
   133   000E4E                     RXF7EIDH        equ	3662	;# 
   134   000E4F                     RXF7EIDL        equ	3663	;# 
   135   000E50                     RXF8SIDH        equ	3664	;# 
   136   000E51                     RXF8SIDL        equ	3665	;# 
   137   000E52                     RXF8EIDH        equ	3666	;# 
   138   000E53                     RXF8EIDL        equ	3667	;# 
   139   000E54                     RXF9SIDH        equ	3668	;# 
   140   000E55                     RXF9SIDL        equ	3669	;# 
   141   000E56                     RXF9EIDH        equ	3670	;# 
   142   000E57                     RXF9EIDL        equ	3671	;# 
   143   000E58                     RXF10SIDH       equ	3672	;# 
   144   000E59                     RXF10SIDL       equ	3673	;# 
   145   000E5A                     RXF10EIDH       equ	3674	;# 
   146   000E5B                     RXF10EIDL       equ	3675	;# 
   147   000E5C                     RXF11SIDH       equ	3676	;# 
   148   000E5D                     RXF11SIDL       equ	3677	;# 
   149   000E5E                     RXF11EIDH       equ	3678	;# 
   150   000E5F                     RXF11EIDL       equ	3679	;# 
   151   000E60                     RXF12SIDH       equ	3680	;# 
   152   000E61                     RXF12SIDL       equ	3681	;# 
   153   000E62                     RXF12EIDH       equ	3682	;# 
   154   000E63                     RXF12EIDL       equ	3683	;# 
   155   000E64                     RXF13SIDH       equ	3684	;# 
   156   000E65                     RXF13SIDL       equ	3685	;# 
   157   000E66                     RXF13EIDH       equ	3686	;# 
   158   000E67                     RXF13EIDL       equ	3687	;# 
   159   000E68                     RXF14SIDH       equ	3688	;# 
   160   000E69                     RXF14SIDL       equ	3689	;# 
   161   000E6A                     RXF14EIDH       equ	3690	;# 
   162   000E6B                     RXF14EIDL       equ	3691	;# 
   163   000E6C                     RXF15SIDH       equ	3692	;# 
   164   000E6D                     RXF15SIDL       equ	3693	;# 
   165   000E6E                     RXF15EIDH       equ	3694	;# 
   166   000E6F                     RXF15EIDL       equ	3695	;# 
   167   000E70                     SDFLC           equ	3696	;# 
   168   000E71                     RXFBCON0        equ	3697	;# 
   169   000E72                     RXFBCON1        equ	3698	;# 
   170   000E73                     RXFBCON2        equ	3699	;# 
   171   000E74                     RXFBCON3        equ	3700	;# 
   172   000E75                     RXFBCON4        equ	3701	;# 
   173   000E76                     RXFBCON5        equ	3702	;# 
   174   000E77                     RXFBCON6        equ	3703	;# 
   175   000E78                     RXFBCON7        equ	3704	;# 
   176   000E79                     MSEL0           equ	3705	;# 
   177   000E7A                     MSEL1           equ	3706	;# 
   178   000E7B                     MSEL2           equ	3707	;# 
   179   000E7C                     MSEL3           equ	3708	;# 
   180   000E7D                     BSEL0           equ	3709	;# 
   181   000E7E                     BIE0            equ	3710	;# 
   182   000E7F                     TXBIE           equ	3711	;# 
   183   000E80                     B0CON           equ	3712	;# 
   184   000E81                     B0SIDH          equ	3713	;# 
   185   000E82                     B0SIDL          equ	3714	;# 
   186   000E83                     B0EIDH          equ	3715	;# 
   187   000E84                     B0EIDL          equ	3716	;# 
   188   000E85                     B0DLC           equ	3717	;# 
   189   000E86                     B0D0            equ	3718	;# 
   190   000E87                     B0D1            equ	3719	;# 
   191   000E88                     B0D2            equ	3720	;# 
   192   000E89                     B0D3            equ	3721	;# 
   193   000E8A                     B0D4            equ	3722	;# 
   194   000E8B                     B0D5            equ	3723	;# 
   195   000E8C                     B0D6            equ	3724	;# 
   196   000E8D                     B0D7            equ	3725	;# 
   197   000E8E                     CANSTAT_RO9     equ	3726	;# 
   198   000E8F                     CANCON_RO9      equ	3727	;# 
   199   000E90                     B1CON           equ	3728	;# 
   200   000E91                     B1SIDH          equ	3729	;# 
   201   000E92                     B1SIDL          equ	3730	;# 
   202   000E93                     B1EIDH          equ	3731	;# 
   203   000E94                     B1EIDL          equ	3732	;# 
   204   000E95                     B1DLC           equ	3733	;# 
   205   000E96                     B1D0            equ	3734	;# 
   206   000E97                     B1D1            equ	3735	;# 
   207   000E98                     B1D2            equ	3736	;# 
   208   000E99                     B1D3            equ	3737	;# 
   209   000E9A                     B1D4            equ	3738	;# 
   210   000E9B                     B1D5            equ	3739	;# 
   211   000E9C                     B1D6            equ	3740	;# 
   212   000E9D                     B1D7            equ	3741	;# 
   213   000E9E                     CANSTAT_RO8     equ	3742	;# 
   214   000E9F                     CANCON_RO8      equ	3743	;# 
   215   000EA0                     B2CON           equ	3744	;# 
   216   000EA1                     B2SIDH          equ	3745	;# 
   217   000EA2                     B2SIDL          equ	3746	;# 
   218   000EA3                     B2EIDH          equ	3747	;# 
   219   000EA4                     B2EIDL          equ	3748	;# 
   220   000EA5                     B2DLC           equ	3749	;# 
   221   000EA6                     B2D0            equ	3750	;# 
   222   000EA7                     B2D1            equ	3751	;# 
   223   000EA8                     B2D2            equ	3752	;# 
   224   000EA9                     B2D3            equ	3753	;# 
   225   000EAA                     B2D4            equ	3754	;# 
   226   000EAB                     B2D5            equ	3755	;# 
   227   000EAC                     B2D6            equ	3756	;# 
   228   000EAD                     B2D7            equ	3757	;# 
   229   000EAE                     CANSTAT_RO7     equ	3758	;# 
   230   000EAF                     CANCON_RO7      equ	3759	;# 
   231   000EB0                     B3CON           equ	3760	;# 
   232   000EB1                     B3SIDH          equ	3761	;# 
   233   000EB2                     B3SIDL          equ	3762	;# 
   234   000EB3                     B3EIDH          equ	3763	;# 
   235   000EB4                     B3EIDL          equ	3764	;# 
   236   000EB5                     B3DLC           equ	3765	;# 
   237   000EB6                     B3D0            equ	3766	;# 
   238   000EB7                     B3D1            equ	3767	;# 
   239   000EB8                     B3D2            equ	3768	;# 
   240   000EB9                     B3D3            equ	3769	;# 
   241   000EBA                     B3D4            equ	3770	;# 
   242   000EBB                     B3D5            equ	3771	;# 
   243   000EBC                     B3D6            equ	3772	;# 
   244   000EBD                     B3D7            equ	3773	;# 
   245   000EBE                     CANSTAT_RO6     equ	3774	;# 
   246   000EBF                     CANCON_RO6      equ	3775	;# 
   247   000EC0                     B4CON           equ	3776	;# 
   248   000EC1                     B4SIDH          equ	3777	;# 
   249   000EC2                     B4SIDL          equ	3778	;# 
   250   000EC3                     B4EIDH          equ	3779	;# 
   251   000EC4                     B4EIDL          equ	3780	;# 
   252   000EC5                     B4DLC           equ	3781	;# 
   253   000EC6                     B4D0            equ	3782	;# 
   254   000EC7                     B4D1            equ	3783	;# 
   255   000EC8                     B4D2            equ	3784	;# 
   256   000EC9                     B4D3            equ	3785	;# 
   257   000ECA                     B4D4            equ	3786	;# 
   258   000ECB                     B4D5            equ	3787	;# 
   259   000ECC                     B4D6            equ	3788	;# 
   260   000ECD                     B4D7            equ	3789	;# 
   261   000ECE                     CANSTAT_RO5     equ	3790	;# 
   262   000ECF                     CANCON_RO5      equ	3791	;# 
   263   000ED0                     B5CON           equ	3792	;# 
   264   000ED1                     B5SIDH          equ	3793	;# 
   265   000ED2                     B5SIDL          equ	3794	;# 
   266   000ED3                     B5EIDH          equ	3795	;# 
   267   000ED4                     B5EIDL          equ	3796	;# 
   268   000ED5                     B5DLC           equ	3797	;# 
   269   000ED6                     B5D0            equ	3798	;# 
   270   000ED7                     B5D1            equ	3799	;# 
   271   000ED8                     B5D2            equ	3800	;# 
   272   000ED9                     B5D3            equ	3801	;# 
   273   000EDA                     B5D4            equ	3802	;# 
   274   000EDB                     B5D5            equ	3803	;# 
   275   000EDC                     B5D6            equ	3804	;# 
   276   000EDD                     B5D7            equ	3805	;# 
   277   000EDE                     CANSTAT_RO4     equ	3806	;# 
   278   000EDF                     CANCON_RO4      equ	3807	;# 
   279   000EE0                     RXF0SIDH        equ	3808	;# 
   280   000EE1                     RXF0SIDL        equ	3809	;# 
   281   000EE2                     RXF0EIDH        equ	3810	;# 
   282   000EE3                     RXF0EIDL        equ	3811	;# 
   283   000EE4                     RXF1SIDH        equ	3812	;# 
   284   000EE5                     RXF1SIDL        equ	3813	;# 
   285   000EE6                     RXF1EIDH        equ	3814	;# 
   286   000EE7                     RXF1EIDL        equ	3815	;# 
   287   000EE8                     RXF2SIDH        equ	3816	;# 
   288   000EE9                     RXF2SIDL        equ	3817	;# 
   289   000EEA                     RXF2EIDH        equ	3818	;# 
   290   000EEB                     RXF2EIDL        equ	3819	;# 
   291   000EEC                     RXF3SIDH        equ	3820	;# 
   292   000EED                     RXF3SIDL        equ	3821	;# 
   293   000EEE                     RXF3EIDH        equ	3822	;# 
   294   000EEF                     RXF3EIDL        equ	3823	;# 
   295   000EF0                     RXF4SIDH        equ	3824	;# 
   296   000EF1                     RXF4SIDL        equ	3825	;# 
   297   000EF2                     RXF4EIDH        equ	3826	;# 
   298   000EF3                     RXF4EIDL        equ	3827	;# 
   299   000EF4                     RXF5SIDH        equ	3828	;# 
   300   000EF5                     RXF5SIDL        equ	3829	;# 
   301   000EF6                     RXF5EIDH        equ	3830	;# 
   302   000EF7                     RXF5EIDL        equ	3831	;# 
   303   000EF8                     RXM0SIDH        equ	3832	;# 
   304   000EF9                     RXM0SIDL        equ	3833	;# 
   305   000EFA                     RXM0EIDH        equ	3834	;# 
   306   000EFB                     RXM0EIDL        equ	3835	;# 
   307   000EFC                     RXM1SIDH        equ	3836	;# 
   308   000EFD                     RXM1SIDL        equ	3837	;# 
   309   000EFE                     RXM1EIDH        equ	3838	;# 
   310   000EFF                     RXM1EIDL        equ	3839	;# 
   311   000F00                     TXB2CON         equ	3840	;# 
   312   000F01                     TXB2SIDH        equ	3841	;# 
   313   000F02                     TXB2SIDL        equ	3842	;# 
   314   000F03                     TXB2EIDH        equ	3843	;# 
   315   000F04                     TXB2EIDL        equ	3844	;# 
   316   000F05                     TXB2DLC         equ	3845	;# 
   317   000F06                     TXB2D0          equ	3846	;# 
   318   000F07                     TXB2D1          equ	3847	;# 
   319   000F08                     TXB2D2          equ	3848	;# 
   320   000F09                     TXB2D3          equ	3849	;# 
   321   000F0A                     TXB2D4          equ	3850	;# 
   322   000F0B                     TXB2D5          equ	3851	;# 
   323   000F0C                     TXB2D6          equ	3852	;# 
   324   000F0D                     TXB2D7          equ	3853	;# 
   325   000F0E                     CANSTAT_RO3     equ	3854	;# 
   326   000F0F                     CANCON_RO3      equ	3855	;# 
   327   000F10                     TXB1CON         equ	3856	;# 
   328   000F11                     TXB1SIDH        equ	3857	;# 
   329   000F12                     TXB1SIDL        equ	3858	;# 
   330   000F13                     TXB1EIDH        equ	3859	;# 
   331   000F14                     TXB1EIDL        equ	3860	;# 
   332   000F15                     TXB1DLC         equ	3861	;# 
   333   000F16                     TXB1D0          equ	3862	;# 
   334   000F17                     TXB1D1          equ	3863	;# 
   335   000F18                     TXB1D2          equ	3864	;# 
   336   000F19                     TXB1D3          equ	3865	;# 
   337   000F1A                     TXB1D4          equ	3866	;# 
   338   000F1B                     TXB1D5          equ	3867	;# 
   339   000F1C                     TXB1D6          equ	3868	;# 
   340   000F1D                     TXB1D7          equ	3869	;# 
   341   000F1E                     CANSTAT_RO2     equ	3870	;# 
   342   000F1F                     CANCON_RO2      equ	3871	;# 
   343   000F20                     TXB0CON         equ	3872	;# 
   344   000F21                     TXB0SIDH        equ	3873	;# 
   345   000F22                     TXB0SIDL        equ	3874	;# 
   346   000F23                     TXB0EIDH        equ	3875	;# 
   347   000F24                     TXB0EIDL        equ	3876	;# 
   348   000F25                     TXB0DLC         equ	3877	;# 
   349   000F26                     TXB0D0          equ	3878	;# 
   350   000F27                     TXB0D1          equ	3879	;# 
   351   000F28                     TXB0D2          equ	3880	;# 
   352   000F29                     TXB0D3          equ	3881	;# 
   353   000F2A                     TXB0D4          equ	3882	;# 
   354   000F2B                     TXB0D5          equ	3883	;# 
   355   000F2C                     TXB0D6          equ	3884	;# 
   356   000F2D                     TXB0D7          equ	3885	;# 
   357   000F2E                     CANSTAT_RO1     equ	3886	;# 
   358   000F2F                     CANCON_RO1      equ	3887	;# 
   359   000F30                     RXB1CON         equ	3888	;# 
   360   000F31                     RXB1SIDH        equ	3889	;# 
   361   000F32                     RXB1SIDL        equ	3890	;# 
   362   000F33                     RXB1EIDH        equ	3891	;# 
   363   000F34                     RXB1EIDL        equ	3892	;# 
   364   000F35                     RXB1DLC         equ	3893	;# 
   365   000F36                     RXB1D0          equ	3894	;# 
   366   000F37                     RXB1D1          equ	3895	;# 
   367   000F38                     RXB1D2          equ	3896	;# 
   368   000F39                     RXB1D3          equ	3897	;# 
   369   000F3A                     RXB1D4          equ	3898	;# 
   370   000F3B                     RXB1D5          equ	3899	;# 
   371   000F3C                     RXB1D6          equ	3900	;# 
   372   000F3D                     RXB1D7          equ	3901	;# 
   373   000F3E                     CANSTAT_RO0     equ	3902	;# 
   374   000F3F                     CANCON_RO0      equ	3903	;# 
   375   000F47                     CCP5CON         equ	3911	;# 
   376   000F48                     CCPR5           equ	3912	;# 
   377   000F48                     CCPR5L          equ	3912	;# 
   378   000F49                     CCPR5H          equ	3913	;# 
   379   000F4A                     CCP4CON         equ	3914	;# 
   380   000F4B                     CCPR4           equ	3915	;# 
   381   000F4B                     CCPR4L          equ	3915	;# 
   382   000F4C                     CCPR4H          equ	3916	;# 
   383   000F4D                     CCP3CON         equ	3917	;# 
   384   000F4E                     CCPR3           equ	3918	;# 
   385   000F4E                     CCPR3L          equ	3918	;# 
   386   000F4F                     CCPR3H          equ	3919	;# 
   387   000F50                     CCP2CON         equ	3920	;# 
   388   000F50                     ECCP2CON        equ	3920	;# 
   389   000F51                     CCPR2           equ	3921	;# 
   390   000F51                     CCPR2L          equ	3921	;# 
   391   000F52                     CCPR2H          equ	3922	;# 
   392   000F53                     CTMUICON        equ	3923	;# 
   393   000F54                     CTMUCONL        equ	3924	;# 
   394   000F55                     CTMUCONH        equ	3925	;# 
   395   000F56                     PADCFG1         equ	3926	;# 
   396   000F57                     PMD2            equ	3927	;# 
   397   000F58                     PMD1            equ	3928	;# 
   398   000F59                     PMD0            equ	3929	;# 
   399   000F5A                     IOCB            equ	3930	;# 
   400   000F5B                     WPUB            equ	3931	;# 
   401   000F5C                     ANCON1          equ	3932	;# 
   402   000F5D                     ANCON0          equ	3933	;# 
   403   000F5E                     CM2CON          equ	3934	;# 
   404   000F5E                     CM2CON1         equ	3934	;# 
   405   000F5F                     CM1CON          equ	3935	;# 
   406   000F5F                     CM1CON1         equ	3935	;# 
   407   000F60                     RXB0CON         equ	3936	;# 
   408   000F61                     RXB0SIDH        equ	3937	;# 
   409   000F62                     RXB0SIDL        equ	3938	;# 
   410   000F63                     RXB0EIDH        equ	3939	;# 
   411   000F64                     RXB0EIDL        equ	3940	;# 
   412   000F65                     RXB0DLC         equ	3941	;# 
   413   000F66                     RXB0D0          equ	3942	;# 
   414   000F67                     RXB0D1          equ	3943	;# 
   415   000F68                     RXB0D2          equ	3944	;# 
   416   000F69                     RXB0D3          equ	3945	;# 
   417   000F6A                     RXB0D4          equ	3946	;# 
   418   000F6B                     RXB0D5          equ	3947	;# 
   419   000F6C                     RXB0D6          equ	3948	;# 
   420   000F6D                     RXB0D7          equ	3949	;# 
   421   000F6E                     CANSTAT         equ	3950	;# 
   422   000F6F                     CANCON          equ	3951	;# 
   423   000F70                     CIOCON          equ	3952	;# 
   424   000F71                     COMSTAT         equ	3953	;# 
   425   000F72                     ECANCON         equ	3954	;# 
   426   000F73                     EEDATA          equ	3955	;# 
   427   000F74                     EEADR           equ	3956	;# 
   428   000F75                     EEADRH          equ	3957	;# 
   429   000F76                     PIE5            equ	3958	;# 
   430   000F77                     PIR5            equ	3959	;# 
   431   000F78                     IPR5            equ	3960	;# 
   432   000F79                     TXREG2          equ	3961	;# 
   433   000F7A                     RCREG2          equ	3962	;# 
   434   000F7B                     SPBRG2          equ	3963	;# 
   435   000F7C                     SPBRGH2         equ	3964	;# 
   436   000F7D                     SPBRGH1         equ	3965	;# 
   437   000F7E                     EECON2          equ	3966	;# 
   438   000F7F                     EECON1          equ	3967	;# 
   439   000F80                     PORTA           equ	3968	;# 
   440   000F81                     PORTB           equ	3969	;# 
   441   000F82                     PORTC           equ	3970	;# 
   442   000F84                     PORTE           equ	3972	;# 
   443   000F87                     TMR4            equ	3975	;# 
   444   000F88                     T4CON           equ	3976	;# 
   445   000F89                     LATA            equ	3977	;# 
   446   000F8A                     LATB            equ	3978	;# 
   447   000F8B                     LATC            equ	3979	;# 
   448   000F90                     SLRCON          equ	3984	;# 
   449   000F91                     ODCON           equ	3985	;# 
   450   000F92                     TRISA           equ	3986	;# 
   451   000F93                     TRISB           equ	3987	;# 
   452   000F94                     TRISC           equ	3988	;# 
   453   000F99                     CCPTMRS         equ	3993	;# 
   454   000F9A                     REFOCON         equ	3994	;# 
   455   000F9B                     OSCTUNE         equ	3995	;# 
   456   000F9C                     PSTR1CON        equ	3996	;# 
   457   000F9D                     PIE1            equ	3997	;# 
   458   000F9E                     PIR1            equ	3998	;# 
   459   000F9F                     IPR1            equ	3999	;# 
   460   000FA0                     PIE2            equ	4000	;# 
   461   000FA1                     PIR2            equ	4001	;# 
   462   000FA2                     IPR2            equ	4002	;# 
   463   000FA3                     PIE3            equ	4003	;# 
   464   000FA4                     PIR3            equ	4004	;# 
   465   000FA5                     IPR3            equ	4005	;# 
   466   000FA6                     RCSTA2          equ	4006	;# 
   467   000FA7                     BAUDCON1        equ	4007	;# 
   468   000FA8                     HLVDCON         equ	4008	;# 
   469   000FA9                     PR4             equ	4009	;# 
   470   000FAA                     T1GCON          equ	4010	;# 
   471   000FAB                     RCSTA1          equ	4011	;# 
   472   000FAB                     RCSTA           equ	4011	;# 
   473   000FAC                     TXSTA1          equ	4012	;# 
   474   000FAC                     TXSTA           equ	4012	;# 
   475   000FAD                     TXREG1          equ	4013	;# 
   476   000FAD                     TXREG           equ	4013	;# 
   477   000FAE                     RCREG1          equ	4014	;# 
   478   000FAE                     RCREG           equ	4014	;# 
   479   000FAF                     SPBRG1          equ	4015	;# 
   480   000FAF                     SPBRG           equ	4015	;# 
   481   000FB0                     T3GCON          equ	4016	;# 
   482   000FB1                     T3CON           equ	4017	;# 
   483   000FB2                     TMR3            equ	4018	;# 
   484   000FB2                     TMR3L           equ	4018	;# 
   485   000FB3                     TMR3H           equ	4019	;# 
   486   000FB4                     CMSTAT          equ	4020	;# 
   487   000FB4                     CMSTATUS        equ	4020	;# 
   488   000FB5                     CVRCON          equ	4021	;# 
   489   000FB6                     PIE4            equ	4022	;# 
   490   000FB7                     PIR4            equ	4023	;# 
   491   000FB8                     IPR4            equ	4024	;# 
   492   000FB9                     BAUDCON2        equ	4025	;# 
   493   000FBA                     TXSTA2          equ	4026	;# 
   494   000FBB                     CCP1CON         equ	4027	;# 
   495   000FBB                     ECCP1CON        equ	4027	;# 
   496   000FBC                     CCPR1           equ	4028	;# 
   497   000FBC                     CCPR1L          equ	4028	;# 
   498   000FBD                     CCPR1H          equ	4029	;# 
   499   000FBE                     ECCP1DEL        equ	4030	;# 
   500   000FBE                     PWM1CON         equ	4030	;# 
   501   000FBF                     ECCP1AS         equ	4031	;# 
   502   000FC0                     ADCON2          equ	4032	;# 
   503   000FC1                     ADCON1          equ	4033	;# 
   504   000FC2                     ADCON0          equ	4034	;# 
   505   000FC3                     ADRES           equ	4035	;# 
   506   000FC3                     ADRESL          equ	4035	;# 
   507   000FC4                     ADRESH          equ	4036	;# 
   508   000FC5                     SSPCON2         equ	4037	;# 
   509   000FC6                     SSPCON1         equ	4038	;# 
   510   000FC7                     SSPSTAT         equ	4039	;# 
   511   000FC8                     SSPADD          equ	4040	;# 
   512   000FC9                     SSPBUF          equ	4041	;# 
   513   000FCA                     T2CON           equ	4042	;# 
   514   000FCB                     PR2             equ	4043	;# 
   515   000FCB                     MEMCON          equ	4043	;# 
   516   000FCC                     TMR2            equ	4044	;# 
   517   000FCD                     T1CON           equ	4045	;# 
   518   000FCE                     TMR1            equ	4046	;# 
   519   000FCE                     TMR1L           equ	4046	;# 
   520   000FCF                     TMR1H           equ	4047	;# 
   521   000FD0                     RCON            equ	4048	;# 
   522   000FD1                     WDTCON          equ	4049	;# 
   523   000FD2                     OSCCON2         equ	4050	;# 
   524   000FD3                     OSCCON          equ	4051	;# 
   525   000FD5                     T0CON           equ	4053	;# 
   526   000FD6                     TMR0            equ	4054	;# 
   527   000FD6                     TMR0L           equ	4054	;# 
   528   000FD7                     TMR0H           equ	4055	;# 
   529   000FD8                     STATUS          equ	4056	;# 
   530   000FD9                     FSR2            equ	4057	;# 
   531   000FD9                     FSR2L           equ	4057	;# 
   532   000FDA                     FSR2H           equ	4058	;# 
   533   000FDB                     PLUSW2          equ	4059	;# 
   534   000FDC                     PREINC2         equ	4060	;# 
   535   000FDD                     POSTDEC2        equ	4061	;# 
   536   000FDE                     POSTINC2        equ	4062	;# 
   537   000FDF                     INDF2           equ	4063	;# 
   538   000FE0                     BSR             equ	4064	;# 
   539   000FE1                     FSR1            equ	4065	;# 
   540   000FE1                     FSR1L           equ	4065	;# 
   541   000FE2                     FSR1H           equ	4066	;# 
   542   000FE3                     PLUSW1          equ	4067	;# 
   543   000FE4                     PREINC1         equ	4068	;# 
   544   000FE5                     POSTDEC1        equ	4069	;# 
   545   000FE6                     POSTINC1        equ	4070	;# 
   546   000FE7                     INDF1           equ	4071	;# 
   547   000FE8                     WREG            equ	4072	;# 
   548   000FE9                     FSR0            equ	4073	;# 
   549   000FE9                     FSR0L           equ	4073	;# 
   550   000FEA                     FSR0H           equ	4074	;# 
   551   000FEB                     PLUSW0          equ	4075	;# 
   552   000FEC                     PREINC0         equ	4076	;# 
   553   000FED                     POSTDEC0        equ	4077	;# 
   554   000FEE                     POSTINC0        equ	4078	;# 
   555   000FEF                     INDF0           equ	4079	;# 
   556   000FF0                     INTCON3         equ	4080	;# 
   557   000FF1                     INTCON2         equ	4081	;# 
   558   000FF2                     INTCON          equ	4082	;# 
   559   000FF2                     INTCON1         equ	4082	;# 
   560   000FF3                     PROD            equ	4083	;# 
   561   000FF3                     PRODL           equ	4083	;# 
   562   000FF4                     PRODH           equ	4084	;# 
   563   000FF5                     TABLAT          equ	4085	;# 
   564   000FF6                     TBLPTR          equ	4086	;# 
   565   000FF6                     TBLPTRL         equ	4086	;# 
   566   000FF7                     TBLPTRH         equ	4087	;# 
   567   000FF8                     TBLPTRU         equ	4088	;# 
   568   000FF9                     PCLAT           equ	4089	;# 
   569   000FF9                     PC              equ	4089	;# 
   570   000FF9                     PCL             equ	4089	;# 
   571   000FFA                     PCLATH          equ	4090	;# 
   572   000FFB                     PCLATU          equ	4091	;# 
   573   000FFC                     STKPTR          equ	4092	;# 
   574   000FFD                     TOS             equ	4093	;# 
   575   000FFD                     TOSL            equ	4093	;# 
   576   000FFE                     TOSH            equ	4094	;# 
   577   000FFF                     TOSU            equ	4095	;# 
   578   000E41                     RXERRCNT        equ	3649	;# 
   579   000E42                     TXERRCNT        equ	3650	;# 
   580   000E43                     BRGCON1         equ	3651	;# 
   581   000E44                     BRGCON2         equ	3652	;# 
   582   000E45                     BRGCON3         equ	3653	;# 
   583   000E46                     RXFCON0         equ	3654	;# 
   584   000E47                     RXFCON1         equ	3655	;# 
   585   000E48                     RXF6SIDH        equ	3656	;# 
   586   000E49                     RXF6SIDL        equ	3657	;# 
   587   000E4A                     RXF6EIDH        equ	3658	;# 
   588   000E4B                     RXF6EIDL        equ	3659	;# 
   589   000E4C                     RXF7SIDH        equ	3660	;# 
   590   000E4D                     RXF7SIDL        equ	3661	;# 
   591   000E4E                     RXF7EIDH        equ	3662	;# 
   592   000E4F                     RXF7EIDL        equ	3663	;# 
   593   000E50                     RXF8SIDH        equ	3664	;# 
   594   000E51                     RXF8SIDL        equ	3665	;# 
   595   000E52                     RXF8EIDH        equ	3666	;# 
   596   000E53                     RXF8EIDL        equ	3667	;# 
   597   000E54                     RXF9SIDH        equ	3668	;# 
   598   000E55                     RXF9SIDL        equ	3669	;# 
   599   000E56                     RXF9EIDH        equ	3670	;# 
   600   000E57                     RXF9EIDL        equ	3671	;# 
   601   000E58                     RXF10SIDH       equ	3672	;# 
   602   000E59                     RXF10SIDL       equ	3673	;# 
   603   000E5A                     RXF10EIDH       equ	3674	;# 
   604   000E5B                     RXF10EIDL       equ	3675	;# 
   605   000E5C                     RXF11SIDH       equ	3676	;# 
   606   000E5D                     RXF11SIDL       equ	3677	;# 
   607   000E5E                     RXF11EIDH       equ	3678	;# 
   608   000E5F                     RXF11EIDL       equ	3679	;# 
   609   000E60                     RXF12SIDH       equ	3680	;# 
   610   000E61                     RXF12SIDL       equ	3681	;# 
   611   000E62                     RXF12EIDH       equ	3682	;# 
   612   000E63                     RXF12EIDL       equ	3683	;# 
   613   000E64                     RXF13SIDH       equ	3684	;# 
   614   000E65                     RXF13SIDL       equ	3685	;# 
   615   000E66                     RXF13EIDH       equ	3686	;# 
   616   000E67                     RXF13EIDL       equ	3687	;# 
   617   000E68                     RXF14SIDH       equ	3688	;# 
   618   000E69                     RXF14SIDL       equ	3689	;# 
   619   000E6A                     RXF14EIDH       equ	3690	;# 
   620   000E6B                     RXF14EIDL       equ	3691	;# 
   621   000E6C                     RXF15SIDH       equ	3692	;# 
   622   000E6D                     RXF15SIDL       equ	3693	;# 
   623   000E6E                     RXF15EIDH       equ	3694	;# 
   624   000E6F                     RXF15EIDL       equ	3695	;# 
   625   000E70                     SDFLC           equ	3696	;# 
   626   000E71                     RXFBCON0        equ	3697	;# 
   627   000E72                     RXFBCON1        equ	3698	;# 
   628   000E73                     RXFBCON2        equ	3699	;# 
   629   000E74                     RXFBCON3        equ	3700	;# 
   630   000E75                     RXFBCON4        equ	3701	;# 
   631   000E76                     RXFBCON5        equ	3702	;# 
   632   000E77                     RXFBCON6        equ	3703	;# 
   633   000E78                     RXFBCON7        equ	3704	;# 
   634   000E79                     MSEL0           equ	3705	;# 
   635   000E7A                     MSEL1           equ	3706	;# 
   636   000E7B                     MSEL2           equ	3707	;# 
   637   000E7C                     MSEL3           equ	3708	;# 
   638   000E7D                     BSEL0           equ	3709	;# 
   639   000E7E                     BIE0            equ	3710	;# 
   640   000E7F                     TXBIE           equ	3711	;# 
   641   000E80                     B0CON           equ	3712	;# 
   642   000E81                     B0SIDH          equ	3713	;# 
   643   000E82                     B0SIDL          equ	3714	;# 
   644   000E83                     B0EIDH          equ	3715	;# 
   645   000E84                     B0EIDL          equ	3716	;# 
   646   000E85                     B0DLC           equ	3717	;# 
   647   000E86                     B0D0            equ	3718	;# 
   648   000E87                     B0D1            equ	3719	;# 
   649   000E88                     B0D2            equ	3720	;# 
   650   000E89                     B0D3            equ	3721	;# 
   651   000E8A                     B0D4            equ	3722	;# 
   652   000E8B                     B0D5            equ	3723	;# 
   653   000E8C                     B0D6            equ	3724	;# 
   654   000E8D                     B0D7            equ	3725	;# 
   655   000E8E                     CANSTAT_RO9     equ	3726	;# 
   656   000E8F                     CANCON_RO9      equ	3727	;# 
   657   000E90                     B1CON           equ	3728	;# 
   658   000E91                     B1SIDH          equ	3729	;# 
   659   000E92                     B1SIDL          equ	3730	;# 
   660   000E93                     B1EIDH          equ	3731	;# 
   661   000E94                     B1EIDL          equ	3732	;# 
   662   000E95                     B1DLC           equ	3733	;# 
   663   000E96                     B1D0            equ	3734	;# 
   664   000E97                     B1D1            equ	3735	;# 
   665   000E98                     B1D2            equ	3736	;# 
   666   000E99                     B1D3            equ	3737	;# 
   667   000E9A                     B1D4            equ	3738	;# 
   668   000E9B                     B1D5            equ	3739	;# 
   669   000E9C                     B1D6            equ	3740	;# 
   670   000E9D                     B1D7            equ	3741	;# 
   671   000E9E                     CANSTAT_RO8     equ	3742	;# 
   672   000E9F                     CANCON_RO8      equ	3743	;# 
   673   000EA0                     B2CON           equ	3744	;# 
   674   000EA1                     B2SIDH          equ	3745	;# 
   675   000EA2                     B2SIDL          equ	3746	;# 
   676   000EA3                     B2EIDH          equ	3747	;# 
   677   000EA4                     B2EIDL          equ	3748	;# 
   678   000EA5                     B2DLC           equ	3749	;# 
   679   000EA6                     B2D0            equ	3750	;# 
   680   000EA7                     B2D1            equ	3751	;# 
   681   000EA8                     B2D2            equ	3752	;# 
   682   000EA9                     B2D3            equ	3753	;# 
   683   000EAA                     B2D4            equ	3754	;# 
   684   000EAB                     B2D5            equ	3755	;# 
   685   000EAC                     B2D6            equ	3756	;# 
   686   000EAD                     B2D7            equ	3757	;# 
   687   000EAE                     CANSTAT_RO7     equ	3758	;# 
   688   000EAF                     CANCON_RO7      equ	3759	;# 
   689   000EB0                     B3CON           equ	3760	;# 
   690   000EB1                     B3SIDH          equ	3761	;# 
   691   000EB2                     B3SIDL          equ	3762	;# 
   692   000EB3                     B3EIDH          equ	3763	;# 
   693   000EB4                     B3EIDL          equ	3764	;# 
   694   000EB5                     B3DLC           equ	3765	;# 
   695   000EB6                     B3D0            equ	3766	;# 
   696   000EB7                     B3D1            equ	3767	;# 
   697   000EB8                     B3D2            equ	3768	;# 
   698   000EB9                     B3D3            equ	3769	;# 
   699   000EBA                     B3D4            equ	3770	;# 
   700   000EBB                     B3D5            equ	3771	;# 
   701   000EBC                     B3D6            equ	3772	;# 
   702   000EBD                     B3D7            equ	3773	;# 
   703   000EBE                     CANSTAT_RO6     equ	3774	;# 
   704   000EBF                     CANCON_RO6      equ	3775	;# 
   705   000EC0                     B4CON           equ	3776	;# 
   706   000EC1                     B4SIDH          equ	3777	;# 
   707   000EC2                     B4SIDL          equ	3778	;# 
   708   000EC3                     B4EIDH          equ	3779	;# 
   709   000EC4                     B4EIDL          equ	3780	;# 
   710   000EC5                     B4DLC           equ	3781	;# 
   711   000EC6                     B4D0            equ	3782	;# 
   712   000EC7                     B4D1            equ	3783	;# 
   713   000EC8                     B4D2            equ	3784	;# 
   714   000EC9                     B4D3            equ	3785	;# 
   715   000ECA                     B4D4            equ	3786	;# 
   716   000ECB                     B4D5            equ	3787	;# 
   717   000ECC                     B4D6            equ	3788	;# 
   718   000ECD                     B4D7            equ	3789	;# 
   719   000ECE                     CANSTAT_RO5     equ	3790	;# 
   720   000ECF                     CANCON_RO5      equ	3791	;# 
   721   000ED0                     B5CON           equ	3792	;# 
   722   000ED1                     B5SIDH          equ	3793	;# 
   723   000ED2                     B5SIDL          equ	3794	;# 
   724   000ED3                     B5EIDH          equ	3795	;# 
   725   000ED4                     B5EIDL          equ	3796	;# 
   726   000ED5                     B5DLC           equ	3797	;# 
   727   000ED6                     B5D0            equ	3798	;# 
   728   000ED7                     B5D1            equ	3799	;# 
   729   000ED8                     B5D2            equ	3800	;# 
   730   000ED9                     B5D3            equ	3801	;# 
   731   000EDA                     B5D4            equ	3802	;# 
   732   000EDB                     B5D5            equ	3803	;# 
   733   000EDC                     B5D6            equ	3804	;# 
   734   000EDD                     B5D7            equ	3805	;# 
   735   000EDE                     CANSTAT_RO4     equ	3806	;# 
   736   000EDF                     CANCON_RO4      equ	3807	;# 
   737   000EE0                     RXF0SIDH        equ	3808	;# 
   738   000EE1                     RXF0SIDL        equ	3809	;# 
   739   000EE2                     RXF0EIDH        equ	3810	;# 
   740   000EE3                     RXF0EIDL        equ	3811	;# 
   741   000EE4                     RXF1SIDH        equ	3812	;# 
   742   000EE5                     RXF1SIDL        equ	3813	;# 
   743   000EE6                     RXF1EIDH        equ	3814	;# 
   744   000EE7                     RXF1EIDL        equ	3815	;# 
   745   000EE8                     RXF2SIDH        equ	3816	;# 
   746   000EE9                     RXF2SIDL        equ	3817	;# 
   747   000EEA                     RXF2EIDH        equ	3818	;# 
   748   000EEB                     RXF2EIDL        equ	3819	;# 
   749   000EEC                     RXF3SIDH        equ	3820	;# 
   750   000EED                     RXF3SIDL        equ	3821	;# 
   751   000EEE                     RXF3EIDH        equ	3822	;# 
   752   000EEF                     RXF3EIDL        equ	3823	;# 
   753   000EF0                     RXF4SIDH        equ	3824	;# 
   754   000EF1                     RXF4SIDL        equ	3825	;# 
   755   000EF2                     RXF4EIDH        equ	3826	;# 
   756   000EF3                     RXF4EIDL        equ	3827	;# 
   757   000EF4                     RXF5SIDH        equ	3828	;# 
   758   000EF5                     RXF5SIDL        equ	3829	;# 
   759   000EF6                     RXF5EIDH        equ	3830	;# 
   760   000EF7                     RXF5EIDL        equ	3831	;# 
   761   000EF8                     RXM0SIDH        equ	3832	;# 
   762   000EF9                     RXM0SIDL        equ	3833	;# 
   763   000EFA                     RXM0EIDH        equ	3834	;# 
   764   000EFB                     RXM0EIDL        equ	3835	;# 
   765   000EFC                     RXM1SIDH        equ	3836	;# 
   766   000EFD                     RXM1SIDL        equ	3837	;# 
   767   000EFE                     RXM1EIDH        equ	3838	;# 
   768   000EFF                     RXM1EIDL        equ	3839	;# 
   769   000F00                     TXB2CON         equ	3840	;# 
   770   000F01                     TXB2SIDH        equ	3841	;# 
   771   000F02                     TXB2SIDL        equ	3842	;# 
   772   000F03                     TXB2EIDH        equ	3843	;# 
   773   000F04                     TXB2EIDL        equ	3844	;# 
   774   000F05                     TXB2DLC         equ	3845	;# 
   775   000F06                     TXB2D0          equ	3846	;# 
   776   000F07                     TXB2D1          equ	3847	;# 
   777   000F08                     TXB2D2          equ	3848	;# 
   778   000F09                     TXB2D3          equ	3849	;# 
   779   000F0A                     TXB2D4          equ	3850	;# 
   780   000F0B                     TXB2D5          equ	3851	;# 
   781   000F0C                     TXB2D6          equ	3852	;# 
   782   000F0D                     TXB2D7          equ	3853	;# 
   783   000F0E                     CANSTAT_RO3     equ	3854	;# 
   784   000F0F                     CANCON_RO3      equ	3855	;# 
   785   000F10                     TXB1CON         equ	3856	;# 
   786   000F11                     TXB1SIDH        equ	3857	;# 
   787   000F12                     TXB1SIDL        equ	3858	;# 
   788   000F13                     TXB1EIDH        equ	3859	;# 
   789   000F14                     TXB1EIDL        equ	3860	;# 
   790   000F15                     TXB1DLC         equ	3861	;# 
   791   000F16                     TXB1D0          equ	3862	;# 
   792   000F17                     TXB1D1          equ	3863	;# 
   793   000F18                     TXB1D2          equ	3864	;# 
   794   000F19                     TXB1D3          equ	3865	;# 
   795   000F1A                     TXB1D4          equ	3866	;# 
   796   000F1B                     TXB1D5          equ	3867	;# 
   797   000F1C                     TXB1D6          equ	3868	;# 
   798   000F1D                     TXB1D7          equ	3869	;# 
   799   000F1E                     CANSTAT_RO2     equ	3870	;# 
   800   000F1F                     CANCON_RO2      equ	3871	;# 
   801   000F20                     TXB0CON         equ	3872	;# 
   802   000F21                     TXB0SIDH        equ	3873	;# 
   803   000F22                     TXB0SIDL        equ	3874	;# 
   804   000F23                     TXB0EIDH        equ	3875	;# 
   805   000F24                     TXB0EIDL        equ	3876	;# 
   806   000F25                     TXB0DLC         equ	3877	;# 
   807   000F26                     TXB0D0          equ	3878	;# 
   808   000F27                     TXB0D1          equ	3879	;# 
   809   000F28                     TXB0D2          equ	3880	;# 
   810   000F29                     TXB0D3          equ	3881	;# 
   811   000F2A                     TXB0D4          equ	3882	;# 
   812   000F2B                     TXB0D5          equ	3883	;# 
   813   000F2C                     TXB0D6          equ	3884	;# 
   814   000F2D                     TXB0D7          equ	3885	;# 
   815   000F2E                     CANSTAT_RO1     equ	3886	;# 
   816   000F2F                     CANCON_RO1      equ	3887	;# 
   817   000F30                     RXB1CON         equ	3888	;# 
   818   000F31                     RXB1SIDH        equ	3889	;# 
   819   000F32                     RXB1SIDL        equ	3890	;# 
   820   000F33                     RXB1EIDH        equ	3891	;# 
   821   000F34                     RXB1EIDL        equ	3892	;# 
   822   000F35                     RXB1DLC         equ	3893	;# 
   823   000F36                     RXB1D0          equ	3894	;# 
   824   000F37                     RXB1D1          equ	3895	;# 
   825   000F38                     RXB1D2          equ	3896	;# 
   826   000F39                     RXB1D3          equ	3897	;# 
   827   000F3A                     RXB1D4          equ	3898	;# 
   828   000F3B                     RXB1D5          equ	3899	;# 
   829   000F3C                     RXB1D6          equ	3900	;# 
   830   000F3D                     RXB1D7          equ	3901	;# 
   831   000F3E                     CANSTAT_RO0     equ	3902	;# 
   832   000F3F                     CANCON_RO0      equ	3903	;# 
   833   000F47                     CCP5CON         equ	3911	;# 
   834   000F48                     CCPR5           equ	3912	;# 
   835   000F48                     CCPR5L          equ	3912	;# 
   836   000F49                     CCPR5H          equ	3913	;# 
   837   000F4A                     CCP4CON         equ	3914	;# 
   838   000F4B                     CCPR4           equ	3915	;# 
   839   000F4B                     CCPR4L          equ	3915	;# 
   840   000F4C                     CCPR4H          equ	3916	;# 
   841   000F4D                     CCP3CON         equ	3917	;# 
   842   000F4E                     CCPR3           equ	3918	;# 
   843   000F4E                     CCPR3L          equ	3918	;# 
   844   000F4F                     CCPR3H          equ	3919	;# 
   845   000F50                     CCP2CON         equ	3920	;# 
   846   000F50                     ECCP2CON        equ	3920	;# 
   847   000F51                     CCPR2           equ	3921	;# 
   848   000F51                     CCPR2L          equ	3921	;# 
   849   000F52                     CCPR2H          equ	3922	;# 
   850   000F53                     CTMUICON        equ	3923	;# 
   851   000F54                     CTMUCONL        equ	3924	;# 
   852   000F55                     CTMUCONH        equ	3925	;# 
   853   000F56                     PADCFG1         equ	3926	;# 
   854   000F57                     PMD2            equ	3927	;# 
   855   000F58                     PMD1            equ	3928	;# 
   856   000F59                     PMD0            equ	3929	;# 
   857   000F5A                     IOCB            equ	3930	;# 
   858   000F5B                     WPUB            equ	3931	;# 
   859   000F5C                     ANCON1          equ	3932	;# 
   860   000F5D                     ANCON0          equ	3933	;# 
   861   000F5E                     CM2CON          equ	3934	;# 
   862   000F5E                     CM2CON1         equ	3934	;# 
   863   000F5F                     CM1CON          equ	3935	;# 
   864   000F5F                     CM1CON1         equ	3935	;# 
   865   000F60                     RXB0CON         equ	3936	;# 
   866   000F61                     RXB0SIDH        equ	3937	;# 
   867   000F62                     RXB0SIDL        equ	3938	;# 
   868   000F63                     RXB0EIDH        equ	3939	;# 
   869   000F64                     RXB0EIDL        equ	3940	;# 
   870   000F65                     RXB0DLC         equ	3941	;# 
   871   000F66                     RXB0D0          equ	3942	;# 
   872   000F67                     RXB0D1          equ	3943	;# 
   873   000F68                     RXB0D2          equ	3944	;# 
   874   000F69                     RXB0D3          equ	3945	;# 
   875   000F6A                     RXB0D4          equ	3946	;# 
   876   000F6B                     RXB0D5          equ	3947	;# 
   877   000F6C                     RXB0D6          equ	3948	;# 
   878   000F6D                     RXB0D7          equ	3949	;# 
   879   000F6E                     CANSTAT         equ	3950	;# 
   880   000F6F                     CANCON          equ	3951	;# 
   881   000F70                     CIOCON          equ	3952	;# 
   882   000F71                     COMSTAT         equ	3953	;# 
   883   000F72                     ECANCON         equ	3954	;# 
   884   000F73                     EEDATA          equ	3955	;# 
   885   000F74                     EEADR           equ	3956	;# 
   886   000F75                     EEADRH          equ	3957	;# 
   887   000F76                     PIE5            equ	3958	;# 
   888   000F77                     PIR5            equ	3959	;# 
   889   000F78                     IPR5            equ	3960	;# 
   890   000F79                     TXREG2          equ	3961	;# 
   891   000F7A                     RCREG2          equ	3962	;# 
   892   000F7B                     SPBRG2          equ	3963	;# 
   893   000F7C                     SPBRGH2         equ	3964	;# 
   894   000F7D                     SPBRGH1         equ	3965	;# 
   895   000F7E                     EECON2          equ	3966	;# 
   896   000F7F                     EECON1          equ	3967	;# 
   897   000F80                     PORTA           equ	3968	;# 
   898   000F81                     PORTB           equ	3969	;# 
   899   000F82                     PORTC           equ	3970	;# 
   900   000F84                     PORTE           equ	3972	;# 
   901   000F87                     TMR4            equ	3975	;# 
   902   000F88                     T4CON           equ	3976	;# 
   903   000F89                     LATA            equ	3977	;# 
   904   000F8A                     LATB            equ	3978	;# 
   905   000F8B                     LATC            equ	3979	;# 
   906   000F90                     SLRCON          equ	3984	;# 
   907   000F91                     ODCON           equ	3985	;# 
   908   000F92                     TRISA           equ	3986	;# 
   909   000F93                     TRISB           equ	3987	;# 
   910   000F94                     TRISC           equ	3988	;# 
   911   000F99                     CCPTMRS         equ	3993	;# 
   912   000F9A                     REFOCON         equ	3994	;# 
   913   000F9B                     OSCTUNE         equ	3995	;# 
   914   000F9C                     PSTR1CON        equ	3996	;# 
   915   000F9D                     PIE1            equ	3997	;# 
   916   000F9E                     PIR1            equ	3998	;# 
   917   000F9F                     IPR1            equ	3999	;# 
   918   000FA0                     PIE2            equ	4000	;# 
   919   000FA1                     PIR2            equ	4001	;# 
   920   000FA2                     IPR2            equ	4002	;# 
   921   000FA3                     PIE3            equ	4003	;# 
   922   000FA4                     PIR3            equ	4004	;# 
   923   000FA5                     IPR3            equ	4005	;# 
   924   000FA6                     RCSTA2          equ	4006	;# 
   925   000FA7                     BAUDCON1        equ	4007	;# 
   926   000FA8                     HLVDCON         equ	4008	;# 
   927   000FA9                     PR4             equ	4009	;# 
   928   000FAA                     T1GCON          equ	4010	;# 
   929   000FAB                     RCSTA1          equ	4011	;# 
   930   000FAB                     RCSTA           equ	4011	;# 
   931   000FAC                     TXSTA1          equ	4012	;# 
   932   000FAC                     TXSTA           equ	4012	;# 
   933   000FAD                     TXREG1          equ	4013	;# 
   934   000FAD                     TXREG           equ	4013	;# 
   935   000FAE                     RCREG1          equ	4014	;# 
   936   000FAE                     RCREG           equ	4014	;# 
   937   000FAF                     SPBRG1          equ	4015	;# 
   938   000FAF                     SPBRG           equ	4015	;# 
   939   000FB0                     T3GCON          equ	4016	;# 
   940   000FB1                     T3CON           equ	4017	;# 
   941   000FB2                     TMR3            equ	4018	;# 
   942   000FB2                     TMR3L           equ	4018	;# 
   943   000FB3                     TMR3H           equ	4019	;# 
   944   000FB4                     CMSTAT          equ	4020	;# 
   945   000FB4                     CMSTATUS        equ	4020	;# 
   946   000FB5                     CVRCON          equ	4021	;# 
   947   000FB6                     PIE4            equ	4022	;# 
   948   000FB7                     PIR4            equ	4023	;# 
   949   000FB8                     IPR4            equ	4024	;# 
   950   000FB9                     BAUDCON2        equ	4025	;# 
   951   000FBA                     TXSTA2          equ	4026	;# 
   952   000FBB                     CCP1CON         equ	4027	;# 
   953   000FBB                     ECCP1CON        equ	4027	;# 
   954   000FBC                     CCPR1           equ	4028	;# 
   955   000FBC                     CCPR1L          equ	4028	;# 
   956   000FBD                     CCPR1H          equ	4029	;# 
   957   000FBE                     ECCP1DEL        equ	4030	;# 
   958   000FBE                     PWM1CON         equ	4030	;# 
   959   000FBF                     ECCP1AS         equ	4031	;# 
   960   000FC0                     ADCON2          equ	4032	;# 
   961   000FC1                     ADCON1          equ	4033	;# 
   962   000FC2                     ADCON0          equ	4034	;# 
   963   000FC3                     ADRES           equ	4035	;# 
   964   000FC3                     ADRESL          equ	4035	;# 
   965   000FC4                     ADRESH          equ	4036	;# 
   966   000FC5                     SSPCON2         equ	4037	;# 
   967   000FC6                     SSPCON1         equ	4038	;# 
   968   000FC7                     SSPSTAT         equ	4039	;# 
   969   000FC8                     SSPADD          equ	4040	;# 
   970   000FC9                     SSPBUF          equ	4041	;# 
   971   000FCA                     T2CON           equ	4042	;# 
   972   000FCB                     PR2             equ	4043	;# 
   973   000FCB                     MEMCON          equ	4043	;# 
   974   000FCC                     TMR2            equ	4044	;# 
   975   000FCD                     T1CON           equ	4045	;# 
   976   000FCE                     TMR1            equ	4046	;# 
   977   000FCE                     TMR1L           equ	4046	;# 
   978   000FCF                     TMR1H           equ	4047	;# 
   979   000FD0                     RCON            equ	4048	;# 
   980   000FD1                     WDTCON          equ	4049	;# 
   981   000FD2                     OSCCON2         equ	4050	;# 
   982   000FD3                     OSCCON          equ	4051	;# 
   983   000FD5                     T0CON           equ	4053	;# 
   984   000FD6                     TMR0            equ	4054	;# 
   985   000FD6                     TMR0L           equ	4054	;# 
   986   000FD7                     TMR0H           equ	4055	;# 
   987   000FD8                     STATUS          equ	4056	;# 
   988   000FD9                     FSR2            equ	4057	;# 
   989   000FD9                     FSR2L           equ	4057	;# 
   990   000FDA                     FSR2H           equ	4058	;# 
   991   000FDB                     PLUSW2          equ	4059	;# 
   992   000FDC                     PREINC2         equ	4060	;# 
   993   000FDD                     POSTDEC2        equ	4061	;# 
   994   000FDE                     POSTINC2        equ	4062	;# 
   995   000FDF                     INDF2           equ	4063	;# 
   996   000FE0                     BSR             equ	4064	;# 
   997   000FE1                     FSR1            equ	4065	;# 
   998   000FE1                     FSR1L           equ	4065	;# 
   999   000FE2                     FSR1H           equ	4066	;# 
  1000   000FE3                     PLUSW1          equ	4067	;# 
  1001   000FE4                     PREINC1         equ	4068	;# 
  1002   000FE5                     POSTDEC1        equ	4069	;# 
  1003   000FE6                     POSTINC1        equ	4070	;# 
  1004   000FE7                     INDF1           equ	4071	;# 
  1005   000FE8                     WREG            equ	4072	;# 
  1006   000FE9                     FSR0            equ	4073	;# 
  1007   000FE9                     FSR0L           equ	4073	;# 
  1008   000FEA                     FSR0H           equ	4074	;# 
  1009   000FEB                     PLUSW0          equ	4075	;# 
  1010   000FEC                     PREINC0         equ	4076	;# 
  1011   000FED                     POSTDEC0        equ	4077	;# 
  1012   000FEE                     POSTINC0        equ	4078	;# 
  1013   000FEF                     INDF0           equ	4079	;# 
  1014   000FF0                     INTCON3         equ	4080	;# 
  1015   000FF1                     INTCON2         equ	4081	;# 
  1016   000FF2                     INTCON          equ	4082	;# 
  1017   000FF2                     INTCON1         equ	4082	;# 
  1018   000FF3                     PROD            equ	4083	;# 
  1019   000FF3                     PRODL           equ	4083	;# 
  1020   000FF4                     PRODH           equ	4084	;# 
  1021   000FF5                     TABLAT          equ	4085	;# 
  1022   000FF6                     TBLPTR          equ	4086	;# 
  1023   000FF6                     TBLPTRL         equ	4086	;# 
  1024   000FF7                     TBLPTRH         equ	4087	;# 
  1025   000FF8                     TBLPTRU         equ	4088	;# 
  1026   000FF9                     PCLAT           equ	4089	;# 
  1027   000FF9                     PC              equ	4089	;# 
  1028   000FF9                     PCL             equ	4089	;# 
  1029   000FFA                     PCLATH          equ	4090	;# 
  1030   000FFB                     PCLATU          equ	4091	;# 
  1031   000FFC                     STKPTR          equ	4092	;# 
  1032   000FFD                     TOS             equ	4093	;# 
  1033   000FFD                     TOSL            equ	4093	;# 
  1034   000FFE                     TOSH            equ	4094	;# 
  1035   000FFF                     TOSU            equ	4095	;# 
  1036   000E41                     RXERRCNT        equ	3649	;# 
  1037   000E42                     TXERRCNT        equ	3650	;# 
  1038   000E43                     BRGCON1         equ	3651	;# 
  1039   000E44                     BRGCON2         equ	3652	;# 
  1040   000E45                     BRGCON3         equ	3653	;# 
  1041   000E46                     RXFCON0         equ	3654	;# 
  1042   000E47                     RXFCON1         equ	3655	;# 
  1043   000E48                     RXF6SIDH        equ	3656	;# 
  1044   000E49                     RXF6SIDL        equ	3657	;# 
  1045   000E4A                     RXF6EIDH        equ	3658	;# 
  1046   000E4B                     RXF6EIDL        equ	3659	;# 
  1047   000E4C                     RXF7SIDH        equ	3660	;# 
  1048   000E4D                     RXF7SIDL        equ	3661	;# 
  1049   000E4E                     RXF7EIDH        equ	3662	;# 
  1050   000E4F                     RXF7EIDL        equ	3663	;# 
  1051   000E50                     RXF8SIDH        equ	3664	;# 
  1052   000E51                     RXF8SIDL        equ	3665	;# 
  1053   000E52                     RXF8EIDH        equ	3666	;# 
  1054   000E53                     RXF8EIDL        equ	3667	;# 
  1055   000E54                     RXF9SIDH        equ	3668	;# 
  1056   000E55                     RXF9SIDL        equ	3669	;# 
  1057   000E56                     RXF9EIDH        equ	3670	;# 
  1058   000E57                     RXF9EIDL        equ	3671	;# 
  1059   000E58                     RXF10SIDH       equ	3672	;# 
  1060   000E59                     RXF10SIDL       equ	3673	;# 
  1061   000E5A                     RXF10EIDH       equ	3674	;# 
  1062   000E5B                     RXF10EIDL       equ	3675	;# 
  1063   000E5C                     RXF11SIDH       equ	3676	;# 
  1064   000E5D                     RXF11SIDL       equ	3677	;# 
  1065   000E5E                     RXF11EIDH       equ	3678	;# 
  1066   000E5F                     RXF11EIDL       equ	3679	;# 
  1067   000E60                     RXF12SIDH       equ	3680	;# 
  1068   000E61                     RXF12SIDL       equ	3681	;# 
  1069   000E62                     RXF12EIDH       equ	3682	;# 
  1070   000E63                     RXF12EIDL       equ	3683	;# 
  1071   000E64                     RXF13SIDH       equ	3684	;# 
  1072   000E65                     RXF13SIDL       equ	3685	;# 
  1073   000E66                     RXF13EIDH       equ	3686	;# 
  1074   000E67                     RXF13EIDL       equ	3687	;# 
  1075   000E68                     RXF14SIDH       equ	3688	;# 
  1076   000E69                     RXF14SIDL       equ	3689	;# 
  1077   000E6A                     RXF14EIDH       equ	3690	;# 
  1078   000E6B                     RXF14EIDL       equ	3691	;# 
  1079   000E6C                     RXF15SIDH       equ	3692	;# 
  1080   000E6D                     RXF15SIDL       equ	3693	;# 
  1081   000E6E                     RXF15EIDH       equ	3694	;# 
  1082   000E6F                     RXF15EIDL       equ	3695	;# 
  1083   000E70                     SDFLC           equ	3696	;# 
  1084   000E71                     RXFBCON0        equ	3697	;# 
  1085   000E72                     RXFBCON1        equ	3698	;# 
  1086   000E73                     RXFBCON2        equ	3699	;# 
  1087   000E74                     RXFBCON3        equ	3700	;# 
  1088   000E75                     RXFBCON4        equ	3701	;# 
  1089   000E76                     RXFBCON5        equ	3702	;# 
  1090   000E77                     RXFBCON6        equ	3703	;# 
  1091   000E78                     RXFBCON7        equ	3704	;# 
  1092   000E79                     MSEL0           equ	3705	;# 
  1093   000E7A                     MSEL1           equ	3706	;# 
  1094   000E7B                     MSEL2           equ	3707	;# 
  1095   000E7C                     MSEL3           equ	3708	;# 
  1096   000E7D                     BSEL0           equ	3709	;# 
  1097   000E7E                     BIE0            equ	3710	;# 
  1098   000E7F                     TXBIE           equ	3711	;# 
  1099   000E80                     B0CON           equ	3712	;# 
  1100   000E81                     B0SIDH          equ	3713	;# 
  1101   000E82                     B0SIDL          equ	3714	;# 
  1102   000E83                     B0EIDH          equ	3715	;# 
  1103   000E84                     B0EIDL          equ	3716	;# 
  1104   000E85                     B0DLC           equ	3717	;# 
  1105   000E86                     B0D0            equ	3718	;# 
  1106   000E87                     B0D1            equ	3719	;# 
  1107   000E88                     B0D2            equ	3720	;# 
  1108   000E89                     B0D3            equ	3721	;# 
  1109   000E8A                     B0D4            equ	3722	;# 
  1110   000E8B                     B0D5            equ	3723	;# 
  1111   000E8C                     B0D6            equ	3724	;# 
  1112   000E8D                     B0D7            equ	3725	;# 
  1113   000E8E                     CANSTAT_RO9     equ	3726	;# 
  1114   000E8F                     CANCON_RO9      equ	3727	;# 
  1115   000E90                     B1CON           equ	3728	;# 
  1116   000E91                     B1SIDH          equ	3729	;# 
  1117   000E92                     B1SIDL          equ	3730	;# 
  1118   000E93                     B1EIDH          equ	3731	;# 
  1119   000E94                     B1EIDL          equ	3732	;# 
  1120   000E95                     B1DLC           equ	3733	;# 
  1121   000E96                     B1D0            equ	3734	;# 
  1122   000E97                     B1D1            equ	3735	;# 
  1123   000E98                     B1D2            equ	3736	;# 
  1124   000E99                     B1D3            equ	3737	;# 
  1125   000E9A                     B1D4            equ	3738	;# 
  1126   000E9B                     B1D5            equ	3739	;# 
  1127   000E9C                     B1D6            equ	3740	;# 
  1128   000E9D                     B1D7            equ	3741	;# 
  1129   000E9E                     CANSTAT_RO8     equ	3742	;# 
  1130   000E9F                     CANCON_RO8      equ	3743	;# 
  1131   000EA0                     B2CON           equ	3744	;# 
  1132   000EA1                     B2SIDH          equ	3745	;# 
  1133   000EA2                     B2SIDL          equ	3746	;# 
  1134   000EA3                     B2EIDH          equ	3747	;# 
  1135   000EA4                     B2EIDL          equ	3748	;# 
  1136   000EA5                     B2DLC           equ	3749	;# 
  1137   000EA6                     B2D0            equ	3750	;# 
  1138   000EA7                     B2D1            equ	3751	;# 
  1139   000EA8                     B2D2            equ	3752	;# 
  1140   000EA9                     B2D3            equ	3753	;# 
  1141   000EAA                     B2D4            equ	3754	;# 
  1142   000EAB                     B2D5            equ	3755	;# 
  1143   000EAC                     B2D6            equ	3756	;# 
  1144   000EAD                     B2D7            equ	3757	;# 
  1145   000EAE                     CANSTAT_RO7     equ	3758	;# 
  1146   000EAF                     CANCON_RO7      equ	3759	;# 
  1147   000EB0                     B3CON           equ	3760	;# 
  1148   000EB1                     B3SIDH          equ	3761	;# 
  1149   000EB2                     B3SIDL          equ	3762	;# 
  1150   000EB3                     B3EIDH          equ	3763	;# 
  1151   000EB4                     B3EIDL          equ	3764	;# 
  1152   000EB5                     B3DLC           equ	3765	;# 
  1153   000EB6                     B3D0            equ	3766	;# 
  1154   000EB7                     B3D1            equ	3767	;# 
  1155   000EB8                     B3D2            equ	3768	;# 
  1156   000EB9                     B3D3            equ	3769	;# 
  1157   000EBA                     B3D4            equ	3770	;# 
  1158   000EBB                     B3D5            equ	3771	;# 
  1159   000EBC                     B3D6            equ	3772	;# 
  1160   000EBD                     B3D7            equ	3773	;# 
  1161   000EBE                     CANSTAT_RO6     equ	3774	;# 
  1162   000EBF                     CANCON_RO6      equ	3775	;# 
  1163   000EC0                     B4CON           equ	3776	;# 
  1164   000EC1                     B4SIDH          equ	3777	;# 
  1165   000EC2                     B4SIDL          equ	3778	;# 
  1166   000EC3                     B4EIDH          equ	3779	;# 
  1167   000EC4                     B4EIDL          equ	3780	;# 
  1168   000EC5                     B4DLC           equ	3781	;# 
  1169   000EC6                     B4D0            equ	3782	;# 
  1170   000EC7                     B4D1            equ	3783	;# 
  1171   000EC8                     B4D2            equ	3784	;# 
  1172   000EC9                     B4D3            equ	3785	;# 
  1173   000ECA                     B4D4            equ	3786	;# 
  1174   000ECB                     B4D5            equ	3787	;# 
  1175   000ECC                     B4D6            equ	3788	;# 
  1176   000ECD                     B4D7            equ	3789	;# 
  1177   000ECE                     CANSTAT_RO5     equ	3790	;# 
  1178   000ECF                     CANCON_RO5      equ	3791	;# 
  1179   000ED0                     B5CON           equ	3792	;# 
  1180   000ED1                     B5SIDH          equ	3793	;# 
  1181   000ED2                     B5SIDL          equ	3794	;# 
  1182   000ED3                     B5EIDH          equ	3795	;# 
  1183   000ED4                     B5EIDL          equ	3796	;# 
  1184   000ED5                     B5DLC           equ	3797	;# 
  1185   000ED6                     B5D0            equ	3798	;# 
  1186   000ED7                     B5D1            equ	3799	;# 
  1187   000ED8                     B5D2            equ	3800	;# 
  1188   000ED9                     B5D3            equ	3801	;# 
  1189   000EDA                     B5D4            equ	3802	;# 
  1190   000EDB                     B5D5            equ	3803	;# 
  1191   000EDC                     B5D6            equ	3804	;# 
  1192   000EDD                     B5D7            equ	3805	;# 
  1193   000EDE                     CANSTAT_RO4     equ	3806	;# 
  1194   000EDF                     CANCON_RO4      equ	3807	;# 
  1195   000EE0                     RXF0SIDH        equ	3808	;# 
  1196   000EE1                     RXF0SIDL        equ	3809	;# 
  1197   000EE2                     RXF0EIDH        equ	3810	;# 
  1198   000EE3                     RXF0EIDL        equ	3811	;# 
  1199   000EE4                     RXF1SIDH        equ	3812	;# 
  1200   000EE5                     RXF1SIDL        equ	3813	;# 
  1201   000EE6                     RXF1EIDH        equ	3814	;# 
  1202   000EE7                     RXF1EIDL        equ	3815	;# 
  1203   000EE8                     RXF2SIDH        equ	3816	;# 
  1204   000EE9                     RXF2SIDL        equ	3817	;# 
  1205   000EEA                     RXF2EIDH        equ	3818	;# 
  1206   000EEB                     RXF2EIDL        equ	3819	;# 
  1207   000EEC                     RXF3SIDH        equ	3820	;# 
  1208   000EED                     RXF3SIDL        equ	3821	;# 
  1209   000EEE                     RXF3EIDH        equ	3822	;# 
  1210   000EEF                     RXF3EIDL        equ	3823	;# 
  1211   000EF0                     RXF4SIDH        equ	3824	;# 
  1212   000EF1                     RXF4SIDL        equ	3825	;# 
  1213   000EF2                     RXF4EIDH        equ	3826	;# 
  1214   000EF3                     RXF4EIDL        equ	3827	;# 
  1215   000EF4                     RXF5SIDH        equ	3828	;# 
  1216   000EF5                     RXF5SIDL        equ	3829	;# 
  1217   000EF6                     RXF5EIDH        equ	3830	;# 
  1218   000EF7                     RXF5EIDL        equ	3831	;# 
  1219   000EF8                     RXM0SIDH        equ	3832	;# 
  1220   000EF9                     RXM0SIDL        equ	3833	;# 
  1221   000EFA                     RXM0EIDH        equ	3834	;# 
  1222   000EFB                     RXM0EIDL        equ	3835	;# 
  1223   000EFC                     RXM1SIDH        equ	3836	;# 
  1224   000EFD                     RXM1SIDL        equ	3837	;# 
  1225   000EFE                     RXM1EIDH        equ	3838	;# 
  1226   000EFF                     RXM1EIDL        equ	3839	;# 
  1227   000F00                     TXB2CON         equ	3840	;# 
  1228   000F01                     TXB2SIDH        equ	3841	;# 
  1229   000F02                     TXB2SIDL        equ	3842	;# 
  1230   000F03                     TXB2EIDH        equ	3843	;# 
  1231   000F04                     TXB2EIDL        equ	3844	;# 
  1232   000F05                     TXB2DLC         equ	3845	;# 
  1233   000F06                     TXB2D0          equ	3846	;# 
  1234   000F07                     TXB2D1          equ	3847	;# 
  1235   000F08                     TXB2D2          equ	3848	;# 
  1236   000F09                     TXB2D3          equ	3849	;# 
  1237   000F0A                     TXB2D4          equ	3850	;# 
  1238   000F0B                     TXB2D5          equ	3851	;# 
  1239   000F0C                     TXB2D6          equ	3852	;# 
  1240   000F0D                     TXB2D7          equ	3853	;# 
  1241   000F0E                     CANSTAT_RO3     equ	3854	;# 
  1242   000F0F                     CANCON_RO3      equ	3855	;# 
  1243   000F10                     TXB1CON         equ	3856	;# 
  1244   000F11                     TXB1SIDH        equ	3857	;# 
  1245   000F12                     TXB1SIDL        equ	3858	;# 
  1246   000F13                     TXB1EIDH        equ	3859	;# 
  1247   000F14                     TXB1EIDL        equ	3860	;# 
  1248   000F15                     TXB1DLC         equ	3861	;# 
  1249   000F16                     TXB1D0          equ	3862	;# 
  1250   000F17                     TXB1D1          equ	3863	;# 
  1251   000F18                     TXB1D2          equ	3864	;# 
  1252   000F19                     TXB1D3          equ	3865	;# 
  1253   000F1A                     TXB1D4          equ	3866	;# 
  1254   000F1B                     TXB1D5          equ	3867	;# 
  1255   000F1C                     TXB1D6          equ	3868	;# 
  1256   000F1D                     TXB1D7          equ	3869	;# 
  1257   000F1E                     CANSTAT_RO2     equ	3870	;# 
  1258   000F1F                     CANCON_RO2      equ	3871	;# 
  1259   000F20                     TXB0CON         equ	3872	;# 
  1260   000F21                     TXB0SIDH        equ	3873	;# 
  1261   000F22                     TXB0SIDL        equ	3874	;# 
  1262   000F23                     TXB0EIDH        equ	3875	;# 
  1263   000F24                     TXB0EIDL        equ	3876	;# 
  1264   000F25                     TXB0DLC         equ	3877	;# 
  1265   000F26                     TXB0D0          equ	3878	;# 
  1266   000F27                     TXB0D1          equ	3879	;# 
  1267   000F28                     TXB0D2          equ	3880	;# 
  1268   000F29                     TXB0D3          equ	3881	;# 
  1269   000F2A                     TXB0D4          equ	3882	;# 
  1270   000F2B                     TXB0D5          equ	3883	;# 
  1271   000F2C                     TXB0D6          equ	3884	;# 
  1272   000F2D                     TXB0D7          equ	3885	;# 
  1273   000F2E                     CANSTAT_RO1     equ	3886	;# 
  1274   000F2F                     CANCON_RO1      equ	3887	;# 
  1275   000F30                     RXB1CON         equ	3888	;# 
  1276   000F31                     RXB1SIDH        equ	3889	;# 
  1277   000F32                     RXB1SIDL        equ	3890	;# 
  1278   000F33                     RXB1EIDH        equ	3891	;# 
  1279   000F34                     RXB1EIDL        equ	3892	;# 
  1280   000F35                     RXB1DLC         equ	3893	;# 
  1281   000F36                     RXB1D0          equ	3894	;# 
  1282   000F37                     RXB1D1          equ	3895	;# 
  1283   000F38                     RXB1D2          equ	3896	;# 
  1284   000F39                     RXB1D3          equ	3897	;# 
  1285   000F3A                     RXB1D4          equ	3898	;# 
  1286   000F3B                     RXB1D5          equ	3899	;# 
  1287   000F3C                     RXB1D6          equ	3900	;# 
  1288   000F3D                     RXB1D7          equ	3901	;# 
  1289   000F3E                     CANSTAT_RO0     equ	3902	;# 
  1290   000F3F                     CANCON_RO0      equ	3903	;# 
  1291   000F47                     CCP5CON         equ	3911	;# 
  1292   000F48                     CCPR5           equ	3912	;# 
  1293   000F48                     CCPR5L          equ	3912	;# 
  1294   000F49                     CCPR5H          equ	3913	;# 
  1295   000F4A                     CCP4CON         equ	3914	;# 
  1296   000F4B                     CCPR4           equ	3915	;# 
  1297   000F4B                     CCPR4L          equ	3915	;# 
  1298   000F4C                     CCPR4H          equ	3916	;# 
  1299   000F4D                     CCP3CON         equ	3917	;# 
  1300   000F4E                     CCPR3           equ	3918	;# 
  1301   000F4E                     CCPR3L          equ	3918	;# 
  1302   000F4F                     CCPR3H          equ	3919	;# 
  1303   000F50                     CCP2CON         equ	3920	;# 
  1304   000F50                     ECCP2CON        equ	3920	;# 
  1305   000F51                     CCPR2           equ	3921	;# 
  1306   000F51                     CCPR2L          equ	3921	;# 
  1307   000F52                     CCPR2H          equ	3922	;# 
  1308   000F53                     CTMUICON        equ	3923	;# 
  1309   000F54                     CTMUCONL        equ	3924	;# 
  1310   000F55                     CTMUCONH        equ	3925	;# 
  1311   000F56                     PADCFG1         equ	3926	;# 
  1312   000F57                     PMD2            equ	3927	;# 
  1313   000F58                     PMD1            equ	3928	;# 
  1314   000F59                     PMD0            equ	3929	;# 
  1315   000F5A                     IOCB            equ	3930	;# 
  1316   000F5B                     WPUB            equ	3931	;# 
  1317   000F5C                     ANCON1          equ	3932	;# 
  1318   000F5D                     ANCON0          equ	3933	;# 
  1319   000F5E                     CM2CON          equ	3934	;# 
  1320   000F5E                     CM2CON1         equ	3934	;# 
  1321   000F5F                     CM1CON          equ	3935	;# 
  1322   000F5F                     CM1CON1         equ	3935	;# 
  1323   000F60                     RXB0CON         equ	3936	;# 
  1324   000F61                     RXB0SIDH        equ	3937	;# 
  1325   000F62                     RXB0SIDL        equ	3938	;# 
  1326   000F63                     RXB0EIDH        equ	3939	;# 
  1327   000F64                     RXB0EIDL        equ	3940	;# 
  1328   000F65                     RXB0DLC         equ	3941	;# 
  1329   000F66                     RXB0D0          equ	3942	;# 
  1330   000F67                     RXB0D1          equ	3943	;# 
  1331   000F68                     RXB0D2          equ	3944	;# 
  1332   000F69                     RXB0D3          equ	3945	;# 
  1333   000F6A                     RXB0D4          equ	3946	;# 
  1334   000F6B                     RXB0D5          equ	3947	;# 
  1335   000F6C                     RXB0D6          equ	3948	;# 
  1336   000F6D                     RXB0D7          equ	3949	;# 
  1337   000F6E                     CANSTAT         equ	3950	;# 
  1338   000F6F                     CANCON          equ	3951	;# 
  1339   000F70                     CIOCON          equ	3952	;# 
  1340   000F71                     COMSTAT         equ	3953	;# 
  1341   000F72                     ECANCON         equ	3954	;# 
  1342   000F73                     EEDATA          equ	3955	;# 
  1343   000F74                     EEADR           equ	3956	;# 
  1344   000F75                     EEADRH          equ	3957	;# 
  1345   000F76                     PIE5            equ	3958	;# 
  1346   000F77                     PIR5            equ	3959	;# 
  1347   000F78                     IPR5            equ	3960	;# 
  1348   000F79                     TXREG2          equ	3961	;# 
  1349   000F7A                     RCREG2          equ	3962	;# 
  1350   000F7B                     SPBRG2          equ	3963	;# 
  1351   000F7C                     SPBRGH2         equ	3964	;# 
  1352   000F7D                     SPBRGH1         equ	3965	;# 
  1353   000F7E                     EECON2          equ	3966	;# 
  1354   000F7F                     EECON1          equ	3967	;# 
  1355   000F80                     PORTA           equ	3968	;# 
  1356   000F81                     PORTB           equ	3969	;# 
  1357   000F82                     PORTC           equ	3970	;# 
  1358   000F84                     PORTE           equ	3972	;# 
  1359   000F87                     TMR4            equ	3975	;# 
  1360   000F88                     T4CON           equ	3976	;# 
  1361   000F89                     LATA            equ	3977	;# 
  1362   000F8A                     LATB            equ	3978	;# 
  1363   000F8B                     LATC            equ	3979	;# 
  1364   000F90                     SLRCON          equ	3984	;# 
  1365   000F91                     ODCON           equ	3985	;# 
  1366   000F92                     TRISA           equ	3986	;# 
  1367   000F93                     TRISB           equ	3987	;# 
  1368   000F94                     TRISC           equ	3988	;# 
  1369   000F99                     CCPTMRS         equ	3993	;# 
  1370   000F9A                     REFOCON         equ	3994	;# 
  1371   000F9B                     OSCTUNE         equ	3995	;# 
  1372   000F9C                     PSTR1CON        equ	3996	;# 
  1373   000F9D                     PIE1            equ	3997	;# 
  1374   000F9E                     PIR1            equ	3998	;# 
  1375   000F9F                     IPR1            equ	3999	;# 
  1376   000FA0                     PIE2            equ	4000	;# 
  1377   000FA1                     PIR2            equ	4001	;# 
  1378   000FA2                     IPR2            equ	4002	;# 
  1379   000FA3                     PIE3            equ	4003	;# 
  1380   000FA4                     PIR3            equ	4004	;# 
  1381   000FA5                     IPR3            equ	4005	;# 
  1382   000FA6                     RCSTA2          equ	4006	;# 
  1383   000FA7                     BAUDCON1        equ	4007	;# 
  1384   000FA8                     HLVDCON         equ	4008	;# 
  1385   000FA9                     PR4             equ	4009	;# 
  1386   000FAA                     T1GCON          equ	4010	;# 
  1387   000FAB                     RCSTA1          equ	4011	;# 
  1388   000FAB                     RCSTA           equ	4011	;# 
  1389   000FAC                     TXSTA1          equ	4012	;# 
  1390   000FAC                     TXSTA           equ	4012	;# 
  1391   000FAD                     TXREG1          equ	4013	;# 
  1392   000FAD                     TXREG           equ	4013	;# 
  1393   000FAE                     RCREG1          equ	4014	;# 
  1394   000FAE                     RCREG           equ	4014	;# 
  1395   000FAF                     SPBRG1          equ	4015	;# 
  1396   000FAF                     SPBRG           equ	4015	;# 
  1397   000FB0                     T3GCON          equ	4016	;# 
  1398   000FB1                     T3CON           equ	4017	;# 
  1399   000FB2                     TMR3            equ	4018	;# 
  1400   000FB2                     TMR3L           equ	4018	;# 
  1401   000FB3                     TMR3H           equ	4019	;# 
  1402   000FB4                     CMSTAT          equ	4020	;# 
  1403   000FB4                     CMSTATUS        equ	4020	;# 
  1404   000FB5                     CVRCON          equ	4021	;# 
  1405   000FB6                     PIE4            equ	4022	;# 
  1406   000FB7                     PIR4            equ	4023	;# 
  1407   000FB8                     IPR4            equ	4024	;# 
  1408   000FB9                     BAUDCON2        equ	4025	;# 
  1409   000FBA                     TXSTA2          equ	4026	;# 
  1410   000FBB                     CCP1CON         equ	4027	;# 
  1411   000FBB                     ECCP1CON        equ	4027	;# 
  1412   000FBC                     CCPR1           equ	4028	;# 
  1413   000FBC                     CCPR1L          equ	4028	;# 
  1414   000FBD                     CCPR1H          equ	4029	;# 
  1415   000FBE                     ECCP1DEL        equ	4030	;# 
  1416   000FBE                     PWM1CON         equ	4030	;# 
  1417   000FBF                     ECCP1AS         equ	4031	;# 
  1418   000FC0                     ADCON2          equ	4032	;# 
  1419   000FC1                     ADCON1          equ	4033	;# 
  1420   000FC2                     ADCON0          equ	4034	;# 
  1421   000FC3                     ADRES           equ	4035	;# 
  1422   000FC3                     ADRESL          equ	4035	;# 
  1423   000FC4                     ADRESH          equ	4036	;# 
  1424   000FC5                     SSPCON2         equ	4037	;# 
  1425   000FC6                     SSPCON1         equ	4038	;# 
  1426   000FC7                     SSPSTAT         equ	4039	;# 
  1427   000FC8                     SSPADD          equ	4040	;# 
  1428   000FC9                     SSPBUF          equ	4041	;# 
  1429   000FCA                     T2CON           equ	4042	;# 
  1430   000FCB                     PR2             equ	4043	;# 
  1431   000FCB                     MEMCON          equ	4043	;# 
  1432   000FCC                     TMR2            equ	4044	;# 
  1433   000FCD                     T1CON           equ	4045	;# 
  1434   000FCE                     TMR1            equ	4046	;# 
  1435   000FCE                     TMR1L           equ	4046	;# 
  1436   000FCF                     TMR1H           equ	4047	;# 
  1437   000FD0                     RCON            equ	4048	;# 
  1438   000FD1                     WDTCON          equ	4049	;# 
  1439   000FD2                     OSCCON2         equ	4050	;# 
  1440   000FD3                     OSCCON          equ	4051	;# 
  1441   000FD5                     T0CON           equ	4053	;# 
  1442   000FD6                     TMR0            equ	4054	;# 
  1443   000FD6                     TMR0L           equ	4054	;# 
  1444   000FD7                     TMR0H           equ	4055	;# 
  1445   000FD8                     STATUS          equ	4056	;# 
  1446   000FD9                     FSR2            equ	4057	;# 
  1447   000FD9                     FSR2L           equ	4057	;# 
  1448   000FDA                     FSR2H           equ	4058	;# 
  1449   000FDB                     PLUSW2          equ	4059	;# 
  1450   000FDC                     PREINC2         equ	4060	;# 
  1451   000FDD                     POSTDEC2        equ	4061	;# 
  1452   000FDE                     POSTINC2        equ	4062	;# 
  1453   000FDF                     INDF2           equ	4063	;# 
  1454   000FE0                     BSR             equ	4064	;# 
  1455   000FE1                     FSR1            equ	4065	;# 
  1456   000FE1                     FSR1L           equ	4065	;# 
  1457   000FE2                     FSR1H           equ	4066	;# 
  1458   000FE3                     PLUSW1          equ	4067	;# 
  1459   000FE4                     PREINC1         equ	4068	;# 
  1460   000FE5                     POSTDEC1        equ	4069	;# 
  1461   000FE6                     POSTINC1        equ	4070	;# 
  1462   000FE7                     INDF1           equ	4071	;# 
  1463   000FE8                     WREG            equ	4072	;# 
  1464   000FE9                     FSR0            equ	4073	;# 
  1465   000FE9                     FSR0L           equ	4073	;# 
  1466   000FEA                     FSR0H           equ	4074	;# 
  1467   000FEB                     PLUSW0          equ	4075	;# 
  1468   000FEC                     PREINC0         equ	4076	;# 
  1469   000FED                     POSTDEC0        equ	4077	;# 
  1470   000FEE                     POSTINC0        equ	4078	;# 
  1471   000FEF                     INDF0           equ	4079	;# 
  1472   000FF0                     INTCON3         equ	4080	;# 
  1473   000FF1                     INTCON2         equ	4081	;# 
  1474   000FF2                     INTCON          equ	4082	;# 
  1475   000FF2                     INTCON1         equ	4082	;# 
  1476   000FF3                     PROD            equ	4083	;# 
  1477   000FF3                     PRODL           equ	4083	;# 
  1478   000FF4                     PRODH           equ	4084	;# 
  1479   000FF5                     TABLAT          equ	4085	;# 
  1480   000FF6                     TBLPTR          equ	4086	;# 
  1481   000FF6                     TBLPTRL         equ	4086	;# 
  1482   000FF7                     TBLPTRH         equ	4087	;# 
  1483   000FF8                     TBLPTRU         equ	4088	;# 
  1484   000FF9                     PCLAT           equ	4089	;# 
  1485   000FF9                     PC              equ	4089	;# 
  1486   000FF9                     PCL             equ	4089	;# 
  1487   000FFA                     PCLATH          equ	4090	;# 
  1488   000FFB                     PCLATU          equ	4091	;# 
  1489   000FFC                     STKPTR          equ	4092	;# 
  1490   000FFD                     TOS             equ	4093	;# 
  1491   000FFD                     TOSL            equ	4093	;# 
  1492   000FFE                     TOSH            equ	4094	;# 
  1493   000FFF                     TOSU            equ	4095	;# 
  1494   000E41                     RXERRCNT        equ	3649	;# 
  1495   000E42                     TXERRCNT        equ	3650	;# 
  1496   000E43                     BRGCON1         equ	3651	;# 
  1497   000E44                     BRGCON2         equ	3652	;# 
  1498   000E45                     BRGCON3         equ	3653	;# 
  1499   000E46                     RXFCON0         equ	3654	;# 
  1500   000E47                     RXFCON1         equ	3655	;# 
  1501   000E48                     RXF6SIDH        equ	3656	;# 
  1502   000E49                     RXF6SIDL        equ	3657	;# 
  1503   000E4A                     RXF6EIDH        equ	3658	;# 
  1504   000E4B                     RXF6EIDL        equ	3659	;# 
  1505   000E4C                     RXF7SIDH        equ	3660	;# 
  1506   000E4D                     RXF7SIDL        equ	3661	;# 
  1507   000E4E                     RXF7EIDH        equ	3662	;# 
  1508   000E4F                     RXF7EIDL        equ	3663	;# 
  1509   000E50                     RXF8SIDH        equ	3664	;# 
  1510   000E51                     RXF8SIDL        equ	3665	;# 
  1511   000E52                     RXF8EIDH        equ	3666	;# 
  1512   000E53                     RXF8EIDL        equ	3667	;# 
  1513   000E54                     RXF9SIDH        equ	3668	;# 
  1514   000E55                     RXF9SIDL        equ	3669	;# 
  1515   000E56                     RXF9EIDH        equ	3670	;# 
  1516   000E57                     RXF9EIDL        equ	3671	;# 
  1517   000E58                     RXF10SIDH       equ	3672	;# 
  1518   000E59                     RXF10SIDL       equ	3673	;# 
  1519   000E5A                     RXF10EIDH       equ	3674	;# 
  1520   000E5B                     RXF10EIDL       equ	3675	;# 
  1521   000E5C                     RXF11SIDH       equ	3676	;# 
  1522   000E5D                     RXF11SIDL       equ	3677	;# 
  1523   000E5E                     RXF11EIDH       equ	3678	;# 
  1524   000E5F                     RXF11EIDL       equ	3679	;# 
  1525   000E60                     RXF12SIDH       equ	3680	;# 
  1526   000E61                     RXF12SIDL       equ	3681	;# 
  1527   000E62                     RXF12EIDH       equ	3682	;# 
  1528   000E63                     RXF12EIDL       equ	3683	;# 
  1529   000E64                     RXF13SIDH       equ	3684	;# 
  1530   000E65                     RXF13SIDL       equ	3685	;# 
  1531   000E66                     RXF13EIDH       equ	3686	;# 
  1532   000E67                     RXF13EIDL       equ	3687	;# 
  1533   000E68                     RXF14SIDH       equ	3688	;# 
  1534   000E69                     RXF14SIDL       equ	3689	;# 
  1535   000E6A                     RXF14EIDH       equ	3690	;# 
  1536   000E6B                     RXF14EIDL       equ	3691	;# 
  1537   000E6C                     RXF15SIDH       equ	3692	;# 
  1538   000E6D                     RXF15SIDL       equ	3693	;# 
  1539   000E6E                     RXF15EIDH       equ	3694	;# 
  1540   000E6F                     RXF15EIDL       equ	3695	;# 
  1541   000E70                     SDFLC           equ	3696	;# 
  1542   000E71                     RXFBCON0        equ	3697	;# 
  1543   000E72                     RXFBCON1        equ	3698	;# 
  1544   000E73                     RXFBCON2        equ	3699	;# 
  1545   000E74                     RXFBCON3        equ	3700	;# 
  1546   000E75                     RXFBCON4        equ	3701	;# 
  1547   000E76                     RXFBCON5        equ	3702	;# 
  1548   000E77                     RXFBCON6        equ	3703	;# 
  1549   000E78                     RXFBCON7        equ	3704	;# 
  1550   000E79                     MSEL0           equ	3705	;# 
  1551   000E7A                     MSEL1           equ	3706	;# 
  1552   000E7B                     MSEL2           equ	3707	;# 
  1553   000E7C                     MSEL3           equ	3708	;# 
  1554   000E7D                     BSEL0           equ	3709	;# 
  1555   000E7E                     BIE0            equ	3710	;# 
  1556   000E7F                     TXBIE           equ	3711	;# 
  1557   000E80                     B0CON           equ	3712	;# 
  1558   000E81                     B0SIDH          equ	3713	;# 
  1559   000E82                     B0SIDL          equ	3714	;# 
  1560   000E83                     B0EIDH          equ	3715	;# 
  1561   000E84                     B0EIDL          equ	3716	;# 
  1562   000E85                     B0DLC           equ	3717	;# 
  1563   000E86                     B0D0            equ	3718	;# 
  1564   000E87                     B0D1            equ	3719	;# 
  1565   000E88                     B0D2            equ	3720	;# 
  1566   000E89                     B0D3            equ	3721	;# 
  1567   000E8A                     B0D4            equ	3722	;# 
  1568   000E8B                     B0D5            equ	3723	;# 
  1569   000E8C                     B0D6            equ	3724	;# 
  1570   000E8D                     B0D7            equ	3725	;# 
  1571   000E8E                     CANSTAT_RO9     equ	3726	;# 
  1572   000E8F                     CANCON_RO9      equ	3727	;# 
  1573   000E90                     B1CON           equ	3728	;# 
  1574   000E91                     B1SIDH          equ	3729	;# 
  1575   000E92                     B1SIDL          equ	3730	;# 
  1576   000E93                     B1EIDH          equ	3731	;# 
  1577   000E94                     B1EIDL          equ	3732	;# 
  1578   000E95                     B1DLC           equ	3733	;# 
  1579   000E96                     B1D0            equ	3734	;# 
  1580   000E97                     B1D1            equ	3735	;# 
  1581   000E98                     B1D2            equ	3736	;# 
  1582   000E99                     B1D3            equ	3737	;# 
  1583   000E9A                     B1D4            equ	3738	;# 
  1584   000E9B                     B1D5            equ	3739	;# 
  1585   000E9C                     B1D6            equ	3740	;# 
  1586   000E9D                     B1D7            equ	3741	;# 
  1587   000E9E                     CANSTAT_RO8     equ	3742	;# 
  1588   000E9F                     CANCON_RO8      equ	3743	;# 
  1589   000EA0                     B2CON           equ	3744	;# 
  1590   000EA1                     B2SIDH          equ	3745	;# 
  1591   000EA2                     B2SIDL          equ	3746	;# 
  1592   000EA3                     B2EIDH          equ	3747	;# 
  1593   000EA4                     B2EIDL          equ	3748	;# 
  1594   000EA5                     B2DLC           equ	3749	;# 
  1595   000EA6                     B2D0            equ	3750	;# 
  1596   000EA7                     B2D1            equ	3751	;# 
  1597   000EA8                     B2D2            equ	3752	;# 
  1598   000EA9                     B2D3            equ	3753	;# 
  1599   000EAA                     B2D4            equ	3754	;# 
  1600   000EAB                     B2D5            equ	3755	;# 
  1601   000EAC                     B2D6            equ	3756	;# 
  1602   000EAD                     B2D7            equ	3757	;# 
  1603   000EAE                     CANSTAT_RO7     equ	3758	;# 
  1604   000EAF                     CANCON_RO7      equ	3759	;# 
  1605   000EB0                     B3CON           equ	3760	;# 
  1606   000EB1                     B3SIDH          equ	3761	;# 
  1607   000EB2                     B3SIDL          equ	3762	;# 
  1608   000EB3                     B3EIDH          equ	3763	;# 
  1609   000EB4                     B3EIDL          equ	3764	;# 
  1610   000EB5                     B3DLC           equ	3765	;# 
  1611   000EB6                     B3D0            equ	3766	;# 
  1612   000EB7                     B3D1            equ	3767	;# 
  1613   000EB8                     B3D2            equ	3768	;# 
  1614   000EB9                     B3D3            equ	3769	;# 
  1615   000EBA                     B3D4            equ	3770	;# 
  1616   000EBB                     B3D5            equ	3771	;# 
  1617   000EBC                     B3D6            equ	3772	;# 
  1618   000EBD                     B3D7            equ	3773	;# 
  1619   000EBE                     CANSTAT_RO6     equ	3774	;# 
  1620   000EBF                     CANCON_RO6      equ	3775	;# 
  1621   000EC0                     B4CON           equ	3776	;# 
  1622   000EC1                     B4SIDH          equ	3777	;# 
  1623   000EC2                     B4SIDL          equ	3778	;# 
  1624   000EC3                     B4EIDH          equ	3779	;# 
  1625   000EC4                     B4EIDL          equ	3780	;# 
  1626   000EC5                     B4DLC           equ	3781	;# 
  1627   000EC6                     B4D0            equ	3782	;# 
  1628   000EC7                     B4D1            equ	3783	;# 
  1629   000EC8                     B4D2            equ	3784	;# 
  1630   000EC9                     B4D3            equ	3785	;# 
  1631   000ECA                     B4D4            equ	3786	;# 
  1632   000ECB                     B4D5            equ	3787	;# 
  1633   000ECC                     B4D6            equ	3788	;# 
  1634   000ECD                     B4D7            equ	3789	;# 
  1635   000ECE                     CANSTAT_RO5     equ	3790	;# 
  1636   000ECF                     CANCON_RO5      equ	3791	;# 
  1637   000ED0                     B5CON           equ	3792	;# 
  1638   000ED1                     B5SIDH          equ	3793	;# 
  1639   000ED2                     B5SIDL          equ	3794	;# 
  1640   000ED3                     B5EIDH          equ	3795	;# 
  1641   000ED4                     B5EIDL          equ	3796	;# 
  1642   000ED5                     B5DLC           equ	3797	;# 
  1643   000ED6                     B5D0            equ	3798	;# 
  1644   000ED7                     B5D1            equ	3799	;# 
  1645   000ED8                     B5D2            equ	3800	;# 
  1646   000ED9                     B5D3            equ	3801	;# 
  1647   000EDA                     B5D4            equ	3802	;# 
  1648   000EDB                     B5D5            equ	3803	;# 
  1649   000EDC                     B5D6            equ	3804	;# 
  1650   000EDD                     B5D7            equ	3805	;# 
  1651   000EDE                     CANSTAT_RO4     equ	3806	;# 
  1652   000EDF                     CANCON_RO4      equ	3807	;# 
  1653   000EE0                     RXF0SIDH        equ	3808	;# 
  1654   000EE1                     RXF0SIDL        equ	3809	;# 
  1655   000EE2                     RXF0EIDH        equ	3810	;# 
  1656   000EE3                     RXF0EIDL        equ	3811	;# 
  1657   000EE4                     RXF1SIDH        equ	3812	;# 
  1658   000EE5                     RXF1SIDL        equ	3813	;# 
  1659   000EE6                     RXF1EIDH        equ	3814	;# 
  1660   000EE7                     RXF1EIDL        equ	3815	;# 
  1661   000EE8                     RXF2SIDH        equ	3816	;# 
  1662   000EE9                     RXF2SIDL        equ	3817	;# 
  1663   000EEA                     RXF2EIDH        equ	3818	;# 
  1664   000EEB                     RXF2EIDL        equ	3819	;# 
  1665   000EEC                     RXF3SIDH        equ	3820	;# 
  1666   000EED                     RXF3SIDL        equ	3821	;# 
  1667   000EEE                     RXF3EIDH        equ	3822	;# 
  1668   000EEF                     RXF3EIDL        equ	3823	;# 
  1669   000EF0                     RXF4SIDH        equ	3824	;# 
  1670   000EF1                     RXF4SIDL        equ	3825	;# 
  1671   000EF2                     RXF4EIDH        equ	3826	;# 
  1672   000EF3                     RXF4EIDL        equ	3827	;# 
  1673   000EF4                     RXF5SIDH        equ	3828	;# 
  1674   000EF5                     RXF5SIDL        equ	3829	;# 
  1675   000EF6                     RXF5EIDH        equ	3830	;# 
  1676   000EF7                     RXF5EIDL        equ	3831	;# 
  1677   000EF8                     RXM0SIDH        equ	3832	;# 
  1678   000EF9                     RXM0SIDL        equ	3833	;# 
  1679   000EFA                     RXM0EIDH        equ	3834	;# 
  1680   000EFB                     RXM0EIDL        equ	3835	;# 
  1681   000EFC                     RXM1SIDH        equ	3836	;# 
  1682   000EFD                     RXM1SIDL        equ	3837	;# 
  1683   000EFE                     RXM1EIDH        equ	3838	;# 
  1684   000EFF                     RXM1EIDL        equ	3839	;# 
  1685   000F00                     TXB2CON         equ	3840	;# 
  1686   000F01                     TXB2SIDH        equ	3841	;# 
  1687   000F02                     TXB2SIDL        equ	3842	;# 
  1688   000F03                     TXB2EIDH        equ	3843	;# 
  1689   000F04                     TXB2EIDL        equ	3844	;# 
  1690   000F05                     TXB2DLC         equ	3845	;# 
  1691   000F06                     TXB2D0          equ	3846	;# 
  1692   000F07                     TXB2D1          equ	3847	;# 
  1693   000F08                     TXB2D2          equ	3848	;# 
  1694   000F09                     TXB2D3          equ	3849	;# 
  1695   000F0A                     TXB2D4          equ	3850	;# 
  1696   000F0B                     TXB2D5          equ	3851	;# 
  1697   000F0C                     TXB2D6          equ	3852	;# 
  1698   000F0D                     TXB2D7          equ	3853	;# 
  1699   000F0E                     CANSTAT_RO3     equ	3854	;# 
  1700   000F0F                     CANCON_RO3      equ	3855	;# 
  1701   000F10                     TXB1CON         equ	3856	;# 
  1702   000F11                     TXB1SIDH        equ	3857	;# 
  1703   000F12                     TXB1SIDL        equ	3858	;# 
  1704   000F13                     TXB1EIDH        equ	3859	;# 
  1705   000F14                     TXB1EIDL        equ	3860	;# 
  1706   000F15                     TXB1DLC         equ	3861	;# 
  1707   000F16                     TXB1D0          equ	3862	;# 
  1708   000F17                     TXB1D1          equ	3863	;# 
  1709   000F18                     TXB1D2          equ	3864	;# 
  1710   000F19                     TXB1D3          equ	3865	;# 
  1711   000F1A                     TXB1D4          equ	3866	;# 
  1712   000F1B                     TXB1D5          equ	3867	;# 
  1713   000F1C                     TXB1D6          equ	3868	;# 
  1714   000F1D                     TXB1D7          equ	3869	;# 
  1715   000F1E                     CANSTAT_RO2     equ	3870	;# 
  1716   000F1F                     CANCON_RO2      equ	3871	;# 
  1717   000F20                     TXB0CON         equ	3872	;# 
  1718   000F21                     TXB0SIDH        equ	3873	;# 
  1719   000F22                     TXB0SIDL        equ	3874	;# 
  1720   000F23                     TXB0EIDH        equ	3875	;# 
  1721   000F24                     TXB0EIDL        equ	3876	;# 
  1722   000F25                     TXB0DLC         equ	3877	;# 
  1723   000F26                     TXB0D0          equ	3878	;# 
  1724   000F27                     TXB0D1          equ	3879	;# 
  1725   000F28                     TXB0D2          equ	3880	;# 
  1726   000F29                     TXB0D3          equ	3881	;# 
  1727   000F2A                     TXB0D4          equ	3882	;# 
  1728   000F2B                     TXB0D5          equ	3883	;# 
  1729   000F2C                     TXB0D6          equ	3884	;# 
  1730   000F2D                     TXB0D7          equ	3885	;# 
  1731   000F2E                     CANSTAT_RO1     equ	3886	;# 
  1732   000F2F                     CANCON_RO1      equ	3887	;# 
  1733   000F30                     RXB1CON         equ	3888	;# 
  1734   000F31                     RXB1SIDH        equ	3889	;# 
  1735   000F32                     RXB1SIDL        equ	3890	;# 
  1736   000F33                     RXB1EIDH        equ	3891	;# 
  1737   000F34                     RXB1EIDL        equ	3892	;# 
  1738   000F35                     RXB1DLC         equ	3893	;# 
  1739   000F36                     RXB1D0          equ	3894	;# 
  1740   000F37                     RXB1D1          equ	3895	;# 
  1741   000F38                     RXB1D2          equ	3896	;# 
  1742   000F39                     RXB1D3          equ	3897	;# 
  1743   000F3A                     RXB1D4          equ	3898	;# 
  1744   000F3B                     RXB1D5          equ	3899	;# 
  1745   000F3C                     RXB1D6          equ	3900	;# 
  1746   000F3D                     RXB1D7          equ	3901	;# 
  1747   000F3E                     CANSTAT_RO0     equ	3902	;# 
  1748   000F3F                     CANCON_RO0      equ	3903	;# 
  1749   000F47                     CCP5CON         equ	3911	;# 
  1750   000F48                     CCPR5           equ	3912	;# 
  1751   000F48                     CCPR5L          equ	3912	;# 
  1752   000F49                     CCPR5H          equ	3913	;# 
  1753   000F4A                     CCP4CON         equ	3914	;# 
  1754   000F4B                     CCPR4           equ	3915	;# 
  1755   000F4B                     CCPR4L          equ	3915	;# 
  1756   000F4C                     CCPR4H          equ	3916	;# 
  1757   000F4D                     CCP3CON         equ	3917	;# 
  1758   000F4E                     CCPR3           equ	3918	;# 
  1759   000F4E                     CCPR3L          equ	3918	;# 
  1760   000F4F                     CCPR3H          equ	3919	;# 
  1761   000F50                     CCP2CON         equ	3920	;# 
  1762   000F50                     ECCP2CON        equ	3920	;# 
  1763   000F51                     CCPR2           equ	3921	;# 
  1764   000F51                     CCPR2L          equ	3921	;# 
  1765   000F52                     CCPR2H          equ	3922	;# 
  1766   000F53                     CTMUICON        equ	3923	;# 
  1767   000F54                     CTMUCONL        equ	3924	;# 
  1768   000F55                     CTMUCONH        equ	3925	;# 
  1769   000F56                     PADCFG1         equ	3926	;# 
  1770   000F57                     PMD2            equ	3927	;# 
  1771   000F58                     PMD1            equ	3928	;# 
  1772   000F59                     PMD0            equ	3929	;# 
  1773   000F5A                     IOCB            equ	3930	;# 
  1774   000F5B                     WPUB            equ	3931	;# 
  1775   000F5C                     ANCON1          equ	3932	;# 
  1776   000F5D                     ANCON0          equ	3933	;# 
  1777   000F5E                     CM2CON          equ	3934	;# 
  1778   000F5E                     CM2CON1         equ	3934	;# 
  1779   000F5F                     CM1CON          equ	3935	;# 
  1780   000F5F                     CM1CON1         equ	3935	;# 
  1781   000F60                     RXB0CON         equ	3936	;# 
  1782   000F61                     RXB0SIDH        equ	3937	;# 
  1783   000F62                     RXB0SIDL        equ	3938	;# 
  1784   000F63                     RXB0EIDH        equ	3939	;# 
  1785   000F64                     RXB0EIDL        equ	3940	;# 
  1786   000F65                     RXB0DLC         equ	3941	;# 
  1787   000F66                     RXB0D0          equ	3942	;# 
  1788   000F67                     RXB0D1          equ	3943	;# 
  1789   000F68                     RXB0D2          equ	3944	;# 
  1790   000F69                     RXB0D3          equ	3945	;# 
  1791   000F6A                     RXB0D4          equ	3946	;# 
  1792   000F6B                     RXB0D5          equ	3947	;# 
  1793   000F6C                     RXB0D6          equ	3948	;# 
  1794   000F6D                     RXB0D7          equ	3949	;# 
  1795   000F6E                     CANSTAT         equ	3950	;# 
  1796   000F6F                     CANCON          equ	3951	;# 
  1797   000F70                     CIOCON          equ	3952	;# 
  1798   000F71                     COMSTAT         equ	3953	;# 
  1799   000F72                     ECANCON         equ	3954	;# 
  1800   000F73                     EEDATA          equ	3955	;# 
  1801   000F74                     EEADR           equ	3956	;# 
  1802   000F75                     EEADRH          equ	3957	;# 
  1803   000F76                     PIE5            equ	3958	;# 
  1804   000F77                     PIR5            equ	3959	;# 
  1805   000F78                     IPR5            equ	3960	;# 
  1806   000F79                     TXREG2          equ	3961	;# 
  1807   000F7A                     RCREG2          equ	3962	;# 
  1808   000F7B                     SPBRG2          equ	3963	;# 
  1809   000F7C                     SPBRGH2         equ	3964	;# 
  1810   000F7D                     SPBRGH1         equ	3965	;# 
  1811   000F7E                     EECON2          equ	3966	;# 
  1812   000F7F                     EECON1          equ	3967	;# 
  1813   000F80                     PORTA           equ	3968	;# 
  1814   000F81                     PORTB           equ	3969	;# 
  1815   000F82                     PORTC           equ	3970	;# 
  1816   000F84                     PORTE           equ	3972	;# 
  1817   000F87                     TMR4            equ	3975	;# 
  1818   000F88                     T4CON           equ	3976	;# 
  1819   000F89                     LATA            equ	3977	;# 
  1820   000F8A                     LATB            equ	3978	;# 
  1821   000F8B                     LATC            equ	3979	;# 
  1822   000F90                     SLRCON          equ	3984	;# 
  1823   000F91                     ODCON           equ	3985	;# 
  1824   000F92                     TRISA           equ	3986	;# 
  1825   000F93                     TRISB           equ	3987	;# 
  1826   000F94                     TRISC           equ	3988	;# 
  1827   000F99                     CCPTMRS         equ	3993	;# 
  1828   000F9A                     REFOCON         equ	3994	;# 
  1829   000F9B                     OSCTUNE         equ	3995	;# 
  1830   000F9C                     PSTR1CON        equ	3996	;# 
  1831   000F9D                     PIE1            equ	3997	;# 
  1832   000F9E                     PIR1            equ	3998	;# 
  1833   000F9F                     IPR1            equ	3999	;# 
  1834   000FA0                     PIE2            equ	4000	;# 
  1835   000FA1                     PIR2            equ	4001	;# 
  1836   000FA2                     IPR2            equ	4002	;# 
  1837   000FA3                     PIE3            equ	4003	;# 
  1838   000FA4                     PIR3            equ	4004	;# 
  1839   000FA5                     IPR3            equ	4005	;# 
  1840   000FA6                     RCSTA2          equ	4006	;# 
  1841   000FA7                     BAUDCON1        equ	4007	;# 
  1842   000FA8                     HLVDCON         equ	4008	;# 
  1843   000FA9                     PR4             equ	4009	;# 
  1844   000FAA                     T1GCON          equ	4010	;# 
  1845   000FAB                     RCSTA1          equ	4011	;# 
  1846   000FAB                     RCSTA           equ	4011	;# 
  1847   000FAC                     TXSTA1          equ	4012	;# 
  1848   000FAC                     TXSTA           equ	4012	;# 
  1849   000FAD                     TXREG1          equ	4013	;# 
  1850   000FAD                     TXREG           equ	4013	;# 
  1851   000FAE                     RCREG1          equ	4014	;# 
  1852   000FAE                     RCREG           equ	4014	;# 
  1853   000FAF                     SPBRG1          equ	4015	;# 
  1854   000FAF                     SPBRG           equ	4015	;# 
  1855   000FB0                     T3GCON          equ	4016	;# 
  1856   000FB1                     T3CON           equ	4017	;# 
  1857   000FB2                     TMR3            equ	4018	;# 
  1858   000FB2                     TMR3L           equ	4018	;# 
  1859   000FB3                     TMR3H           equ	4019	;# 
  1860   000FB4                     CMSTAT          equ	4020	;# 
  1861   000FB4                     CMSTATUS        equ	4020	;# 
  1862   000FB5                     CVRCON          equ	4021	;# 
  1863   000FB6                     PIE4            equ	4022	;# 
  1864   000FB7                     PIR4            equ	4023	;# 
  1865   000FB8                     IPR4            equ	4024	;# 
  1866   000FB9                     BAUDCON2        equ	4025	;# 
  1867   000FBA                     TXSTA2          equ	4026	;# 
  1868   000FBB                     CCP1CON         equ	4027	;# 
  1869   000FBB                     ECCP1CON        equ	4027	;# 
  1870   000FBC                     CCPR1           equ	4028	;# 
  1871   000FBC                     CCPR1L          equ	4028	;# 
  1872   000FBD                     CCPR1H          equ	4029	;# 
  1873   000FBE                     ECCP1DEL        equ	4030	;# 
  1874   000FBE                     PWM1CON         equ	4030	;# 
  1875   000FBF                     ECCP1AS         equ	4031	;# 
  1876   000FC0                     ADCON2          equ	4032	;# 
  1877   000FC1                     ADCON1          equ	4033	;# 
  1878   000FC2                     ADCON0          equ	4034	;# 
  1879   000FC3                     ADRES           equ	4035	;# 
  1880   000FC3                     ADRESL          equ	4035	;# 
  1881   000FC4                     ADRESH          equ	4036	;# 
  1882   000FC5                     SSPCON2         equ	4037	;# 
  1883   000FC6                     SSPCON1         equ	4038	;# 
  1884   000FC7                     SSPSTAT         equ	4039	;# 
  1885   000FC8                     SSPADD          equ	4040	;# 
  1886   000FC9                     SSPBUF          equ	4041	;# 
  1887   000FCA                     T2CON           equ	4042	;# 
  1888   000FCB                     PR2             equ	4043	;# 
  1889   000FCB                     MEMCON          equ	4043	;# 
  1890   000FCC                     TMR2            equ	4044	;# 
  1891   000FCD                     T1CON           equ	4045	;# 
  1892   000FCE                     TMR1            equ	4046	;# 
  1893   000FCE                     TMR1L           equ	4046	;# 
  1894   000FCF                     TMR1H           equ	4047	;# 
  1895   000FD0                     RCON            equ	4048	;# 
  1896   000FD1                     WDTCON          equ	4049	;# 
  1897   000FD2                     OSCCON2         equ	4050	;# 
  1898   000FD3                     OSCCON          equ	4051	;# 
  1899   000FD5                     T0CON           equ	4053	;# 
  1900   000FD6                     TMR0            equ	4054	;# 
  1901   000FD6                     TMR0L           equ	4054	;# 
  1902   000FD7                     TMR0H           equ	4055	;# 
  1903   000FD8                     STATUS          equ	4056	;# 
  1904   000FD9                     FSR2            equ	4057	;# 
  1905   000FD9                     FSR2L           equ	4057	;# 
  1906   000FDA                     FSR2H           equ	4058	;# 
  1907   000FDB                     PLUSW2          equ	4059	;# 
  1908   000FDC                     PREINC2         equ	4060	;# 
  1909   000FDD                     POSTDEC2        equ	4061	;# 
  1910   000FDE                     POSTINC2        equ	4062	;# 
  1911   000FDF                     INDF2           equ	4063	;# 
  1912   000FE0                     BSR             equ	4064	;# 
  1913   000FE1                     FSR1            equ	4065	;# 
  1914   000FE1                     FSR1L           equ	4065	;# 
  1915   000FE2                     FSR1H           equ	4066	;# 
  1916   000FE3                     PLUSW1          equ	4067	;# 
  1917   000FE4                     PREINC1         equ	4068	;# 
  1918   000FE5                     POSTDEC1        equ	4069	;# 
  1919   000FE6                     POSTINC1        equ	4070	;# 
  1920   000FE7                     INDF1           equ	4071	;# 
  1921   000FE8                     WREG            equ	4072	;# 
  1922   000FE9                     FSR0            equ	4073	;# 
  1923   000FE9                     FSR0L           equ	4073	;# 
  1924   000FEA                     FSR0H           equ	4074	;# 
  1925   000FEB                     PLUSW0          equ	4075	;# 
  1926   000FEC                     PREINC0         equ	4076	;# 
  1927   000FED                     POSTDEC0        equ	4077	;# 
  1928   000FEE                     POSTINC0        equ	4078	;# 
  1929   000FEF                     INDF0           equ	4079	;# 
  1930   000FF0                     INTCON3         equ	4080	;# 
  1931   000FF1                     INTCON2         equ	4081	;# 
  1932   000FF2                     INTCON          equ	4082	;# 
  1933   000FF2                     INTCON1         equ	4082	;# 
  1934   000FF3                     PROD            equ	4083	;# 
  1935   000FF3                     PRODL           equ	4083	;# 
  1936   000FF4                     PRODH           equ	4084	;# 
  1937   000FF5                     TABLAT          equ	4085	;# 
  1938   000FF6                     TBLPTR          equ	4086	;# 
  1939   000FF6                     TBLPTRL         equ	4086	;# 
  1940   000FF7                     TBLPTRH         equ	4087	;# 
  1941   000FF8                     TBLPTRU         equ	4088	;# 
  1942   000FF9                     PCLAT           equ	4089	;# 
  1943   000FF9                     PC              equ	4089	;# 
  1944   000FF9                     PCL             equ	4089	;# 
  1945   000FFA                     PCLATH          equ	4090	;# 
  1946   000FFB                     PCLATU          equ	4091	;# 
  1947   000FFC                     STKPTR          equ	4092	;# 
  1948   000FFD                     TOS             equ	4093	;# 
  1949   000FFD                     TOSL            equ	4093	;# 
  1950   000FFE                     TOSH            equ	4094	;# 
  1951   000FFF                     TOSU            equ	4095	;# 
  1952   000F5C                     _ANCON1         set	3932
  1953   000F5D                     _ANCON0         set	3933
  1954   000FF6                     _TBLPTR         set	4086
  1955   000FB1                     _T3CONbits      set	4017
  1956   000FA1                     _PIR2bits       set	4001
  1957   000FB2                     _TMR3L          set	4018
  1958   000FB3                     _TMR3H          set	4019
  1959   000FB1                     _T3CON          set	4017
  1960   000FA2                     _IPR2bits       set	4002
  1961   000FA0                     _PIE2bits       set	4000
  1962   000F7F                     _EECON1         set	3967
  1963   000FF5                     _TABLAT         set	4085
  1964   000F7E                     _EECON2         set	3966
  1965   000F73                     _EEDATA         set	3955
  1966   000F74                     _EEADR          set	3956
  1967   000F75                     _EEADRH         set	3957
  1968   000F7F                     _EECON1bits     set	3967
  1969   000FF8                     _TBLPTRU        set	4088
  1970   000FF1                     _INTCON2bits    set	4081
  1971   000FD6                     _TMR0L          set	4054
  1972   000FD7                     _TMR0H          set	4055
  1973   000FD5                     _T0CONbits      set	4053
  1974   000FD5                     _T0CON          set	4053
  1975   000F80                     _PORTAbits      set	3968
  1976   000F8A                     _LATBbits       set	3978
  1977   000F92                     _TRISAbits      set	3986
  1978   000F93                     _TRISBbits      set	3987
  1979   000F94                     _TRISCbits      set	3988
  1980   000FD0                     _RCONbits       set	4048
  1981   000FF2                     _INTCONbits     set	4082
  1982   000F8B                     _LATCbits       set	3979
  1983   007DBE                     _EEIF           set	32190
  1984                           
  1985                           ; #config settings
  1986                           
  1987                           	psect	cinit
  1988   002284                     __pcinit:
  1989                           	callstack 0
  1990   002284                     start_initialization:
  1991                           	callstack 0
  1992   002284                     __initialization:
  1993                           	callstack 0
  1994                           
  1995                           ; Clear objects allocated to BANK1 (205 bytes)
  1996   002284  EE01  F000         	lfsr	0,__pbssBANK1
  1997   002288  0ECD               	movlw	205
  1998   00228A                     clear_0:
  1999   00228A  6AEE               	clrf	postinc0,c
  2000   00228C  06E8               	decf	wreg,f,c
  2001   00228E  E1FD               	bnz	clear_0
  2002                           
  2003                           ; Clear objects allocated to BANK0 (90 bytes)
  2004   002290  EE00  F060         	lfsr	0,__pbssBANK0
  2005   002294  0E5A               	movlw	90
  2006   002296                     clear_1:
  2007   002296  6AEE               	clrf	postinc0,c
  2008   002298  06E8               	decf	wreg,f,c
  2009   00229A  E1FD               	bnz	clear_1
  2010                           
  2011                           ; Clear objects allocated to COMRAM (7 bytes)
  2012   00229C  EE00  F052         	lfsr	0,__pbssCOMRAM
  2013   0022A0  0E07               	movlw	7
  2014   0022A2                     clear_2:
  2015   0022A2  6AEE               	clrf	postinc0,c
  2016   0022A4  06E8               	decf	wreg,f,c
  2017   0022A6  E1FD               	bnz	clear_2
  2018   0022A8                     end_of_initialization:
  2019                           	callstack 0
  2020   0022A8                     __end_of__initialization:
  2021                           	callstack 0
  2022   0022A8  9059               	bcf	int$flags,0,c	;clear compiler interrupt flag (level 1)
  2023   0022AA  9259               	bcf	int$flags,1,c	;clear compiler interrupt flag (level 2)
  2024   0022AC  0E00               	movlw	low (__Lmediumconst shr (0+16))
  2025   0022AE  6EF8               	movwf	tblptru,c
  2026   0022B0  0100               	movlb	0
  2027   0022B2  EFC2  F010         	goto	_main	;jump to C main() function
  2028                           
  2029                           	psect	bssCOMRAM
  2030   000052                     __pbssCOMRAM:
  2031                           	callstack 0
  2032   000052                     _flashBlock:
  2033                           	callstack 0
  2034   000052                     	ds	2
  2035   000054                     _half_pwm:
  2036                           	callstack 0
  2037   000054                     	ds	1
  2038   000055                     _flashFlags:
  2039                           	callstack 0
  2040   000055                     	ds	1
  2041   000056                     _timerExtension2:
  2042                           	callstack 0
  2043   000056                     	ds	1
  2044   000057                     _timerExtension1:
  2045                           	callstack 0
  2046   000057                     	ds	1
  2047   000058                     _configState:
  2048                           	callstack 0
  2049   000058                     	ds	1
  2050                           
  2051                           	psect	bssBANK0
  2052   000060                     __pbssBANK0:
  2053                           	callstack 0
  2054   000060                     _flashBuffer:
  2055                           	callstack 0
  2056   000060                     	ds	64
  2057   0000A0                     _code2_hash:
  2058                           	callstack 0
  2059   0000A0                     	ds	4
  2060   0000A4                     _code1_hash:
  2061                           	callstack 0
  2062   0000A4                     	ds	4
  2063   0000A8                     _onTime:
  2064                           	callstack 0
  2065   0000A8                     	ds	4
  2066   0000AC                     _ir_results:
  2067                           	callstack 0
  2068   0000AC                     	ds	14
  2069                           
  2070                           	psect	bssBANK1
  2071   000100                     __pbssBANK1:
  2072                           	callstack 0
  2073   000100                     _irparams:
  2074                           	callstack 0
  2075   000100                     	ds	205
  2076                           
  2077                           	psect	cstackBANK0
  2078   0000BA                     __pcstackBANK0:
  2079                           	callstack 0
  2080   0000BA                     ??_loop:
  2081                           
  2082                           ; 1 bytes @ 0x0
  2083   0000BA                     	ds	4
  2084   0000BE                     loop@ready:
  2085                           	callstack 0
  2086                           
  2087                           ; 1 bytes @ 0x4
  2088   0000BE                     	ds	1
  2089   0000BF                     main@t1:
  2090                           	callstack 0
  2091                           
  2092                           ; 1 bytes @ 0x5
  2093   0000BF                     	ds	1
  2094   0000C0                     main@t2:
  2095                           	callstack 0
  2096                           
  2097                           ; 1 bytes @ 0x6
  2098   0000C0                     	ds	1
  2099   0000C1                     main@i:
  2100                           	callstack 0
  2101                           
  2102                           ; 1 bytes @ 0x7
  2103   0000C1                     	ds	1
  2104                           
  2105                           	psect	cstackCOMRAM
  2106   000001                     __pcstackCOMRAM:
  2107                           	callstack 0
  2108   000001                     ir_interruptService@irdata:
  2109                           	callstack 0
  2110   000001                     
  2111                           ; 1 bytes @ 0x0
  2112   000001                     	ds	1
  2113   000002                     ??_isrHigh:
  2114                           
  2115                           ; 1 bytes @ 0x1
  2116   000002                     	ds	2
  2117   000004                     ??_isrLow:
  2118                           
  2119                           ; 1 bytes @ 0x3
  2120   000004                     	ds	3
  2121   000007                     ?_tickGet:
  2122                           	callstack 0
  2123   000007                     ?___lmul:
  2124                           	callstack 0
  2125   000007                     ?___xxtofl:
  2126                           	callstack 0
  2127   000007                     initTicker@priority:
  2128                           	callstack 0
  2129   000007                     EEPROM_Read@index:
  2130                           	callstack 0
  2131   000007                     EEPROM_WriteNoVerify@index:
  2132                           	callstack 0
  2133   000007                     ___lmul@multiplier:
  2134                           	callstack 0
  2135   000007                     ___xxtofl@val:
  2136                           	callstack 0
  2137   000007                     
  2138                           ; 1 bytes @ 0x6
  2139   000007                     	ds	1
  2140   000008                     initTicker@divider:
  2141                           	callstack 0
  2142                           
  2143                           ; 1 bytes @ 0x7
  2144   000008                     	ds	1
  2145   000009                     ?_loadCode:
  2146                           	callstack 0
  2147   000009                     initTicker@i:
  2148                           	callstack 0
  2149   000009                     EEPROM_WriteNoVerify@value:
  2150                           	callstack 0
  2151   000009                     
  2152                           ; 1 bytes @ 0x8
  2153   000009                     	ds	1
  2154   00000A                     ??_EEPROM_WriteNoVerify:
  2155                           
  2156                           ; 1 bytes @ 0x9
  2157   00000A                     	ds	1
  2158   00000B                     tickGet@IntFlag2:
  2159                           	callstack 0
  2160   00000B                     EEPROM_WriteNoVerify@interruptEnabled:
  2161                           	callstack 0
  2162   00000B                     ___lmul@multiplicand:
  2163                           	callstack 0
  2164   00000B                     ??___xxtofl:
  2165                           
  2166                           ; 1 bytes @ 0xA
  2167   00000B                     	ds	1
  2168   00000C                     tickGet@IntFlag1:
  2169                           	callstack 0
  2170   00000C                     EEPROM_Write@index:
  2171                           	callstack 0
  2172                           
  2173                           ; 2 bytes @ 0xB
  2174   00000C                     	ds	1
  2175   00000D                     tickGet@currentTime:
  2176                           	callstack 0
  2177   00000D                     ??_loadCode:
  2178                           
  2179                           ; 1 bytes @ 0xC
  2180   00000D                     	ds	1
  2181   00000E                     EEPROM_Write@value:
  2182                           	callstack 0
  2183                           
  2184                           ; 1 bytes @ 0xD
  2185   00000E                     	ds	1
  2186   00000F                     ___xxtofl@sign:
  2187                           	callstack 0
  2188   00000F                     saveCode@code:
  2189                           	callstack 0
  2190   00000F                     ___lmul@product:
  2191                           	callstack 0
  2192   00000F                     
  2193                           ; 1 bytes @ 0xE
  2194   00000F                     	ds	1
  2195   000010                     ___xxtofl@exp:
  2196                           	callstack 0
  2197                           
  2198                           ; 1 bytes @ 0xF
  2199   000010                     	ds	1
  2200   000011                     loadCode@codeNo:
  2201                           	callstack 0
  2202   000011                     ___xxtofl@arg:
  2203                           	callstack 0
  2204                           
  2205                           ; 4 bytes @ 0x10
  2206   000011                     	ds	1
  2207   000012                     loadCode@res:
  2208                           	callstack 0
  2209                           
  2210                           ; 4 bytes @ 0x11
  2211   000012                     	ds	1
  2212   000013                     ??_saveCode:
  2213                           
  2214                           ; 1 bytes @ 0x12
  2215   000013                     	ds	2
  2216   000015                     ?___flmul:
  2217                           	callstack 0
  2218   000015                     ___flmul@b:
  2219                           	callstack 0
  2220                           
  2221                           ; 4 bytes @ 0x14
  2222   000015                     	ds	1
  2223   000016                     
  2224                           ; 1 bytes @ 0x15
  2225   000016                     	ds	1
  2226   000017                     saveCode@codeNo:
  2227                           	callstack 0
  2228                           
  2229                           ; 1 bytes @ 0x16
  2230   000017                     	ds	2
  2231   000019                     ___flmul@a:
  2232                           	callstack 0
  2233                           
  2234                           ; 4 bytes @ 0x18
  2235   000019                     	ds	4
  2236   00001D                     ??___flmul:
  2237                           
  2238                           ; 1 bytes @ 0x1C
  2239   00001D                     	ds	4
  2240   000021                     ___flmul@sign:
  2241                           	callstack 0
  2242                           
  2243                           ; 1 bytes @ 0x20
  2244   000021                     	ds	1
  2245   000022                     ___flmul@aexp:
  2246                           	callstack 0
  2247                           
  2248                           ; 1 bytes @ 0x21
  2249   000022                     	ds	1
  2250   000023                     ___flmul@grs:
  2251                           	callstack 0
  2252                           
  2253                           ; 4 bytes @ 0x22
  2254   000023                     	ds	4
  2255   000027                     ___flmul@bexp:
  2256                           	callstack 0
  2257                           
  2258                           ; 1 bytes @ 0x26
  2259   000027                     	ds	1
  2260   000028                     ___flmul@prod:
  2261                           	callstack 0
  2262                           
  2263                           ; 4 bytes @ 0x27
  2264   000028                     	ds	4
  2265   00002C                     ___flmul@temp:
  2266                           	callstack 0
  2267                           
  2268                           ; 2 bytes @ 0x2B
  2269   00002C                     	ds	2
  2270   00002E                     ___flge@ff1:
  2271                           	callstack 0
  2272                           
  2273                           ; 4 bytes @ 0x2D
  2274   00002E                     	ds	4
  2275   000032                     ___flge@ff2:
  2276                           	callstack 0
  2277                           
  2278                           ; 4 bytes @ 0x31
  2279   000032                     	ds	4
  2280   000036                     ??___flge:
  2281                           
  2282                           ; 1 bytes @ 0x35
  2283   000036                     	ds	4
  2284   00003A                     ir_compare@oldval:
  2285                           	callstack 0
  2286                           
  2287                           ; 2 bytes @ 0x39
  2288   00003A                     	ds	2
  2289   00003C                     ir_compare@newval:
  2290                           	callstack 0
  2291                           
  2292                           ; 2 bytes @ 0x3B
  2293   00003C                     	ds	2
  2294   00003E                     ?_ir_decodeHash:
  2295                           	callstack 0
  2296   00003E                     ir_decodeHash@results:
  2297                           	callstack 0
  2298   00003E                     
  2299                           ; 1 bytes @ 0x3D
  2300   00003E                     	ds	4
  2301   000042                     ??_ir_decodeHash:
  2302                           
  2303                           ; 1 bytes @ 0x41
  2304   000042                     	ds	8
  2305   00004A                     ir_decodeHash@value:
  2306                           	callstack 0
  2307                           
  2308                           ; 1 bytes @ 0x49
  2309   00004A                     	ds	1
  2310   00004B                     ir_decodeHash@hash:
  2311                           	callstack 0
  2312                           
  2313                           ; 4 bytes @ 0x4A
  2314   00004B                     	ds	4
  2315   00004F                     ir_decodeHash@i:
  2316                           	callstack 0
  2317                           
  2318                           ; 2 bytes @ 0x4E
  2319   00004F                     	ds	2
  2320   000051                     ir_decode@results:
  2321                           	callstack 0
  2322                           
  2323                           ; 1 bytes @ 0x50
  2324   000051                     	ds	1
  2325   000052                     
  2326                           ; 1 bytes @ 0x51
  2327 ;;
  2328 ;;Main: autosize = 0, tempsize = 0, incstack = 0, save=0
  2329 ;;
  2330 ;; *************** function _main *****************
  2331 ;; Defined at:
  2332 ;;		line 127 in file "IRswitchMain.c"
  2333 ;; Parameters:    Size  Location     Type
  2334 ;;		None
  2335 ;; Auto vars:     Size  Location     Type
  2336 ;;  i               1    7[BANK0 ] unsigned char 
  2337 ;;  t2              1    6[BANK0 ] unsigned char 
  2338 ;;  t1              1    5[BANK0 ] unsigned char 
  2339 ;; Return value:  Size  Location     Type
  2340 ;;                  1    wreg      void 
  2341 ;; Registers used:
  2342 ;;		wreg, fsr2l, fsr2h, status,2, status,0, prodl, prodh, cstack
  2343 ;; Tracked objects:
  2344 ;;		On entry : 0/0
  2345 ;;		On exit  : 0/0
  2346 ;;		Unchanged: 0/0
  2347 ;; Data sizes:     COMRAM   BANK0   BANK1   BANK2   BANK3   BANK4   BANK5   BANK6   BANK7   BANK8   BANK9  BANK10  BANK1
      +1  BANK12  BANK13  BANK14
  2348 ;;      Params:         0       0       0       0       0       0       0       0       0       0       0       0       
      +0       0       0       0
  2349 ;;      Locals:         0       3       0       0       0       0       0       0       0       0       0       0       
      +0       0       0       0
  2350 ;;      Temps:          0       0       0       0       0       0       0       0       0       0       0       0       
      +0       0       0       0
  2351 ;;      Totals:         0       3       0       0       0       0       0       0       0       0       0       0       
      +0       0       0       0
  2352 ;;Total ram usage:        3 bytes
  2353 ;; Hardware stack levels required when called: 10
  2354 ;; This function calls:
  2355 ;;		_loop
  2356 ;;		_setup
  2357 ;; This function is called by:
  2358 ;;		Startup code after reset
  2359 ;; This function uses a non-reentrant model
  2360 ;;
  2361                           
  2362                           	psect	text0
  2363   002184                     __ptext0:
  2364                           	callstack 0
  2365   002184                     _main:
  2366                           	callstack 21
  2367   002184                     
  2368                           ;IRswitchMain.c: 128:                     break;;IRswitchMain.c: 133:             ir_res
      +                          ume();
  2369   002184  0100               	movlb	0	; () banked
  2370   002186  6BBF               	clrf	main@t1& (0+255),b
  2371   002188                     l63:
  2372                           
  2373                           ; BSR set to: 0
  2374                           ;IRswitchMain.c: 134:         }
  2375   002188  6BC0               	clrf	main@t2& (0+255),b
  2376   00218A                     l65:
  2377                           
  2378                           ; BSR set to: 0
  2379                           ;IRswitchMain.c: 135:     } else {
  2380   00218A  6BC1               	clrf	main@i& (0+255),b
  2381   00218C                     l67:
  2382                           
  2383                           ; BSR set to: 0
  2384                           ;IRswitchMain.c: 137:             configState = CONFIG_NONE;
  2385   00218C  9A8B               	bcf	139,5,c	;volatile
  2386   00218E                     
  2387                           ; BSR set to: 0
  2388                           ;IRswitchMain.c: 138:             {LATCbits.LATC1 = 0;};
  2389   00218E  2BC1               	incf	main@i& (0+255),f,b
  2390   002190                     
  2391                           ; BSR set to: 0
  2392   002190  29C1               	incf	main@i& (0+255),w,b
  2393   002192  A4D8               	btfss	status,2,c
  2394   002194  EFCE  F010         	goto	u2671
  2395   002198  EFD0  F010         	goto	u2670
  2396   00219C                     u2671:
  2397   00219C  EFC6  F010         	goto	l67
  2398   0021A0                     u2670:
  2399   0021A0                     
  2400                           ; BSR set to: 0
  2401                           ;IRswitchMain.c: 139:             {LATCbits.LATC2 = 0;};
  2402   0021A0  2BC0               	incf	main@t2& (0+255),f,b
  2403   0021A2                     
  2404                           ; BSR set to: 0
  2405   0021A2  29C0               	incf	main@t2& (0+255),w,b
  2406   0021A4  A4D8               	btfss	status,2,c
  2407   0021A6  EFD7  F010         	goto	u2681
  2408   0021AA  EFD9  F010         	goto	u2680
  2409   0021AE                     u2681:
  2410   0021AE  EFC5  F010         	goto	l65
  2411   0021B2                     u2680:
  2412   0021B2                     
  2413                           ; BSR set to: 0
  2414                           ;IRswitchMain.c: 140:             if (ir_results.value == code1_hash) {
  2415   0021B2  2BBF               	incf	main@t1& (0+255),f,b
  2416   0021B4                     
  2417                           ; BSR set to: 0
  2418   0021B4  0E3F               	movlw	63
  2419   0021B6  65BF               	cpfsgt	main@t1& (0+255),b
  2420   0021B8  EFE0  F010         	goto	u2691
  2421   0021BC  EFE2  F010         	goto	u2690
  2422   0021C0                     u2691:
  2423   0021C0  EFC4  F010         	goto	l63
  2424   0021C4                     u2690:
  2425   0021C4                     
  2426                           ; BSR set to: 0
  2427                           ;IRswitchMain.c: 141:                 {LATCbits.LATC3 = 1;};
  2428   0021C4  EC58  F010         	call	_setup	;wreg free
  2429   0021C8                     l3424:
  2430                           
  2431                           ;IRswitchMain.c: 144:             }
  2432   0021C8  EC14  F00A         	call	_loop	;wreg free
  2433   0021CC  EFE4  F010         	goto	l3424
  2434   0021D0  EF0E  F000         	goto	start
  2435   0021D4                     __end_of_main:
  2436                           	callstack 0
  2437                           
  2438 ;; *************** function _setup *****************
  2439 ;; Defined at:
  2440 ;;		line 149 in file "IRswitchMain.c"
  2441 ;; Parameters:    Size  Location     Type
  2442 ;;		None
  2443 ;; Auto vars:     Size  Location     Type
  2444 ;;		None
  2445 ;; Return value:  Size  Location     Type
  2446 ;;                  1    wreg      void 
  2447 ;; Registers used:
  2448 ;;		wreg, status,2, status,0, prodl, prodh, cstack
  2449 ;; Tracked objects:
  2450 ;;		On entry : 0/0
  2451 ;;		On exit  : 0/0
  2452 ;;		Unchanged: 0/0
  2453 ;; Data sizes:     COMRAM   BANK0   BANK1   BANK2   BANK3   BANK4   BANK5   BANK6   BANK7   BANK8   BANK9  BANK10  BANK1
      +1  BANK12  BANK13  BANK14
  2454 ;;      Params:         0       0       0       0       0       0       0       0       0       0       0       0       
      +0       0       0       0
  2455 ;;      Locals:         0       0       0       0       0       0       0       0       0       0       0       0       
      +0       0       0       0
  2456 ;;      Temps:          0       0       0       0       0       0       0       0       0       0       0       0       
      +0       0       0       0
  2457 ;;      Totals:         0       0       0       0       0       0       0       0       0       0       0       0       
      +0       0       0       0
  2458 ;;Total ram usage:        0 bytes
  2459 ;; Hardware stack levels used: 1
  2460 ;; Hardware stack levels required when called: 7
  2461 ;; This function calls:
  2462 ;;		_initRomOps
  2463 ;;		_initTicker
  2464 ;;		_ir_enableIRIn
  2465 ;;		_loadCode
  2466 ;; This function is called by:
  2467 ;;		_main
  2468 ;; This function uses a non-reentrant model
  2469 ;;
  2470                           
  2471                           	psect	text1
  2472   0020B0                     __ptext1:
  2473                           	callstack 0
  2474   0020B0                     _setup:
  2475                           	callstack 23
  2476   0020B0                     
  2477                           ;IRswitchMain.c: 151:                 {LATCbits.LATC3 = 0;};
  2478   0020B0  9CF2               	bcf	242,6,c	;volatile
  2479   0020B2  9EF2               	bcf	242,7,c	;volatile
  2480                           
  2481                           ;IRswitchMain.c: 152:                 {LATCbits.LATC4 = 0;};
  2482   0020B4  8ED0               	bsf	208,7,c	;volatile
  2483   0020B6                     
  2484                           ;IRswitchMain.c: 154:             ir_resume();
  2485   0020B6  0E00               	movlw	0
  2486   0020B8  ECEA  F010         	call	_initTicker
  2487   0020BC                     
  2488                           ;IRswitchMain.c: 155:         }
  2489   0020BC  ECAA  F011         	call	_initRomOps	;wreg free
  2490   0020C0                     
  2491                           ;IRswitchMain.c: 157: }
  2492   0020C0  010F               	movlb	15	; () banked
  2493   0020C2  6B5D               	clrf	93,b	;volatile
  2494   0020C4                     
  2495                           ; BSR set to: 15
  2496                           ;IRswitchMain.c: 158: 
  2497   0020C4  6B5C               	clrf	92,b	;volatile
  2498   0020C6                     
  2499                           ; BSR set to: 15
  2500                           ;IRswitchMain.c: 161: 
  2501   0020C6  9294               	bcf	148,1,c	;volatile
  2502   0020C8                     
  2503                           ; BSR set to: 15
  2504                           ;IRswitchMain.c: 162: 
  2505   0020C8  9494               	bcf	148,2,c	;volatile
  2506   0020CA                     
  2507                           ; BSR set to: 15
  2508                           ;IRswitchMain.c: 163: 
  2509   0020CA  9694               	bcf	148,3,c	;volatile
  2510   0020CC                     
  2511                           ; BSR set to: 15
  2512                           ;IRswitchMain.c: 164: unsigned long loadCode(uint8_t codeNo) {
  2513   0020CC  9894               	bcf	148,4,c	;volatile
  2514   0020CE                     
  2515                           ; BSR set to: 15
  2516                           ;IRswitchMain.c: 165:     unsigned long res;
  2517   0020CE  9A94               	bcf	148,5,c	;volatile
  2518   0020D0                     
  2519                           ; BSR set to: 15
  2520                           ;IRswitchMain.c: 166:     res = EEPROM_Read(0 + 4*codeNo);
  2521   0020D0  9093               	bcf	147,0,c	;volatile
  2522   0020D2                     
  2523                           ; BSR set to: 15
  2524                           ;IRswitchMain.c: 167:     res = res << 8;
  2525   0020D2  8492               	bsf	146,2,c	;volatile
  2526   0020D4                     
  2527                           ; BSR set to: 15
  2528                           ;IRswitchMain.c: 168:     res |= EEPROM_Read(1 + 4*codeNo);
  2529   0020D4  8092               	bsf	146,0,c	;volatile
  2530   0020D6                     
  2531                           ; BSR set to: 15
  2532                           ;IRswitchMain.c: 170:     res |= EEPROM_Read(2 + 4*codeNo);
  2533   0020D6  928B               	bcf	139,1,c	;volatile
  2534   0020D8                     
  2535                           ; BSR set to: 15
  2536                           ;IRswitchMain.c: 171:     res = res << 8;
  2537   0020D8  948B               	bcf	139,2,c	;volatile
  2538   0020DA                     
  2539                           ; BSR set to: 15
  2540                           ;IRswitchMain.c: 172:     res |= EEPROM_Read(3 + 4*codeNo);
  2541   0020DA  968B               	bcf	139,3,c	;volatile
  2542   0020DC                     
  2543                           ; BSR set to: 15
  2544                           ;IRswitchMain.c: 173:     return res;
  2545   0020DC  988B               	bcf	139,4,c	;volatile
  2546   0020DE                     
  2547                           ; BSR set to: 15
  2548                           ;IRswitchMain.c: 174: }
  2549   0020DE  9A8B               	bcf	139,5,c	;volatile
  2550   0020E0                     
  2551                           ; BSR set to: 15
  2552                           ;IRswitchMain.c: 175: 
  2553   0020E0  908A               	bcf	138,0,c	;volatile
  2554   0020E2                     
  2555                           ; BSR set to: 15
  2556                           ;IRswitchMain.c: 178: 
  2557   0020E2  EC86  F011         	call	_ir_enableIRIn	;wreg free
  2558   0020E6                     
  2559                           ;IRswitchMain.c: 181: void saveCode(uint8_t codeNo, unsigned long code) {
  2560   0020E6  6A58               	clrf	_configState^0,c
  2561   0020E8                     
  2562                           ;IRswitchMain.c: 184:     EEPROM_Write(2 + 4*codeNo, code & 0xFF);
  2563   0020E8  0E00               	movlw	0
  2564   0020EA  EC28  F00F         	call	_loadCode
  2565   0020EE  C009  F0A4         	movff	?_loadCode,_code1_hash
  2566   0020F2  C00A  F0A5         	movff	?_loadCode+1,_code1_hash+1
  2567   0020F6  C00B  F0A6         	movff	?_loadCode+2,_code1_hash+2
  2568   0020FA  C00C  F0A7         	movff	?_loadCode+3,_code1_hash+3
  2569   0020FE                     
  2570                           ;IRswitchMain.c: 185:     code = code >> 8;
  2571   0020FE  0E01               	movlw	1
  2572   002100  EC28  F00F         	call	_loadCode
  2573   002104  C009  F0A0         	movff	?_loadCode,_code2_hash
  2574   002108  C00A  F0A1         	movff	?_loadCode+1,_code2_hash+1
  2575   00210C  C00B  F0A2         	movff	?_loadCode+2,_code2_hash+2
  2576   002110  C00C  F0A3         	movff	?_loadCode+3,_code2_hash+3
  2577   002114                     
  2578                           ;IRswitchMain.c: 186:     EEPROM_Write(1 + 4*codeNo, code & 0xFF);
  2579   002114  8CF2               	bsf	242,6,c	;volatile
  2580   002116  8EF2               	bsf	242,7,c	;volatile
  2581   002118  0012               	return		;funcret
  2582   00211A                     __end_of_setup:
  2583                           	callstack 0
  2584                           
  2585 ;; *************** function _loadCode *****************
  2586 ;; Defined at:
  2587 ;;		line 268 in file "IRswitchMain.c"
  2588 ;; Parameters:    Size  Location     Type
  2589 ;;  codeNo          1    wreg     unsigned char 
  2590 ;; Auto vars:     Size  Location     Type
  2591 ;;  codeNo          1   16[COMRAM] unsigned char 
  2592 ;;  res             4   17[COMRAM] unsigned long 
  2593 ;; Return value:  Size  Location     Type
  2594 ;;                  4    8[COMRAM] unsigned long 
  2595 ;; Registers used:
  2596 ;;		wreg, status,2, status,0, prodl, prodh, cstack
  2597 ;; Tracked objects:
  2598 ;;		On entry : 0/0
  2599 ;;		On exit  : 0/0
  2600 ;;		Unchanged: 0/0
  2601 ;; Data sizes:     COMRAM   BANK0   BANK1   BANK2   BANK3   BANK4   BANK5   BANK6   BANK7   BANK8   BANK9  BANK10  BANK1
      +1  BANK12  BANK13  BANK14
  2602 ;;      Params:         4       0       0       0       0       0       0       0       0       0       0       0       
      +0       0       0       0
  2603 ;;      Locals:         5       0       0       0       0       0       0       0       0       0       0       0       
      +0       0       0       0
  2604 ;;      Temps:          4       0       0       0       0       0       0       0       0       0       0       0       
      +0       0       0       0
  2605 ;;      Totals:        13       0       0       0       0       0       0       0       0       0       0       0       
      +0       0       0       0
  2606 ;;Total ram usage:       13 bytes
  2607 ;; Hardware stack levels used: 1
  2608 ;; Hardware stack levels required when called: 6
  2609 ;; This function calls:
  2610 ;;		_EEPROM_Read
  2611 ;; This function is called by:
  2612 ;;		_setup
  2613 ;; This function uses a non-reentrant model
  2614 ;;
  2615                           
  2616                           	psect	text2
  2617   001E50                     __ptext2:
  2618                           	callstack 0
  2619   001E50                     _loadCode:
  2620                           	callstack 23
  2621                           
  2622                           ;incstack = 0
  2623                           ;loadCode@codeNo stored from wreg
  2624   001E50  6E11               	movwf	loadCode@codeNo^0,c
  2625   001E52  5011               	movf	loadCode@codeNo^0,w,c
  2626   001E54  0D04               	mullw	4
  2627   001E56  CFF3 F007          	movff	prodl,EEPROM_Read@index
  2628   001E5A  CFF4 F008          	movff	prodh,EEPROM_Read@index+1
  2629   001E5E  EC5B  F011         	call	_EEPROM_Read	;wreg free
  2630   001E62  6E0D               	movwf	??_loadCode^0,c
  2631   001E64  500D               	movf	??_loadCode^0,w,c
  2632   001E66  6E12               	movwf	loadCode@res^0,c
  2633   001E68  6A13               	clrf	(loadCode@res+1)^0,c
  2634   001E6A  6A14               	clrf	(loadCode@res+2)^0,c
  2635   001E6C  6A15               	clrf	(loadCode@res+3)^0,c
  2636   001E6E  C012  F00E         	movff	loadCode@res,??_loadCode+1
  2637   001E72  C013  F00F         	movff	loadCode@res+1,??_loadCode+2
  2638   001E76  C014  F010         	movff	loadCode@res+2,??_loadCode+3
  2639   001E7A  6A0D               	clrf	??_loadCode^0,c
  2640   001E7C  C00D  F012         	movff	??_loadCode,loadCode@res
  2641   001E80  C00E  F013         	movff	??_loadCode+1,loadCode@res+1
  2642   001E84  C00F  F014         	movff	??_loadCode+2,loadCode@res+2
  2643   001E88  C010  F015         	movff	??_loadCode+3,loadCode@res+3
  2644   001E8C  5011               	movf	loadCode@codeNo^0,w,c
  2645   001E8E  6E0D               	movwf	??_loadCode^0,c
  2646   001E90  6A0E               	clrf	(??_loadCode+1)^0,c
  2647   001E92  90D8               	bcf	status,0,c
  2648   001E94  360D               	rlcf	??_loadCode^0,f,c
  2649   001E96  360E               	rlcf	(??_loadCode+1)^0,f,c
  2650   001E98  90D8               	bcf	status,0,c
  2651   001E9A  360D               	rlcf	??_loadCode^0,f,c
  2652   001E9C  360E               	rlcf	(??_loadCode+1)^0,f,c
  2653   001E9E  0E01               	movlw	1
  2654   001EA0  240D               	addwf	??_loadCode^0,w,c
  2655   001EA2  6E07               	movwf	EEPROM_Read@index^0,c
  2656   001EA4  0E00               	movlw	0
  2657   001EA6  200E               	addwfc	(??_loadCode+1)^0,w,c
  2658   001EA8  6E08               	movwf	(EEPROM_Read@index+1)^0,c
  2659   001EAA  EC5B  F011         	call	_EEPROM_Read	;wreg free
  2660   001EAE  6E0F               	movwf	(??_loadCode+2)^0,c
  2661   001EB0  500F               	movf	(??_loadCode+2)^0,w,c
  2662   001EB2  1212               	iorwf	loadCode@res^0,f,c
  2663   001EB4  C012  F00E         	movff	loadCode@res,??_loadCode+1
  2664   001EB8  C013  F00F         	movff	loadCode@res+1,??_loadCode+2
  2665   001EBC  C014  F010         	movff	loadCode@res+2,??_loadCode+3
  2666   001EC0  6A0D               	clrf	??_loadCode^0,c
  2667   001EC2  C00D  F012         	movff	??_loadCode,loadCode@res
  2668   001EC6  C00E  F013         	movff	??_loadCode+1,loadCode@res+1
  2669   001ECA  C00F  F014         	movff	??_loadCode+2,loadCode@res+2
  2670   001ECE  C010  F015         	movff	??_loadCode+3,loadCode@res+3
  2671   001ED2  5011               	movf	loadCode@codeNo^0,w,c
  2672   001ED4  6E0D               	movwf	??_loadCode^0,c
  2673   001ED6  6A0E               	clrf	(??_loadCode+1)^0,c
  2674   001ED8  90D8               	bcf	status,0,c
  2675   001EDA  360D               	rlcf	??_loadCode^0,f,c
  2676   001EDC  360E               	rlcf	(??_loadCode+1)^0,f,c
  2677   001EDE  90D8               	bcf	status,0,c
  2678   001EE0  360D               	rlcf	??_loadCode^0,f,c
  2679   001EE2  360E               	rlcf	(??_loadCode+1)^0,f,c
  2680   001EE4  0E02               	movlw	2
  2681   001EE6  240D               	addwf	??_loadCode^0,w,c
  2682   001EE8  6E07               	movwf	EEPROM_Read@index^0,c
  2683   001EEA  0E00               	movlw	0
  2684   001EEC  200E               	addwfc	(??_loadCode+1)^0,w,c
  2685   001EEE  6E08               	movwf	(EEPROM_Read@index+1)^0,c
  2686   001EF0  EC5B  F011         	call	_EEPROM_Read	;wreg free
  2687   001EF4  6E0F               	movwf	(??_loadCode+2)^0,c
  2688   001EF6  500F               	movf	(??_loadCode+2)^0,w,c
  2689   001EF8  1212               	iorwf	loadCode@res^0,f,c
  2690   001EFA  C012  F00E         	movff	loadCode@res,??_loadCode+1
  2691   001EFE  C013  F00F         	movff	loadCode@res+1,??_loadCode+2
  2692   001F02  C014  F010         	movff	loadCode@res+2,??_loadCode+3
  2693   001F06  6A0D               	clrf	??_loadCode^0,c
  2694   001F08  C00D  F012         	movff	??_loadCode,loadCode@res
  2695   001F0C  C00E  F013         	movff	??_loadCode+1,loadCode@res+1
  2696   001F10  C00F  F014         	movff	??_loadCode+2,loadCode@res+2
  2697   001F14  C010  F015         	movff	??_loadCode+3,loadCode@res+3
  2698   001F18  5011               	movf	loadCode@codeNo^0,w,c
  2699   001F1A  6E0D               	movwf	??_loadCode^0,c
  2700   001F1C  6A0E               	clrf	(??_loadCode+1)^0,c
  2701   001F1E  90D8               	bcf	status,0,c
  2702   001F20  360D               	rlcf	??_loadCode^0,f,c
  2703   001F22  360E               	rlcf	(??_loadCode+1)^0,f,c
  2704   001F24  90D8               	bcf	status,0,c
  2705   001F26  360D               	rlcf	??_loadCode^0,f,c
  2706   001F28  360E               	rlcf	(??_loadCode+1)^0,f,c
  2707   001F2A  0E03               	movlw	3
  2708   001F2C  240D               	addwf	??_loadCode^0,w,c
  2709   001F2E  6E07               	movwf	EEPROM_Read@index^0,c
  2710   001F30  0E00               	movlw	0
  2711   001F32  200E               	addwfc	(??_loadCode+1)^0,w,c
  2712   001F34  6E08               	movwf	(EEPROM_Read@index+1)^0,c
  2713   001F36  EC5B  F011         	call	_EEPROM_Read	;wreg free
  2714   001F3A  6E0F               	movwf	(??_loadCode+2)^0,c
  2715   001F3C  500F               	movf	(??_loadCode+2)^0,w,c
  2716   001F3E  1212               	iorwf	loadCode@res^0,f,c
  2717   001F40  C012  F009         	movff	loadCode@res,?_loadCode
  2718   001F44  C013  F00A         	movff	loadCode@res+1,?_loadCode+1
  2719   001F48  C014  F00B         	movff	loadCode@res+2,?_loadCode+2
  2720   001F4C  C015  F00C         	movff	loadCode@res+3,?_loadCode+3
  2721   001F50  0012               	return		;funcret
  2722   001F52                     __end_of_loadCode:
  2723                           	callstack 0
  2724                           
  2725 ;; *************** function _ir_enableIRIn *****************
  2726 ;; Defined at:
  2727 ;;		line 40 in file "ir.c"
  2728 ;; Parameters:    Size  Location     Type
  2729 ;;		None
  2730 ;; Auto vars:     Size  Location     Type
  2731 ;;		None
  2732 ;; Return value:  Size  Location     Type
  2733 ;;                  1    wreg      void 
  2734 ;; Registers used:
  2735 ;;		wreg, status,2, cstack
  2736 ;; Tracked objects:
  2737 ;;		On entry : 0/0
  2738 ;;		On exit  : 0/0
  2739 ;;		Unchanged: 0/0
  2740 ;; Data sizes:     COMRAM   BANK0   BANK1   BANK2   BANK3   BANK4   BANK5   BANK6   BANK7   BANK8   BANK9  BANK10  BANK1
      +1  BANK12  BANK13  BANK14
  2741 ;;      Params:         0       0       0       0       0       0       0       0       0       0       0       0       
      +0       0       0       0
  2742 ;;      Locals:         0       0       0       0       0       0       0       0       0       0       0       0       
      +0       0       0       0
  2743 ;;      Temps:          0       0       0       0       0       0       0       0       0       0       0       0       
      +0       0       0       0
  2744 ;;      Totals:         0       0       0       0       0       0       0       0       0       0       0       0       
      +0       0       0       0
  2745 ;;Total ram usage:        0 bytes
  2746 ;; Hardware stack levels used: 1
  2747 ;; Hardware stack levels required when called: 6
  2748 ;; This function calls:
  2749 ;;		_ir_timerCfgNorm
  2750 ;;		_ir_timerRst
  2751 ;; This function is called by:
  2752 ;;		_setup
  2753 ;; This function uses a non-reentrant model
  2754 ;;
  2755                           
  2756                           	psect	text3
  2757   00230C                     __ptext3:
  2758                           	callstack 0
  2759   00230C                     _ir_enableIRIn:
  2760                           	callstack 23
  2761   00230C                     
  2762                           ;ir.c: 41:     {LATCbits.LATC5 = 0;};
  2763   00230C  9A8B               	bcf	139,5,c	;volatile
  2764   00230E                     
  2765                           ;ir.c: 43:     irparams.rcvstate = 2;
  2766   00230E  0E02               	movlw	2
  2767   002310  0101               	movlb	1	; () banked
  2768   002312  6F00               	movwf	_irparams& (0+255),b	;volatile
  2769                           
  2770                           ;ir.c: 44:     irparams.rawlen = 0;
  2771   002314  0E00               	movlw	0
  2772   002316  6FCC               	movwf	(_irparams+204)& (0+255),b	;volatile
  2773   002318  0E00               	movlw	0
  2774   00231A  6FCB               	movwf	(_irparams+203)& (0+255),b	;volatile
  2775   00231C                     
  2776                           ; BSR set to: 1
  2777                           ;ir.c: 46:     TRISAbits.TRISA0 = 1;
  2778   00231C  8092               	bsf	146,0,c	;volatile
  2779   00231E                     
  2780                           ; BSR set to: 1
  2781                           ;ir.c: 48:     (INTCONbits.GIEH = 0);
  2782   00231E  9EF2               	bcf	242,7,c	;volatile
  2783   002320                     
  2784                           ; BSR set to: 1
  2785                           ;ir.c: 50:     ir_timerCfgNorm();
  2786   002320  EC97  F011         	call	_ir_timerCfgNorm	;wreg free
  2787   002324                     
  2788                           ;ir.c: 51:     ir_timerRst();
  2789   002324  ECB1  F011         	call	_ir_timerRst	;wreg free
  2790   002328                     
  2791                           ;ir.c: 54:     (PIE2bits.TMR3IE=1);
  2792   002328  82A0               	bsf	160,1,c	;volatile
  2793   00232A                     
  2794                           ;ir.c: 56:     (INTCONbits.GIEH = 1);
  2795   00232A  8EF2               	bsf	242,7,c	;volatile
  2796   00232C  0012               	return		;funcret
  2797   00232E                     __end_of_ir_enableIRIn:
  2798                           	callstack 0
  2799                           
  2800 ;; *************** function _ir_timerRst *****************
  2801 ;; Defined at:
  2802 ;;		line 79 in file "ir.c"
  2803 ;; Parameters:    Size  Location     Type
  2804 ;;		None
  2805 ;; Auto vars:     Size  Location     Type
  2806 ;;		None
  2807 ;; Return value:  Size  Location     Type
  2808 ;;                  1    wreg      void 
  2809 ;; Registers used:
  2810 ;;		wreg, status,2
  2811 ;; Tracked objects:
  2812 ;;		On entry : 0/0
  2813 ;;		On exit  : 0/0
  2814 ;;		Unchanged: 0/0
  2815 ;; Data sizes:     COMRAM   BANK0   BANK1   BANK2   BANK3   BANK4   BANK5   BANK6   BANK7   BANK8   BANK9  BANK10  BANK1
      +1  BANK12  BANK13  BANK14
  2816 ;;      Params:         0       0       0       0       0       0       0       0       0       0       0       0       
      +0       0       0       0
  2817 ;;      Locals:         0       0       0       0       0       0       0       0       0       0       0       0       
      +0       0       0       0
  2818 ;;      Temps:          0       0       0       0       0       0       0       0       0       0       0       0       
      +0       0       0       0
  2819 ;;      Totals:         0       0       0       0       0       0       0       0       0       0       0       0       
      +0       0       0       0
  2820 ;;Total ram usage:        0 bytes
  2821 ;; Hardware stack levels used: 1
  2822 ;; Hardware stack levels required when called: 5
  2823 ;; This function calls:
  2824 ;;		Nothing
  2825 ;; This function is called by:
  2826 ;;		_ir_enableIRIn
  2827 ;; This function uses a non-reentrant model
  2828 ;;
  2829                           
  2830                           	psect	text4
  2831   002362                     __ptext4:
  2832                           	callstack 0
  2833   002362                     _ir_timerRst:
  2834                           	callstack 23
  2835   002362                     
  2836                           ;ir.c: 81:     TMR3H = (65535 - (50*(16000000/1000000)))/256;
  2837   002362  0EFC               	movlw	252
  2838   002364  6EB3               	movwf	179,c	;volatile
  2839                           
  2840                           ;ir.c: 82:     TMR3L = (65535 - (50*(16000000/1000000)))%256;
  2841   002366  0EDF               	movlw	223
  2842   002368  6EB2               	movwf	178,c	;volatile
  2843   00236A  0012               	return		;funcret
  2844   00236C                     __end_of_ir_timerRst:
  2845                           	callstack 0
  2846                           
  2847 ;; *************** function _ir_timerCfgNorm *****************
  2848 ;; Defined at:
  2849 ;;		line 65 in file "ir.c"
  2850 ;; Parameters:    Size  Location     Type
  2851 ;;		None
  2852 ;; Auto vars:     Size  Location     Type
  2853 ;;		None
  2854 ;; Return value:  Size  Location     Type
  2855 ;;                  1    wreg      void 
  2856 ;; Registers used:
  2857 ;;		wreg, status,2
  2858 ;; Tracked objects:
  2859 ;;		On entry : 0/0
  2860 ;;		On exit  : 0/0
  2861 ;;		Unchanged: 0/0
  2862 ;; Data sizes:     COMRAM   BANK0   BANK1   BANK2   BANK3   BANK4   BANK5   BANK6   BANK7   BANK8   BANK9  BANK10  BANK1
      +1  BANK12  BANK13  BANK14
  2863 ;;      Params:         0       0       0       0       0       0       0       0       0       0       0       0       
      +0       0       0       0
  2864 ;;      Locals:         0       0       0       0       0       0       0       0       0       0       0       0       
      +0       0       0       0
  2865 ;;      Temps:          0       0       0       0       0       0       0       0       0       0       0       0       
      +0       0       0       0
  2866 ;;      Totals:         0       0       0       0       0       0       0       0       0       0       0       0       
      +0       0       0       0
  2867 ;;Total ram usage:        0 bytes
  2868 ;; Hardware stack levels used: 1
  2869 ;; Hardware stack levels required when called: 5
  2870 ;; This function calls:
  2871 ;;		Nothing
  2872 ;; This function is called by:
  2873 ;;		_ir_enableIRIn
  2874 ;; This function uses a non-reentrant model
  2875 ;;
  2876                           
  2877                           	psect	text5
  2878   00232E                     __ptext5:
  2879                           	callstack 0
  2880   00232E                     _ir_timerCfgNorm:
  2881                           	callstack 23
  2882   00232E                     
  2883                           ;ir.c: 67:   IPR2bits.TMR3IP = 1;
  2884   00232E  82A2               	bsf	162,1,c	;volatile
  2885   002330                     
  2886                           ;ir.c: 68:   T3CON = 0b10000100;
  2887   002330  0E84               	movlw	132
  2888   002332  6EB1               	movwf	177,c	;volatile
  2889                           
  2890                           ;ir.c: 69:   TMR3H = (65535 - (50*(16000000/1000000)))/256;
  2891   002334  0EFC               	movlw	252
  2892   002336  6EB3               	movwf	179,c	;volatile
  2893                           
  2894                           ;ir.c: 70:   TMR3L = (65535 - (50*(16000000/1000000)))%256;
  2895   002338  0EDF               	movlw	223
  2896   00233A  6EB2               	movwf	178,c	;volatile
  2897   00233C                     
  2898                           ;ir.c: 71:   PIR2bits.TMR3IF = 0;
  2899   00233C  92A1               	bcf	161,1,c	;volatile
  2900   00233E                     
  2901                           ;ir.c: 72:   IPR2bits.TMR3IP = 1;
  2902   00233E  82A2               	bsf	162,1,c	;volatile
  2903   002340                     
  2904                           ;ir.c: 73:   T3CONbits.TMR3ON = 1;
  2905   002340  80B1               	bsf	177,0,c	;volatile
  2906   002342  0012               	return		;funcret
  2907   002344                     __end_of_ir_timerCfgNorm:
  2908                           	callstack 0
  2909                           
  2910 ;; *************** function _initTicker *****************
  2911 ;; Defined at:
  2912 ;;		line 37 in file "ticker.c"
  2913 ;; Parameters:    Size  Location     Type
  2914 ;;  priority        1    wreg     unsigned char 
  2915 ;; Auto vars:     Size  Location     Type
  2916 ;;  priority        1    6[COMRAM] unsigned char 
  2917 ;;  i               1    8[COMRAM] unsigned char 
  2918 ;;  divider         1    7[COMRAM] unsigned char 
  2919 ;; Return value:  Size  Location     Type
  2920 ;;                  1    wreg      void 
  2921 ;; Registers used:
  2922 ;;		wreg, status,2, status,0
  2923 ;; Tracked objects:
  2924 ;;		On entry : 0/0
  2925 ;;		On exit  : 0/0
  2926 ;;		Unchanged: 0/0
  2927 ;; Data sizes:     COMRAM   BANK0   BANK1   BANK2   BANK3   BANK4   BANK5   BANK6   BANK7   BANK8   BANK9  BANK10  BANK1
      +1  BANK12  BANK13  BANK14
  2928 ;;      Params:         0       0       0       0       0       0       0       0       0       0       0       0       
      +0       0       0       0
  2929 ;;      Locals:         3       0       0       0       0       0       0       0       0       0       0       0       
      +0       0       0       0
  2930 ;;      Temps:          0       0       0       0       0       0       0       0       0       0       0       0       
      +0       0       0       0
  2931 ;;      Totals:         3       0       0       0       0       0       0       0       0       0       0       0       
      +0       0       0       0
  2932 ;;Total ram usage:        3 bytes
  2933 ;; Hardware stack levels used: 1
  2934 ;; Hardware stack levels required when called: 5
  2935 ;; This function calls:
  2936 ;;		Nothing
  2937 ;; This function is called by:
  2938 ;;		_setup
  2939 ;; This function uses a non-reentrant model
  2940 ;;
  2941                           
  2942                           	psect	text6
  2943   0021D4                     __ptext6:
  2944                           	callstack 0
  2945   0021D4                     _initTicker:
  2946                           	callstack 24
  2947                           
  2948                           ;incstack = 0
  2949                           ;initTicker@priority stored from wreg
  2950   0021D4  6E07               	movwf	initTicker@priority^0,c
  2951   0021D6                     
  2952                           ;ticker.c: 38:     uint8_t divider, i;;ticker.c: 40:     divider = 0;
  2953   0021D6  6A08               	clrf	initTicker@divider^0,c
  2954   0021D8                     
  2955                           ;ticker.c: 41:     for (i=16;i>0;i>>=1)
  2956   0021D8  0E10               	movlw	16
  2957   0021DA  6E09               	movwf	initTicker@i^0,c
  2958   0021DC                     l2360:
  2959                           
  2960                           ;ticker.c: 42:         divider++;
  2961   0021DC  2A08               	incf	initTicker@divider^0,f,c
  2962   0021DE  90D8               	bcf	status,0,c
  2963   0021E0  3209               	rrcf	initTicker@i^0,f,c
  2964   0021E2  5009               	movf	initTicker@i^0,w,c
  2965   0021E4  A4D8               	btfss	status,2,c
  2966   0021E6  EFF7  F010         	goto	u1611
  2967   0021EA  EFF9  F010         	goto	u1610
  2968   0021EE                     u1611:
  2969   0021EE  EFEE  F010         	goto	l2360
  2970   0021F2                     u1610:
  2971   0021F2                     
  2972                           ;ticker.c: 45:     T0CON = (uint8_t)(0b00000000 | divider);
  2973   0021F2  C008  FFD5         	movff	initTicker@divider,4053	;volatile
  2974                           
  2975                           ;ticker.c: 46:     T0CONbits.T08BIT = 0;
  2976   0021F6  9CD5               	bcf	213,6,c	;volatile
  2977                           
  2978                           ;ticker.c: 47:     T0CONbits.T0CS = 0;
  2979   0021F8  9AD5               	bcf	213,5,c	;volatile
  2980                           
  2981                           ;ticker.c: 48:     TMR0H = 0;
  2982   0021FA  6AD7               	clrf	215,c	;volatile
  2983                           
  2984                           ;ticker.c: 49:     TMR0L = 0;
  2985   0021FC  6AD6               	clrf	214,c	;volatile
  2986                           
  2987                           ;ticker.c: 50:     INTCON2bits.TMR0IP = priority;
  2988   0021FE  B007               	btfsc	initTicker@priority^0,0,c
  2989   002200  D002               	bra	u1625
  2990   002202  94F1               	bcf	241,2,c	;volatile
  2991   002204  D001               	bra	u1626
  2992   002206                     u1625:
  2993   002206  84F1               	bsf	241,2,c	;volatile
  2994   002208                     u1626:
  2995                           
  2996                           ;ticker.c: 51:     INTCONbits.TMR0IF = 0;
  2997   002208  94F2               	bcf	242,2,c	;volatile
  2998                           
  2999                           ;ticker.c: 52:     INTCONbits.TMR0IE = 1;
  3000   00220A  8AF2               	bsf	242,5,c	;volatile
  3001                           
  3002                           ;ticker.c: 53:     T0CONbits.TMR0ON = 1;
  3003   00220C  8ED5               	bsf	213,7,c	;volatile
  3004                           
  3005                           ;ticker.c: 55:     timerExtension1 = 0;
  3006   00220E  6A57               	clrf	_timerExtension1^0,c	;volatile
  3007                           
  3008                           ;ticker.c: 56:     timerExtension2 = 0;
  3009   002210  6A56               	clrf	_timerExtension2^0,c	;volatile
  3010   002212  0012               	return		;funcret
  3011   002214                     __end_of_initTicker:
  3012                           	callstack 0
  3013                           
  3014 ;; *************** function _initRomOps *****************
  3015 ;; Defined at:
  3016 ;;		line 157 in file "nvm.c"
  3017 ;; Parameters:    Size  Location     Type
  3018 ;;		None
  3019 ;; Auto vars:     Size  Location     Type
  3020 ;;		None
  3021 ;; Return value:  Size  Location     Type
  3022 ;;                  1    wreg      void 
  3023 ;; Registers used:
  3024 ;;		wreg, status,2
  3025 ;; Tracked objects:
  3026 ;;		On entry : 0/0
  3027 ;;		On exit  : 0/0
  3028 ;;		Unchanged: 0/0
  3029 ;; Data sizes:     COMRAM   BANK0   BANK1   BANK2   BANK3   BANK4   BANK5   BANK6   BANK7   BANK8   BANK9  BANK10  BANK1
      +1  BANK12  BANK13  BANK14
  3030 ;;      Params:         0       0       0       0       0       0       0       0       0       0       0       0       
      +0       0       0       0
  3031 ;;      Locals:         0       0       0       0       0       0       0       0       0       0       0       0       
      +0       0       0       0
  3032 ;;      Temps:          0       0       0       0       0       0       0       0       0       0       0       0       
      +0       0       0       0
  3033 ;;      Totals:         0       0       0       0       0       0       0       0       0       0       0       0       
      +0       0       0       0
  3034 ;;Total ram usage:        0 bytes
  3035 ;; Hardware stack levels used: 1
  3036 ;; Hardware stack levels required when called: 5
  3037 ;; This function calls:
  3038 ;;		Nothing
  3039 ;; This function is called by:
  3040 ;;		_setup
  3041 ;; This function uses a non-reentrant model
  3042 ;;
  3043                           
  3044                           	psect	text7
  3045   002354                     __ptext7:
  3046                           	callstack 0
  3047   002354                     _initRomOps:
  3048                           	callstack 24
  3049   002354                     
  3050                           ;nvm.c: 158:     flashFlags.asByte = 0;
  3051   002354  6A55               	clrf	_flashFlags^0,c
  3052   002356                     
  3053                           ;nvm.c: 159:     flashBlock = 0x0800;
  3054   002356  0E08               	movlw	8
  3055   002358  6E53               	movwf	(_flashBlock+1)^0,c
  3056   00235A  0E00               	movlw	0
  3057   00235C  6E52               	movwf	_flashBlock^0,c
  3058   00235E                     
  3059                           ;nvm.c: 161:     TBLPTRU = 0;
  3060   00235E  6AF8               	clrf	248,c	;volatile
  3061   002360  0012               	return		;funcret
  3062   002362                     __end_of_initRomOps:
  3063                           	callstack 0
  3064                           
  3065 ;; *************** function _loop *****************
  3066 ;; Defined at:
  3067 ;;		line 189 in file "IRswitchMain.c"
  3068 ;; Parameters:    Size  Location     Type
  3069 ;;		None
  3070 ;; Auto vars:     Size  Location     Type
  3071 ;;  ready           1    4[BANK0 ] unsigned char 
  3072 ;; Return value:  Size  Location     Type
  3073 ;;                  1    wreg      void 
  3074 ;; Registers used:
  3075 ;;		wreg, fsr2l, fsr2h, status,2, status,0, prodl, prodh, cstack
  3076 ;; Tracked objects:
  3077 ;;		On entry : 0/0
  3078 ;;		On exit  : 0/0
  3079 ;;		Unchanged: 0/0
  3080 ;; Data sizes:     COMRAM   BANK0   BANK1   BANK2   BANK3   BANK4   BANK5   BANK6   BANK7   BANK8   BANK9  BANK10  BANK1
      +1  BANK12  BANK13  BANK14
  3081 ;;      Params:         0       0       0       0       0       0       0       0       0       0       0       0       
      +0       0       0       0
  3082 ;;      Locals:         0       1       0       0       0       0       0       0       0       0       0       0       
      +0       0       0       0
  3083 ;;      Temps:          0       4       0       0       0       0       0       0       0       0       0       0       
      +0       0       0       0
  3084 ;;      Totals:         0       5       0       0       0       0       0       0       0       0       0       0       
      +0       0       0       0
  3085 ;;Total ram usage:        5 bytes
  3086 ;; Hardware stack levels used: 1
  3087 ;; Hardware stack levels required when called: 9
  3088 ;; This function calls:
  3089 ;;		_ir_decode
  3090 ;;		_ir_resume
  3091 ;;		_saveCode
  3092 ;;		_tickGet
  3093 ;; This function is called by:
  3094 ;;		_main
  3095 ;; This function uses a non-reentrant model
  3096 ;;
  3097                           
  3098                           	psect	text8
  3099   001428                     __ptext8:
  3100                           	callstack 0
  3101   001428                     _loop:
  3102                           	callstack 21
  3103   001428                     
  3104                           ;IRswitchMain.c: 190: ;IRswitchMain.c: 192: 
  3105   001428  0EAC               	movlw	low _ir_results
  3106   00142A  6E51               	movwf	ir_decode@results^0,c
  3107   00142C  EC22  F010         	call	_ir_decode	;wreg free
  3108   001430  0100               	movlb	0	; () banked
  3109   001432  6FBE               	movwf	loop@ready& (0+255),b
  3110   001434                     
  3111                           ; BSR set to: 0
  3112                           ;IRswitchMain.c: 194: void __attribute__((picinterrupt(("high_priority")))) __attribute_
      +                          _((section("mainSec"))) isrHigh() {
  3113   001434  A480               	btfss	128,2,c	;volatile
  3114   001436  EF1F  F00A         	goto	u2571
  3115   00143A  EF21  F00A         	goto	u2570
  3116   00143E                     u2571:
  3117   00143E  EFCF  F00A         	goto	l3348
  3118   001442                     u2570:
  3119   001442  EF3D  F00A         	goto	l3320
  3120   001446                     l3312:
  3121                           
  3122                           ; BSR set to: 0
  3123                           ;IRswitchMain.c: 202:     tickerIsr();
  3124   001446  0E00               	movlw	0
  3125   001448  6FA0               	movwf	_code2_hash& (0+255),b
  3126   00144A  0E00               	movlw	0
  3127   00144C  6FA1               	movwf	(_code2_hash+1)& (0+255),b
  3128   00144E  0E00               	movlw	0
  3129   001450  6FA2               	movwf	(_code2_hash+2)& (0+255),b
  3130   001452  0E00               	movlw	0
  3131   001454  6FA3               	movwf	(_code2_hash+3)& (0+255),b
  3132   001456  C0A0  F0A4         	movff	_code2_hash,_code1_hash
  3133   00145A  C0A1  F0A5         	movff	_code2_hash+1,_code1_hash+1
  3134   00145E  C0A2  F0A6         	movff	_code2_hash+2,_code1_hash+2
  3135   001462  C0A3  F0A7         	movff	_code2_hash+3,_code1_hash+3
  3136                           
  3137                           ;IRswitchMain.c: 203: }
  3138   001466  0E01               	movlw	1
  3139   001468  6E58               	movwf	_configState^0,c
  3140   00146A                     l3314:
  3141                           
  3142                           ; BSR set to: 0
  3143   00146A  828B               	bsf	139,1,c	;volatile
  3144   00146C                     
  3145                           ; BSR set to: 0
  3146   00146C  948B               	bcf	139,2,c	;volatile
  3147   00146E  EF56  F00A         	goto	l3322
  3148   001472                     l83:
  3149                           
  3150                           ; BSR set to: 0
  3151   001472  928B               	bcf	139,1,c	;volatile
  3152   001474  848B               	bsf	139,2,c	;volatile
  3153   001476  EF56  F00A         	goto	l3322
  3154   00147A                     l3320:
  3155                           
  3156                           ; BSR set to: 0
  3157   00147A  5058               	movf	_configState^0,w,c
  3158   00147C  6FBA               	movwf	??_loop& (0+255),b
  3159   00147E  6BBB               	clrf	(??_loop+1)& (0+255),b
  3160                           
  3161                           ; Switch on 2 bytes has been partitioned into a top level switch of size 1, and 1 sub-sw
      +                          itches
  3162                           ; Switch size 1, requested type "simple"
  3163                           ; Number of cases is 1, Range of values is 0 to 0
  3164                           ; switch strategies available:
  3165                           ; Name         Instructions Cycles
  3166                           ; simple_byte            4     3 (average)
  3167                           ;	Chosen strategy is simple_byte
  3168   001480  51BB               	movf	(??_loop+1)& (0+255),w,b
  3169   001482  0A00               	xorlw	0	; case 0
  3170   001484  B4D8               	btfsc	status,2,c
  3171   001486  EF47  F00A         	goto	l3566
  3172   00148A  EF56  F00A         	goto	l3322
  3173   00148E                     l3566:
  3174                           
  3175                           ; BSR set to: 0
  3176                           ; Switch size 1, requested type "simple"
  3177                           ; Number of cases is 3, Range of values is 0 to 2
  3178                           ; switch strategies available:
  3179                           ; Name         Instructions Cycles
  3180                           ; simple_byte           10     6 (average)
  3181                           ;	Chosen strategy is simple_byte
  3182   00148E  51BA               	movf	??_loop& (0+255),w,b
  3183   001490  0A00               	xorlw	0	; case 0
  3184   001492  B4D8               	btfsc	status,2,c
  3185   001494  EF23  F00A         	goto	l3312
  3186   001498  0A01               	xorlw	1	; case 1
  3187   00149A  B4D8               	btfsc	status,2,c
  3188   00149C  EF35  F00A         	goto	l3314
  3189   0014A0  0A03               	xorlw	3	; case 2
  3190   0014A2  B4D8               	btfsc	status,2,c
  3191   0014A4  EF39  F00A         	goto	l83
  3192   0014A8  EF56  F00A         	goto	l3322
  3193   0014AC                     l3322:
  3194                           
  3195                           ; BSR set to: 0
  3196   0014AC  05BE               	decf	loop@ready& (0+255),w,b
  3197   0014AE  A4D8               	btfss	status,2,c
  3198   0014B0  EF5C  F00A         	goto	u2581
  3199   0014B4  EF5E  F00A         	goto	u2580
  3200   0014B8                     u2581:
  3201   0014B8  EF39  F00B         	goto	l97
  3202   0014BC                     u2580:
  3203   0014BC  EFB2  F00A         	goto	l3344
  3204   0014C0                     l3326:
  3205                           
  3206                           ; BSR set to: 0
  3207   0014C0  51A0               	movf	_code2_hash& (0+255),w,b
  3208   0014C2  19B0               	xorwf	(_ir_results+4)& (0+255),w,b
  3209   0014C4  E10F               	bnz	u2590
  3210   0014C6  51A1               	movf	(_code2_hash+1)& (0+255),w,b
  3211   0014C8  19B1               	xorwf	(_ir_results+5)& (0+255),w,b
  3212   0014CA  E10C               	bnz	u2590
  3213   0014CC  51A2               	movf	(_code2_hash+2)& (0+255),w,b
  3214   0014CE  19B2               	xorwf	(_ir_results+6)& (0+255),w,b
  3215   0014D0  E109               	bnz	u2590
  3216   0014D2  51A3               	movf	(_code2_hash+3)& (0+255),w,b
  3217   0014D4  19B3               	xorwf	(_ir_results+7)& (0+255),w,b
  3218   0014D6  B4D8               	btfsc	status,2,c
  3219   0014D8  EF70  F00A         	goto	u2591
  3220   0014DC  EF72  F00A         	goto	u2590
  3221   0014E0                     u2591:
  3222   0014E0  EFCB  F00A         	goto	l3346
  3223   0014E4                     u2590:
  3224   0014E4                     
  3225                           ; BSR set to: 0
  3226   0014E4  C0B0  F0A4         	movff	_ir_results+4,_code1_hash
  3227   0014E8  C0B1  F0A5         	movff	_ir_results+5,_code1_hash+1
  3228   0014EC  C0B2  F0A6         	movff	_ir_results+6,_code1_hash+2
  3229   0014F0  C0B3  F0A7         	movff	_ir_results+7,_code1_hash+3
  3230   0014F4                     
  3231                           ; BSR set to: 0
  3232   0014F4  C0A4  F00F         	movff	_code1_hash,saveCode@code
  3233   0014F8  C0A5  F010         	movff	_code1_hash+1,saveCode@code+1
  3234   0014FC  C0A6  F011         	movff	_code1_hash+2,saveCode@code+2
  3235   001500  C0A7  F012         	movff	_code1_hash+3,saveCode@code+3
  3236   001504  0E00               	movlw	0
  3237   001506  EC9A  F00D         	call	_saveCode
  3238   00150A  0E02               	movlw	2
  3239   00150C  6E58               	movwf	_configState^0,c
  3240   00150E  EFCB  F00A         	goto	l3346
  3241   001512                     l3334:
  3242                           
  3243                           ; BSR set to: 0
  3244   001512  51A4               	movf	_code1_hash& (0+255),w,b
  3245   001514  19B0               	xorwf	(_ir_results+4)& (0+255),w,b
  3246   001516  E10F               	bnz	u2600
  3247   001518  51A5               	movf	(_code1_hash+1)& (0+255),w,b
  3248   00151A  19B1               	xorwf	(_ir_results+5)& (0+255),w,b
  3249   00151C  E10C               	bnz	u2600
  3250   00151E  51A6               	movf	(_code1_hash+2)& (0+255),w,b
  3251   001520  19B2               	xorwf	(_ir_results+6)& (0+255),w,b
  3252   001522  E109               	bnz	u2600
  3253   001524  51A7               	movf	(_code1_hash+3)& (0+255),w,b
  3254   001526  19B3               	xorwf	(_ir_results+7)& (0+255),w,b
  3255   001528  B4D8               	btfsc	status,2,c
  3256   00152A  EF99  F00A         	goto	u2601
  3257   00152E  EF9B  F00A         	goto	u2600
  3258   001532                     u2601:
  3259   001532  EFCB  F00A         	goto	l3346
  3260   001536                     u2600:
  3261   001536                     
  3262                           ; BSR set to: 0
  3263   001536  C0B0  F0A0         	movff	_ir_results+4,_code2_hash
  3264   00153A  C0B1  F0A1         	movff	_ir_results+5,_code2_hash+1
  3265   00153E  C0B2  F0A2         	movff	_ir_results+6,_code2_hash+2
  3266   001542  C0B3  F0A3         	movff	_ir_results+7,_code2_hash+3
  3267   001546                     
  3268                           ; BSR set to: 0
  3269   001546  C0A0  F00F         	movff	_code2_hash,saveCode@code
  3270   00154A  C0A1  F010         	movff	_code2_hash+1,saveCode@code+1
  3271   00154E  C0A2  F011         	movff	_code2_hash+2,saveCode@code+2
  3272   001552  C0A3  F012         	movff	_code2_hash+3,saveCode@code+3
  3273   001556  0E01               	movlw	1
  3274   001558  EC9A  F00D         	call	_saveCode
  3275   00155C  0E01               	movlw	1
  3276   00155E  6E58               	movwf	_configState^0,c
  3277   001560  EFCB  F00A         	goto	l3346
  3278   001564                     l3344:
  3279                           
  3280                           ; BSR set to: 0
  3281   001564  5058               	movf	_configState^0,w,c
  3282   001566  6FBA               	movwf	??_loop& (0+255),b
  3283   001568  6BBB               	clrf	(??_loop+1)& (0+255),b
  3284                           
  3285                           ; Switch on 2 bytes has been partitioned into a top level switch of size 1, and 1 sub-sw
      +                          itches
  3286                           ; Switch size 1, requested type "simple"
  3287                           ; Number of cases is 1, Range of values is 0 to 0
  3288                           ; switch strategies available:
  3289                           ; Name         Instructions Cycles
  3290                           ; simple_byte            4     3 (average)
  3291                           ;	Chosen strategy is simple_byte
  3292   00156A  51BB               	movf	(??_loop+1)& (0+255),w,b
  3293   00156C  0A00               	xorlw	0	; case 0
  3294   00156E  B4D8               	btfsc	status,2,c
  3295   001570  EFBC  F00A         	goto	l3568
  3296   001574  EFCB  F00A         	goto	l3346
  3297   001578                     l3568:
  3298                           
  3299                           ; BSR set to: 0
  3300                           ; Switch size 1, requested type "simple"
  3301                           ; Number of cases is 3, Range of values is 0 to 2
  3302                           ; switch strategies available:
  3303                           ; Name         Instructions Cycles
  3304                           ; simple_byte           10     6 (average)
  3305                           ;	Chosen strategy is simple_byte
  3306   001578  51BA               	movf	??_loop& (0+255),w,b
  3307   00157A  0A00               	xorlw	0	; case 0
  3308   00157C  B4D8               	btfsc	status,2,c
  3309   00157E  EFCB  F00A         	goto	l3346
  3310   001582  0A01               	xorlw	1	; case 1
  3311   001584  B4D8               	btfsc	status,2,c
  3312   001586  EF60  F00A         	goto	l3326
  3313   00158A  0A03               	xorlw	3	; case 2
  3314   00158C  B4D8               	btfsc	status,2,c
  3315   00158E  EF89  F00A         	goto	l3334
  3316   001592  EFCB  F00A         	goto	l3346
  3317   001596                     l3346:
  3318   001596  ECA2  F011         	call	_ir_resume	;wreg free
  3319   00159A  EF39  F00B         	goto	l97
  3320   00159E                     l3348:
  3321                           
  3322                           ; BSR set to: 0
  3323   00159E  05BE               	decf	loop@ready& (0+255),w,b
  3324   0015A0  A4D8               	btfss	status,2,c
  3325   0015A2  EFD5  F00A         	goto	u2611
  3326   0015A6  EFD7  F00A         	goto	u2610
  3327   0015AA                     u2611:
  3328   0015AA  EF39  F00B         	goto	l97
  3329   0015AE                     u2610:
  3330   0015AE                     
  3331                           ; BSR set to: 0
  3332   0015AE  6A58               	clrf	_configState^0,c
  3333   0015B0  928B               	bcf	139,1,c	;volatile
  3334   0015B2  948B               	bcf	139,2,c	;volatile
  3335   0015B4                     
  3336                           ; BSR set to: 0
  3337   0015B4  51A4               	movf	_code1_hash& (0+255),w,b
  3338   0015B6  19B0               	xorwf	(_ir_results+4)& (0+255),w,b
  3339   0015B8  E10D               	bnz	u2621
  3340   0015BA  51A5               	movf	(_code1_hash+1)& (0+255),w,b
  3341   0015BC  19B1               	xorwf	(_ir_results+5)& (0+255),w,b
  3342   0015BE  E10A               	bnz	u2621
  3343   0015C0  51A6               	movf	(_code1_hash+2)& (0+255),w,b
  3344   0015C2  19B2               	xorwf	(_ir_results+6)& (0+255),w,b
  3345   0015C4  E107               	bnz	u2621
  3346   0015C6  51A7               	movf	(_code1_hash+3)& (0+255),w,b
  3347   0015C8  19B3               	xorwf	(_ir_results+7)& (0+255),w,b
  3348   0015CA  A4D8               	btfss	status,2,c
  3349   0015CC  EFEA  F00A         	goto	u2621
  3350   0015D0  EFEC  F00A         	goto	u2620
  3351   0015D4                     u2621:
  3352   0015D4  EFF8  F00A         	goto	l3360
  3353   0015D8                     u2620:
  3354   0015D8                     
  3355                           ; BSR set to: 0
  3356   0015D8  868B               	bsf	139,3,c	;volatile
  3357   0015DA                     
  3358                           ; BSR set to: 0
  3359   0015DA  ECE9  F00F         	call	_tickGet	;wreg free
  3360   0015DE  C007  F0A8         	movff	?_tickGet,_onTime
  3361   0015E2  C008  F0A9         	movff	?_tickGet+1,_onTime+1
  3362   0015E6  C009  F0AA         	movff	?_tickGet+2,_onTime+2
  3363   0015EA  C00A  F0AB         	movff	?_tickGet+3,_onTime+3
  3364   0015EE  808A               	bsf	138,0,c	;volatile
  3365   0015F0                     l3360:
  3366   0015F0  0100               	movlb	0	; () banked
  3367   0015F2  51A0               	movf	_code2_hash& (0+255),w,b
  3368   0015F4  19B0               	xorwf	(_ir_results+4)& (0+255),w,b
  3369   0015F6  E10D               	bnz	u2631
  3370   0015F8  51A1               	movf	(_code2_hash+1)& (0+255),w,b
  3371   0015FA  19B1               	xorwf	(_ir_results+5)& (0+255),w,b
  3372   0015FC  E10A               	bnz	u2631
  3373   0015FE  51A2               	movf	(_code2_hash+2)& (0+255),w,b
  3374   001600  19B2               	xorwf	(_ir_results+6)& (0+255),w,b
  3375   001602  E107               	bnz	u2631
  3376   001604  51A3               	movf	(_code2_hash+3)& (0+255),w,b
  3377   001606  19B3               	xorwf	(_ir_results+7)& (0+255),w,b
  3378   001608  A4D8               	btfss	status,2,c
  3379   00160A  EF09  F00B         	goto	u2631
  3380   00160E  EF0B  F00B         	goto	u2630
  3381   001612                     u2631:
  3382   001612  EF17  F00B         	goto	l95
  3383   001616                     u2630:
  3384   001616                     
  3385                           ; BSR set to: 0
  3386   001616  888B               	bsf	139,4,c	;volatile
  3387   001618                     
  3388                           ; BSR set to: 0
  3389   001618  ECE9  F00F         	call	_tickGet	;wreg free
  3390   00161C  C007  F0A8         	movff	?_tickGet,_onTime
  3391   001620  C008  F0A9         	movff	?_tickGet+1,_onTime+1
  3392   001624  C009  F0AA         	movff	?_tickGet+2,_onTime+2
  3393   001628  C00A  F0AB         	movff	?_tickGet+3,_onTime+3
  3394   00162C  908A               	bcf	138,0,c	;volatile
  3395   00162E                     l95:
  3396   00162E  ECE9  F00F         	call	_tickGet	;wreg free
  3397   001632  0100               	movlb	0	; () banked
  3398   001634  51A8               	movf	_onTime& (0+255),w,b
  3399   001636  5C07               	subwf	?_tickGet^0,w,c
  3400   001638  6FBA               	movwf	??_loop& (0+255),b
  3401   00163A  51A9               	movf	(_onTime+1)& (0+255),w,b
  3402   00163C  5808               	subwfb	(?_tickGet+1)^0,w,c
  3403   00163E  6FBB               	movwf	(??_loop+1)& (0+255),b
  3404   001640  51AA               	movf	(_onTime+2)& (0+255),w,b
  3405   001642  5809               	subwfb	(?_tickGet+2)^0,w,c
  3406   001644  6FBC               	movwf	(??_loop+2)& (0+255),b
  3407   001646  51AB               	movf	(_onTime+3)& (0+255),w,b
  3408   001648  580A               	subwfb	(?_tickGet+3)^0,w,c
  3409   00164A  6FBD               	movwf	(??_loop+3)& (0+255),b
  3410   00164C  51BD               	movf	(??_loop+3)& (0+255),w,b
  3411   00164E  E10D               	bnz	u2640
  3412   001650  0EB5               	movlw	181
  3413   001652  5DBA               	subwf	??_loop& (0+255),w,b
  3414   001654  0EC4               	movlw	196
  3415   001656  59BB               	subwfb	(??_loop+1)& (0+255),w,b
  3416   001658  0E04               	movlw	4
  3417   00165A  59BC               	subwfb	(??_loop+2)& (0+255),w,b
  3418   00165C  A0D8               	btfss	status,0,c
  3419   00165E  EF33  F00B         	goto	u2641
  3420   001662  EF35  F00B         	goto	u2640
  3421   001666                     u2641:
  3422   001666  EFCB  F00A         	goto	l3346
  3423   00166A                     u2640:
  3424   00166A                     
  3425                           ; BSR set to: 0
  3426   00166A  968B               	bcf	139,3,c	;volatile
  3427   00166C  988B               	bcf	139,4,c	;volatile
  3428   00166E  EFCB  F00A         	goto	l3346
  3429   001672                     l97:
  3430   001672  0012               	return		;funcret
  3431   001674                     __end_of_loop:
  3432                           	callstack 0
  3433                           
  3434 ;; *************** function _tickGet *****************
  3435 ;; Defined at:
  3436 ;;		line 94 in file "ticker.c"
  3437 ;; Parameters:    Size  Location     Type
  3438 ;;		None
  3439 ;; Auto vars:     Size  Location     Type
  3440 ;;  currentTime     4   12[COMRAM] struct _TickValue
  3441 ;;  IntFlag1        1   11[COMRAM] unsigned char 
  3442 ;;  IntFlag2        1   10[COMRAM] unsigned char 
  3443 ;; Return value:  Size  Location     Type
  3444 ;;                  4    6[COMRAM] unsigned long 
  3445 ;; Registers used:
  3446 ;;		wreg, status,2, status,0
  3447 ;; Tracked objects:
  3448 ;;		On entry : 0/0
  3449 ;;		On exit  : 0/0
  3450 ;;		Unchanged: 0/0
  3451 ;; Data sizes:     COMRAM   BANK0   BANK1   BANK2   BANK3   BANK4   BANK5   BANK6   BANK7   BANK8   BANK9  BANK10  BANK1
      +1  BANK12  BANK13  BANK14
  3452 ;;      Params:         4       0       0       0       0       0       0       0       0       0       0       0       
      +0       0       0       0
  3453 ;;      Locals:         6       0       0       0       0       0       0       0       0       0       0       0       
      +0       0       0       0
  3454 ;;      Temps:          0       0       0       0       0       0       0       0       0       0       0       0       
      +0       0       0       0
  3455 ;;      Totals:        10       0       0       0       0       0       0       0       0       0       0       0       
      +0       0       0       0
  3456 ;;Total ram usage:       10 bytes
  3457 ;; Hardware stack levels used: 1
  3458 ;; Hardware stack levels required when called: 5
  3459 ;; This function calls:
  3460 ;;		Nothing
  3461 ;; This function is called by:
  3462 ;;		_loop
  3463 ;; This function uses a non-reentrant model
  3464 ;;
  3465                           
  3466                           	psect	text9
  3467   001FD2                     __ptext9:
  3468                           	callstack 0
  3469   001FD2                     _tickGet:
  3470                           	callstack 24
  3471   001FD2                     
  3472                           ;ticker.c: 95:     TickValue currentTime;;ticker.c: 98:     uint8_t IntFlag1;;ticker.c: 
      +                          99:     uint8_t IntFlag2;;ticker.c: 102:     currentTime.byte.b2 = 0;
  3473   001FD2  6A0F               	clrf	(tickGet@currentTime+2)^0,c
  3474                           
  3475                           ;ticker.c: 103:     currentTime.byte.b3 = 0;
  3476   001FD4  6A10               	clrf	(tickGet@currentTime+3)^0,c
  3477                           
  3478                           ;ticker.c: 105:     INTCONbits.TMR0IE = 0;
  3479   001FD6  9AF2               	bcf	242,5,c	;volatile
  3480   001FD8                     l3230:
  3481                           
  3482                           ;ticker.c: 107:         IntFlag1 = INTCONbits.TMR0IF;
  3483   001FD8  0E00               	movlw	0
  3484   001FDA  B4F2               	btfsc	242,2,c	;volatile
  3485   001FDC  0E01               	movlw	1
  3486   001FDE  6E0C               	movwf	tickGet@IntFlag1^0,c
  3487   001FE0                     
  3488                           ;ticker.c: 108:         currentTime.byte.b0 = TMR0L;
  3489   001FE0  CFD6 F00D          	movff	4054,tickGet@currentTime	;volatile
  3490   001FE4                     
  3491                           ;ticker.c: 109:         currentTime.byte.b1 = TMR0H;
  3492   001FE4  CFD7 F00E          	movff	4055,tickGet@currentTime+1	;volatile
  3493                           
  3494                           ;ticker.c: 110:         IntFlag2 = INTCONbits.TMR0IF;
  3495   001FE8  0E00               	movlw	0
  3496   001FEA  B4F2               	btfsc	242,2,c	;volatile
  3497   001FEC  0E01               	movlw	1
  3498   001FEE  6E0B               	movwf	tickGet@IntFlag2^0,c
  3499   001FF0                     
  3500                           ;ticker.c: 111:     } while(IntFlag1 != IntFlag2);
  3501   001FF0  500B               	movf	tickGet@IntFlag2^0,w,c
  3502   001FF2  180C               	xorwf	tickGet@IntFlag1^0,w,c
  3503   001FF4  A4D8               	btfss	status,2,c
  3504   001FF6  EFFF  F00F         	goto	u2541
  3505   001FFA  EF01  F010         	goto	u2540
  3506   001FFE                     u2541:
  3507   001FFE  EFEC  F00F         	goto	l3230
  3508   002002                     u2540:
  3509   002002                     
  3510                           ;ticker.c: 113:     if( IntFlag1 > 0 ) {
  3511   002002  500C               	movf	tickGet@IntFlag1^0,w,c
  3512   002004  B4D8               	btfsc	status,2,c
  3513   002006  EF07  F010         	goto	u2551
  3514   00200A  EF09  F010         	goto	u2550
  3515   00200E                     u2551:
  3516   00200E  EF14  F010         	goto	l3248
  3517   002012                     u2550:
  3518   002012                     
  3519                           ;ticker.c: 114:         INTCONbits.TMR0IF = 0;
  3520   002012  94F2               	bcf	242,2,c	;volatile
  3521   002014                     
  3522                           ;ticker.c: 115:         timerExtension1++;
  3523   002014  2A57               	incf	_timerExtension1^0,f,c	;volatile
  3524   002016                     
  3525                           ;ticker.c: 116:         if(timerExtension1 == 0)
  3526   002016  5057               	movf	_timerExtension1^0,w,c	;volatile
  3527   002018  A4D8               	btfss	status,2,c
  3528   00201A  EF11  F010         	goto	u2561
  3529   00201E  EF13  F010         	goto	u2560
  3530   002022                     u2561:
  3531   002022  EF14  F010         	goto	l3248
  3532   002026                     u2560:
  3533   002026                     
  3534                           ;ticker.c: 117:         {;ticker.c: 118:             timerExtension2++;
  3535   002026  2A56               	incf	_timerExtension2^0,f,c	;volatile
  3536   002028                     l3248:
  3537                           
  3538                           ;ticker.c: 123:     currentTime.byte.b2 += timerExtension1;
  3539   002028  5057               	movf	_timerExtension1^0,w,c	;volatile
  3540   00202A  260F               	addwf	(tickGet@currentTime+2)^0,f,c
  3541   00202C                     
  3542                           ;ticker.c: 124:     currentTime.byte.b3 += timerExtension2;
  3543   00202C  5056               	movf	_timerExtension2^0,w,c	;volatile
  3544   00202E  2610               	addwf	(tickGet@currentTime+3)^0,f,c
  3545   002030                     
  3546                           ;ticker.c: 127:     INTCONbits.TMR0IE = 1;
  3547   002030  8AF2               	bsf	242,5,c	;volatile
  3548   002032                     
  3549                           ;ticker.c: 129:     return currentTime.val;
  3550   002032  C00D  F007         	movff	tickGet@currentTime,?_tickGet
  3551   002036  C00E  F008         	movff	tickGet@currentTime+1,?_tickGet+1
  3552   00203A  C00F  F009         	movff	tickGet@currentTime+2,?_tickGet+2
  3553   00203E  C010  F00A         	movff	tickGet@currentTime+3,?_tickGet+3
  3554   002042  0012               	return		;funcret
  3555   002044                     __end_of_tickGet:
  3556                           	callstack 0
  3557                           
  3558 ;; *************** function _saveCode *****************
  3559 ;; Defined at:
  3560 ;;		line 285 in file "IRswitchMain.c"
  3561 ;; Parameters:    Size  Location     Type
  3562 ;;  codeNo          1    wreg     unsigned char 
  3563 ;;  code            4   14[COMRAM] unsigned long 
  3564 ;; Auto vars:     Size  Location     Type
  3565 ;;  codeNo          1   22[COMRAM] unsigned char 
  3566 ;; Return value:  Size  Location     Type
  3567 ;;                  1    wreg      void 
  3568 ;; Registers used:
  3569 ;;		wreg, status,2, status,0, prodl, prodh, cstack
  3570 ;; Tracked objects:
  3571 ;;		On entry : 0/0
  3572 ;;		On exit  : 0/0
  3573 ;;		Unchanged: 0/0
  3574 ;; Data sizes:     COMRAM   BANK0   BANK1   BANK2   BANK3   BANK4   BANK5   BANK6   BANK7   BANK8   BANK9  BANK10  BANK1
      +1  BANK12  BANK13  BANK14
  3575 ;;      Params:         4       0       0       0       0       0       0       0       0       0       0       0       
      +0       0       0       0
  3576 ;;      Locals:         1       0       0       0       0       0       0       0       0       0       0       0       
      +0       0       0       0
  3577 ;;      Temps:          4       0       0       0       0       0       0       0       0       0       0       0       
      +0       0       0       0
  3578 ;;      Totals:         9       0       0       0       0       0       0       0       0       0       0       0       
      +0       0       0       0
  3579 ;;Total ram usage:        9 bytes
  3580 ;; Hardware stack levels used: 1
  3581 ;; Hardware stack levels required when called: 7
  3582 ;; This function calls:
  3583 ;;		_EEPROM_Write
  3584 ;; This function is called by:
  3585 ;;		_loop
  3586 ;; This function uses a non-reentrant model
  3587 ;;
  3588                           
  3589                           	psect	text10
  3590   001B34                     __ptext10:
  3591                           	callstack 0
  3592   001B34                     _saveCode:
  3593                           	callstack 22
  3594                           
  3595                           ;incstack = 0
  3596                           ;saveCode@codeNo stored from wreg
  3597   001B34  6E17               	movwf	saveCode@codeNo^0,c
  3598   001B36  5017               	movf	saveCode@codeNo^0,w,c
  3599   001B38  6E13               	movwf	??_saveCode^0,c
  3600   001B3A  6A14               	clrf	(??_saveCode+1)^0,c
  3601   001B3C  90D8               	bcf	status,0,c
  3602   001B3E  3613               	rlcf	??_saveCode^0,f,c
  3603   001B40  3614               	rlcf	(??_saveCode+1)^0,f,c
  3604   001B42  90D8               	bcf	status,0,c
  3605   001B44  3613               	rlcf	??_saveCode^0,f,c
  3606   001B46  3614               	rlcf	(??_saveCode+1)^0,f,c
  3607   001B48  0E03               	movlw	3
  3608   001B4A  2413               	addwf	??_saveCode^0,w,c
  3609   001B4C  6E0C               	movwf	EEPROM_Write@index^0,c
  3610   001B4E  0E00               	movlw	0
  3611   001B50  2014               	addwfc	(??_saveCode+1)^0,w,c
  3612   001B52  6E0D               	movwf	(EEPROM_Write@index+1)^0,c
  3613   001B54  C00F  F00E         	movff	saveCode@code,EEPROM_Write@value
  3614   001B58  EC28  F011         	call	_EEPROM_Write	;wreg free
  3615   001B5C  C00F  F013         	movff	saveCode@code,??_saveCode
  3616   001B60  C010  F014         	movff	saveCode@code+1,??_saveCode+1
  3617   001B64  C011  F015         	movff	saveCode@code+2,??_saveCode+2
  3618   001B68  C012  F016         	movff	saveCode@code+3,??_saveCode+3
  3619   001B6C  C014  F013         	movff	??_saveCode+1,??_saveCode
  3620   001B70  C015  F014         	movff	??_saveCode+2,??_saveCode+1
  3621   001B74  C016  F015         	movff	??_saveCode+3,??_saveCode+2
  3622   001B78  6A16               	clrf	(??_saveCode+3)^0,c
  3623   001B7A  C013  F00F         	movff	??_saveCode,saveCode@code
  3624   001B7E  C014  F010         	movff	??_saveCode+1,saveCode@code+1
  3625   001B82  C015  F011         	movff	??_saveCode+2,saveCode@code+2
  3626   001B86  C016  F012         	movff	??_saveCode+3,saveCode@code+3
  3627   001B8A  5017               	movf	saveCode@codeNo^0,w,c
  3628   001B8C  6E13               	movwf	??_saveCode^0,c
  3629   001B8E  6A14               	clrf	(??_saveCode+1)^0,c
  3630   001B90  90D8               	bcf	status,0,c
  3631   001B92  3613               	rlcf	??_saveCode^0,f,c
  3632   001B94  3614               	rlcf	(??_saveCode+1)^0,f,c
  3633   001B96  90D8               	bcf	status,0,c
  3634   001B98  3613               	rlcf	??_saveCode^0,f,c
  3635   001B9A  3614               	rlcf	(??_saveCode+1)^0,f,c
  3636   001B9C  0E02               	movlw	2
  3637   001B9E  2413               	addwf	??_saveCode^0,w,c
  3638   001BA0  6E0C               	movwf	EEPROM_Write@index^0,c
  3639   001BA2  0E00               	movlw	0
  3640   001BA4  2014               	addwfc	(??_saveCode+1)^0,w,c
  3641   001BA6  6E0D               	movwf	(EEPROM_Write@index+1)^0,c
  3642   001BA8  C00F  F00E         	movff	saveCode@code,EEPROM_Write@value
  3643   001BAC  EC28  F011         	call	_EEPROM_Write	;wreg free
  3644   001BB0  C00F  F013         	movff	saveCode@code,??_saveCode
  3645   001BB4  C010  F014         	movff	saveCode@code+1,??_saveCode+1
  3646   001BB8  C011  F015         	movff	saveCode@code+2,??_saveCode+2
  3647   001BBC  C012  F016         	movff	saveCode@code+3,??_saveCode+3
  3648   001BC0  C014  F013         	movff	??_saveCode+1,??_saveCode
  3649   001BC4  C015  F014         	movff	??_saveCode+2,??_saveCode+1
  3650   001BC8  C016  F015         	movff	??_saveCode+3,??_saveCode+2
  3651   001BCC  6A16               	clrf	(??_saveCode+3)^0,c
  3652   001BCE  C013  F00F         	movff	??_saveCode,saveCode@code
  3653   001BD2  C014  F010         	movff	??_saveCode+1,saveCode@code+1
  3654   001BD6  C015  F011         	movff	??_saveCode+2,saveCode@code+2
  3655   001BDA  C016  F012         	movff	??_saveCode+3,saveCode@code+3
  3656   001BDE  5017               	movf	saveCode@codeNo^0,w,c
  3657   001BE0  6E13               	movwf	??_saveCode^0,c
  3658   001BE2  6A14               	clrf	(??_saveCode+1)^0,c
  3659   001BE4  90D8               	bcf	status,0,c
  3660   001BE6  3613               	rlcf	??_saveCode^0,f,c
  3661   001BE8  3614               	rlcf	(??_saveCode+1)^0,f,c
  3662   001BEA  90D8               	bcf	status,0,c
  3663   001BEC  3613               	rlcf	??_saveCode^0,f,c
  3664   001BEE  3614               	rlcf	(??_saveCode+1)^0,f,c
  3665   001BF0  0E01               	movlw	1
  3666   001BF2  2413               	addwf	??_saveCode^0,w,c
  3667   001BF4  6E0C               	movwf	EEPROM_Write@index^0,c
  3668   001BF6  0E00               	movlw	0
  3669   001BF8  2014               	addwfc	(??_saveCode+1)^0,w,c
  3670   001BFA  6E0D               	movwf	(EEPROM_Write@index+1)^0,c
  3671   001BFC  C00F  F00E         	movff	saveCode@code,EEPROM_Write@value
  3672   001C00  EC28  F011         	call	_EEPROM_Write	;wreg free
  3673   001C04  C00F  F013         	movff	saveCode@code,??_saveCode
  3674   001C08  C010  F014         	movff	saveCode@code+1,??_saveCode+1
  3675   001C0C  C011  F015         	movff	saveCode@code+2,??_saveCode+2
  3676   001C10  C012  F016         	movff	saveCode@code+3,??_saveCode+3
  3677   001C14  C014  F013         	movff	??_saveCode+1,??_saveCode
  3678   001C18  C015  F014         	movff	??_saveCode+2,??_saveCode+1
  3679   001C1C  C016  F015         	movff	??_saveCode+3,??_saveCode+2
  3680   001C20  6A16               	clrf	(??_saveCode+3)^0,c
  3681   001C22  C013  F00F         	movff	??_saveCode,saveCode@code
  3682   001C26  C014  F010         	movff	??_saveCode+1,saveCode@code+1
  3683   001C2A  C015  F011         	movff	??_saveCode+2,saveCode@code+2
  3684   001C2E  C016  F012         	movff	??_saveCode+3,saveCode@code+3
  3685   001C32  5017               	movf	saveCode@codeNo^0,w,c
  3686   001C34  0D04               	mullw	4
  3687   001C36  CFF3 F00C          	movff	prodl,EEPROM_Write@index
  3688   001C3A  CFF4 F00D          	movff	prodh,EEPROM_Write@index+1
  3689   001C3E  C00F  F00E         	movff	saveCode@code,EEPROM_Write@value
  3690   001C42  EC28  F011         	call	_EEPROM_Write	;wreg free
  3691   001C46  0012               	return		;funcret
  3692   001C48                     __end_of_saveCode:
  3693                           	callstack 0
  3694                           
  3695 ;; *************** function _EEPROM_Write *****************
  3696 ;; Defined at:
  3697 ;;		line 219 in file "nvm.c"
  3698 ;; Parameters:    Size  Location     Type
  3699 ;;  index           2   11[COMRAM] unsigned short 
  3700 ;;  value           1   13[COMRAM] unsigned char 
  3701 ;; Auto vars:     Size  Location     Type
  3702 ;;  interruptEna    1    0        unsigned char 
  3703 ;; Return value:  Size  Location     Type
  3704 ;;                  1    wreg      unsigned char 
  3705 ;; Registers used:
  3706 ;;		wreg, status,2, status,0, cstack
  3707 ;; Tracked objects:
  3708 ;;		On entry : 0/0
  3709 ;;		On exit  : 0/0
  3710 ;;		Unchanged: 0/0
  3711 ;; Data sizes:     COMRAM   BANK0   BANK1   BANK2   BANK3   BANK4   BANK5   BANK6   BANK7   BANK8   BANK9  BANK10  BANK1
      +1  BANK12  BANK13  BANK14
  3712 ;;      Params:         3       0       0       0       0       0       0       0       0       0       0       0       
      +0       0       0       0
  3713 ;;      Locals:         0       0       0       0       0       0       0       0       0       0       0       0       
      +0       0       0       0
  3714 ;;      Temps:          0       0       0       0       0       0       0       0       0       0       0       0       
      +0       0       0       0
  3715 ;;      Totals:         3       0       0       0       0       0       0       0       0       0       0       0       
      +0       0       0       0
  3716 ;;Total ram usage:        3 bytes
  3717 ;; Hardware stack levels used: 1
  3718 ;; Hardware stack levels required when called: 6
  3719 ;; This function calls:
  3720 ;;		_EEPROM_Read
  3721 ;;		_EEPROM_WriteNoVerify
  3722 ;; This function is called by:
  3723 ;;		_saveCode
  3724 ;;		_writeNVM
  3725 ;; This function uses a non-reentrant model
  3726 ;;
  3727                           
  3728                           	psect	text11
  3729   002250                     __ptext11:
  3730                           	callstack 0
  3731   002250                     _EEPROM_Write:
  3732                           	callstack 22
  3733   002250  50F2               	movf	242,w,c	;volatile
  3734   002252  50F2               	movf	242,w,c	;volatile
  3735   002254                     l3142:
  3736                           
  3737                           ;nvm.c: 224:         EEPROM_WriteNoVerify(index, value);
  3738   002254  C00C  F007         	movff	EEPROM_Write@index,EEPROM_WriteNoVerify@index
  3739   002258  C00D  F008         	movff	EEPROM_Write@index+1,EEPROM_WriteNoVerify@index+1
  3740   00225C  C00E  F009         	movff	EEPROM_Write@value,EEPROM_WriteNoVerify@value
  3741   002260  ECA9  F00F         	call	_EEPROM_WriteNoVerify	;wreg free
  3742   002264                     
  3743                           ;nvm.c: 227:         if (EEPROM_Read(index) == value) {
  3744   002264  C00C  F007         	movff	EEPROM_Write@index,EEPROM_Read@index
  3745   002268  C00D  F008         	movff	EEPROM_Write@index+1,EEPROM_Read@index+1
  3746   00226C  EC5B  F011         	call	_EEPROM_Read	;wreg free
  3747   002270  180E               	xorwf	EEPROM_Write@value^0,w,c
  3748   002272  A4D8               	btfss	status,2,c
  3749   002274  EF3E  F011         	goto	u2491
  3750   002278  EF40  F011         	goto	u2490
  3751   00227C                     u2491:
  3752   00227C  EF2A  F011         	goto	l3142
  3753   002280                     u2490:
  3754   002280                     
  3755                           ;nvm.c: 240:     return 0;
  3756   002280  0E00               	movlw	0
  3757   002282  0012               	return		;funcret
  3758   002284                     __end_of_EEPROM_Write:
  3759                           	callstack 0
  3760                           
  3761 ;; *************** function _EEPROM_WriteNoVerify *****************
  3762 ;; Defined at:
  3763 ;;		line 249 in file "nvm.c"
  3764 ;; Parameters:    Size  Location     Type
  3765 ;;  index           2    6[COMRAM] unsigned short 
  3766 ;;  value           1    8[COMRAM] unsigned char 
  3767 ;; Auto vars:     Size  Location     Type
  3768 ;;  interruptEna    1   10[COMRAM] unsigned char 
  3769 ;; Return value:  Size  Location     Type
  3770 ;;                  1    wreg      unsigned char 
  3771 ;; Registers used:
  3772 ;;		wreg, status,2, status,0
  3773 ;; Tracked objects:
  3774 ;;		On entry : 0/0
  3775 ;;		On exit  : 0/0
  3776 ;;		Unchanged: 0/0
  3777 ;; Data sizes:     COMRAM   BANK0   BANK1   BANK2   BANK3   BANK4   BANK5   BANK6   BANK7   BANK8   BANK9  BANK10  BANK1
      +1  BANK12  BANK13  BANK14
  3778 ;;      Params:         3       0       0       0       0       0       0       0       0       0       0       0       
      +0       0       0       0
  3779 ;;      Locals:         1       0       0       0       0       0       0       0       0       0       0       0       
      +0       0       0       0
  3780 ;;      Temps:          1       0       0       0       0       0       0       0       0       0       0       0       
      +0       0       0       0
  3781 ;;      Totals:         5       0       0       0       0       0       0       0       0       0       0       0       
      +0       0       0       0
  3782 ;;Total ram usage:        5 bytes
  3783 ;; Hardware stack levels used: 1
  3784 ;; Hardware stack levels required when called: 5
  3785 ;; This function calls:
  3786 ;;		Nothing
  3787 ;; This function is called by:
  3788 ;;		_EEPROM_Write
  3789 ;; This function uses a non-reentrant model
  3790 ;;
  3791                           
  3792                           	psect	text12
  3793   001F52                     __ptext12:
  3794                           	callstack 0
  3795   001F52                     _EEPROM_WriteNoVerify:
  3796                           	callstack 22
  3797   001F52                     
  3798                           ;nvm.c: 250:     uint8_t interruptEnabled;;nvm.c: 251:     interruptEnabled = (INTCONbit
      +                          s.GIEH | INTCONbits.GIEL);
  3799   001F52  BCF2               	btfsc	242,6,c	;volatile
  3800   001F54  EFAE  F00F         	goto	u2401
  3801   001F58  EFB2  F00F         	goto	u2400
  3802   001F5C                     u2401:
  3803   001F5C  6A0A               	clrf	??_EEPROM_WriteNoVerify^0,c
  3804   001F5E  2A0A               	incf	??_EEPROM_WriteNoVerify^0,f,c
  3805   001F60  EFB3  F00F         	goto	u2408
  3806   001F64                     u2400:
  3807   001F64  6A0A               	clrf	??_EEPROM_WriteNoVerify^0,c
  3808   001F66                     u2408:
  3809   001F66  BEF2               	btfsc	242,7,c	;volatile
  3810   001F68  EFB8  F00F         	goto	u2411
  3811   001F6C  EFBB  F00F         	goto	u2410
  3812   001F70                     u2411:
  3813   001F70  0E01               	movlw	1
  3814   001F72  EFBC  F00F         	goto	u2416
  3815   001F76                     u2410:
  3816   001F76  0E00               	movlw	0
  3817   001F78                     u2416:
  3818   001F78  100A               	iorwf	??_EEPROM_WriteNoVerify^0,w,c
  3819   001F7A  6E0B               	movwf	EEPROM_WriteNoVerify@interruptEnabled^0,c
  3820   001F7C                     
  3821                           ;nvm.c: 253:     EEADRH = (index >> 8)&0xFF;
  3822   001F7C  5008               	movf	(EEPROM_WriteNoVerify@index+1)^0,w,c
  3823   001F7E  6E75               	movwf	117,c	;volatile
  3824   001F80                     
  3825                           ;nvm.c: 254:     EEADR = index & 0xFF;
  3826   001F80  C007  FF74         	movff	EEPROM_WriteNoVerify@index,3956	;volatile
  3827   001F84                     
  3828                           ;nvm.c: 255:     EEDATA = value;
  3829   001F84  C009  FF73         	movff	EEPROM_WriteNoVerify@value,3955	;volatile
  3830   001F88                     
  3831                           ;nvm.c: 256:     EECON1bits.EEPGD = 0;
  3832   001F88  9E7F               	bcf	127,7,c	;volsfr
  3833   001F8A                     
  3834                           ;nvm.c: 257:     EECON1bits.CFGS = 0;
  3835   001F8A  9C7F               	bcf	127,6,c	;volsfr
  3836   001F8C                     
  3837                           ;nvm.c: 258:     EECON1bits.WREN = 1;
  3838   001F8C  847F               	bsf	127,2,c	;volsfr
  3839   001F8E                     
  3840                           ;nvm.c: 260:     {INTCONbits.GIEH = INTCONbits.GIEL = 0;};
  3841   001F8E  9CF2               	bcf	242,6,c	;volatile
  3842   001F90  9EF2               	bcf	242,7,c	;volatile
  3843   001F92                     
  3844                           ;nvm.c: 261:     EECON2 = 0x55;
  3845   001F92  0E55               	movlw	85
  3846   001F94  6E7E               	movwf	126,c	;volsfr
  3847   001F96                     
  3848                           ;nvm.c: 262:     EECON2 = 0xAA;
  3849   001F96  0EAA               	movlw	170
  3850   001F98  6E7E               	movwf	126,c	;volsfr
  3851   001F9A                     
  3852                           ;nvm.c: 263:     EECON1bits.WR = 1;
  3853   001F9A  827F               	bsf	127,1,c	;volsfr
  3854   001F9C                     l201:
  3855                           
  3856                           ;nvm.c: 264:     while (EECON1bits.WR)
  3857   001F9C  B27F               	btfsc	127,1,c	;volsfr
  3858   001F9E  EFD3  F00F         	goto	u2421
  3859   001FA2  EFD5  F00F         	goto	u2420
  3860   001FA6                     u2421:
  3861   001FA6  EFCE  F00F         	goto	l201
  3862   001FAA                     u2420:
  3863   001FAA                     l204:
  3864                           
  3865                           ;nvm.c: 266:     while (!EEIF)
  3866   001FAA  ACB7               	btfss	4023,6,c	;volatile
  3867   001FAC  EFDA  F00F         	goto	u2431
  3868   001FB0  EFDC  F00F         	goto	u2430
  3869   001FB4                     u2431:
  3870   001FB4  EFD5  F00F         	goto	l204
  3871   001FB8                     u2430:
  3872   001FB8                     
  3873                           ;nvm.c: 268:     EEIF = 0;
  3874   001FB8  9CB7               	bcf	4023,6,c	;volatile
  3875   001FBA                     
  3876                           ;nvm.c: 269:     if (interruptEnabled) {
  3877   001FBA  500B               	movf	EEPROM_WriteNoVerify@interruptEnabled^0,w,c
  3878   001FBC  B4D8               	btfsc	status,2,c
  3879   001FBE  EFE3  F00F         	goto	u2441
  3880   001FC2  EFE5  F00F         	goto	u2440
  3881   001FC6                     u2441:
  3882   001FC6  EFE7  F00F         	goto	l207
  3883   001FCA                     u2440:
  3884   001FCA                     
  3885                           ;nvm.c: 271:         {INTCONbits.GIEH = INTCONbits.GIEL = 1;};
  3886   001FCA  8CF2               	bsf	242,6,c	;volatile
  3887   001FCC  8EF2               	bsf	242,7,c	;volatile
  3888   001FCE                     l207:
  3889                           
  3890                           ;nvm.c: 273:     EECON1bits.WREN = 0;
  3891   001FCE  947F               	bcf	127,2,c	;volsfr
  3892   001FD0  0012               	return		;funcret
  3893   001FD2                     __end_of_EEPROM_WriteNoVerify:
  3894                           	callstack 0
  3895                           
  3896 ;; *************** function _EEPROM_Read *****************
  3897 ;; Defined at:
  3898 ;;		line 172 in file "nvm.c"
  3899 ;; Parameters:    Size  Location     Type
  3900 ;;  index           2    6[COMRAM] unsigned short 
  3901 ;; Auto vars:     Size  Location     Type
  3902 ;;		None
  3903 ;; Return value:  Size  Location     Type
  3904 ;;                  1    wreg      unsigned char 
  3905 ;; Registers used:
  3906 ;;		wreg, status,2
  3907 ;; Tracked objects:
  3908 ;;		On entry : 0/0
  3909 ;;		On exit  : 0/0
  3910 ;;		Unchanged: 0/0
  3911 ;; Data sizes:     COMRAM   BANK0   BANK1   BANK2   BANK3   BANK4   BANK5   BANK6   BANK7   BANK8   BANK9  BANK10  BANK1
      +1  BANK12  BANK13  BANK14
  3912 ;;      Params:         2       0       0       0       0       0       0       0       0       0       0       0       
      +0       0       0       0
  3913 ;;      Locals:         0       0       0       0       0       0       0       0       0       0       0       0       
      +0       0       0       0
  3914 ;;      Temps:          0       0       0       0       0       0       0       0       0       0       0       0       
      +0       0       0       0
  3915 ;;      Totals:         2       0       0       0       0       0       0       0       0       0       0       0       
      +0       0       0       0
  3916 ;;Total ram usage:        2 bytes
  3917 ;; Hardware stack levels used: 1
  3918 ;; Hardware stack levels required when called: 5
  3919 ;; This function calls:
  3920 ;;		Nothing
  3921 ;; This function is called by:
  3922 ;;		_loadCode
  3923 ;;		_EEPROM_Write
  3924 ;;		_readNVM
  3925 ;; This function uses a non-reentrant model
  3926 ;;
  3927                           
  3928                           	psect	text13
  3929   0022B6                     __ptext13:
  3930                           	callstack 0
  3931   0022B6                     _EEPROM_Read:
  3932                           	callstack 23
  3933   0022B6                     l186:
  3934                           
  3935                           ;nvm.c: 175:     while (EECON1bits.WR)
  3936   0022B6  B27F               	btfsc	127,1,c	;volsfr
  3937   0022B8  EF60  F011         	goto	u2381
  3938   0022BC  EF62  F011         	goto	u2380
  3939   0022C0                     u2381:
  3940   0022C0  EF5B  F011         	goto	l186
  3941   0022C4                     u2380:
  3942   0022C4                     
  3943                           ;nvm.c: 178:     EEADRH = (index >> 8)&0xFF;
  3944   0022C4  5008               	movf	(EEPROM_Read@index+1)^0,w,c
  3945   0022C6  6E75               	movwf	117,c	;volatile
  3946   0022C8                     
  3947                           ;nvm.c: 179:     EEADR = index & 0xFF;
  3948   0022C8  C007  FF74         	movff	EEPROM_Read@index,3956	;volatile
  3949   0022CC                     
  3950                           ;nvm.c: 180:     EECON1bits.EEPGD = 0;
  3951   0022CC  9E7F               	bcf	127,7,c	;volsfr
  3952   0022CE                     
  3953                           ;nvm.c: 181:     EECON1bits.CFGS = 0;
  3954   0022CE  9C7F               	bcf	127,6,c	;volsfr
  3955   0022D0                     
  3956                           ;nvm.c: 182:     EECON1bits.RD = 1;
  3957   0022D0  807F               	bsf	127,0,c	;volsfr
  3958   0022D2                     l189:
  3959                           
  3960                           ;nvm.c: 183:     while (EECON1bits.RD)
  3961   0022D2  B07F               	btfsc	127,0,c	;volsfr
  3962   0022D4  EF6E  F011         	goto	u2391
  3963   0022D8  EF70  F011         	goto	u2390
  3964   0022DC                     u2391:
  3965   0022DC  EF69  F011         	goto	l189
  3966   0022E0                     u2390:
  3967   0022E0  0000               	nop		;# 
  3968   0022E2                     
  3969                           ;nvm.c: 188:     return EEDATA;
  3970   0022E2  5073               	movf	115,w,c	;volatile
  3971   0022E4  0012               	return		;funcret
  3972   0022E6                     __end_of_EEPROM_Read:
  3973                           	callstack 0
  3974                           
  3975 ;; *************** function _ir_decode *****************
  3976 ;; Defined at:
  3977 ;;		line 178 in file "ir.c"
  3978 ;; Parameters:    Size  Location     Type
  3979 ;;  results         1   80[COMRAM] PTR struct .
  3980 ;;		 -> ir_results(14), 
  3981 ;; Auto vars:     Size  Location     Type
  3982 ;;		None
  3983 ;; Return value:  Size  Location     Type
  3984 ;;                  1    wreg      unsigned char 
  3985 ;; Registers used:
  3986 ;;		wreg, fsr2l, fsr2h, status,2, status,0, prodl, prodh, cstack
  3987 ;; Tracked objects:
  3988 ;;		On entry : 0/0
  3989 ;;		On exit  : 0/0
  3990 ;;		Unchanged: 0/0
  3991 ;; Data sizes:     COMRAM   BANK0   BANK1   BANK2   BANK3   BANK4   BANK5   BANK6   BANK7   BANK8   BANK9  BANK10  BANK1
      +1  BANK12  BANK13  BANK14
  3992 ;;      Params:         1       0       0       0       0       0       0       0       0       0       0       0       
      +0       0       0       0
  3993 ;;      Locals:         0       0       0       0       0       0       0       0       0       0       0       0       
      +0       0       0       0
  3994 ;;      Temps:          0       0       0       0       0       0       0       0       0       0       0       0       
      +0       0       0       0
  3995 ;;      Totals:         1       0       0       0       0       0       0       0       0       0       0       0       
      +0       0       0       0
  3996 ;;Total ram usage:        1 bytes
  3997 ;; Hardware stack levels used: 1
  3998 ;; Hardware stack levels required when called: 8
  3999 ;; This function calls:
  4000 ;;		_ir_decodeHash
  4001 ;;		_ir_resume
  4002 ;; This function is called by:
  4003 ;;		_loop
  4004 ;; This function uses a non-reentrant model
  4005 ;;
  4006                           
  4007                           	psect	text14
  4008   002044                     __ptext14:
  4009                           	callstack 0
  4010   002044                     _ir_decode:
  4011                           	callstack 21
  4012   002044                     
  4013                           ;ir.c: 179:   results->rawlen = irparams.rawlen;
  4014   002044  5051               	movf	ir_decode@results^0,w,c
  4015   002046  6ED9               	movwf	fsr2l,c
  4016   002048  6ADA               	clrf	fsr2h,c
  4017   00204A  0E0C               	movlw	12
  4018   00204C  26D9               	addwf	fsr2l,f,c
  4019   00204E  C1CB  FFDE         	movff	_irparams+203,postinc2	;volatile
  4020   002052  C1CC  FFDD         	movff	_irparams+204,postdec2	;volatile
  4021                           
  4022                           ;ir.c: 180:   results->rawbuf = (volatile unsigned int *)&irparams.rawbuf[0];
  4023   002056  5051               	movf	ir_decode@results^0,w,c
  4024   002058  6ED9               	movwf	fsr2l,c
  4025   00205A  6ADA               	clrf	fsr2h,c
  4026   00205C  0E0A               	movlw	10
  4027   00205E  26D9               	addwf	fsr2l,f,c
  4028   002060  0E03               	movlw	low (_irparams+3)
  4029   002062  6EDE               	movwf	postinc2,c
  4030   002064  0E01               	movlw	high (_irparams+3)
  4031   002066  6EDD               	movwf	postdec2,c
  4032   002068                     
  4033                           ;ir.c: 181:   if (irparams.rcvstate != 5) {
  4034   002068  0E05               	movlw	5
  4035   00206A  0101               	movlb	1	; () banked
  4036   00206C  1900               	xorwf	_irparams& (0+255),w,b	;volatile
  4037   00206E  B4D8               	btfsc	status,2,c
  4038   002070  EF3C  F010         	goto	u2521
  4039   002074  EF3E  F010         	goto	u2520
  4040   002078                     u2521:
  4041   002078  EF41  F010         	goto	l3204
  4042   00207C                     u2520:
  4043   00207C                     l3200:
  4044                           
  4045                           ;ir.c: 182:     return 0;
  4046   00207C  0E00               	movlw	0
  4047   00207E  EF57  F010         	goto	l333
  4048   002082                     l3204:
  4049                           
  4050                           ; BSR set to: 1
  4051                           ;ir.c: 188:   if (ir_decodeHash(results)) {
  4052   002082  C051  F03E         	movff	ir_decode@results,ir_decodeHash@results
  4053   002086  ECDF  F00C         	call	_ir_decodeHash	;wreg free
  4054   00208A  503E               	movf	?_ir_decodeHash^0,w,c
  4055   00208C  103F               	iorwf	(?_ir_decodeHash+1)^0,w,c
  4056   00208E  1040               	iorwf	(?_ir_decodeHash+2)^0,w,c
  4057   002090  1041               	iorwf	(?_ir_decodeHash+3)^0,w,c
  4058   002092  B4D8               	btfsc	status,2,c
  4059   002094  EF4E  F010         	goto	u2531
  4060   002098  EF50  F010         	goto	u2530
  4061   00209C                     u2531:
  4062   00209C  EF53  F010         	goto	l3210
  4063   0020A0                     u2530:
  4064   0020A0                     
  4065                           ;ir.c: 189:     return 1;
  4066   0020A0  0E01               	movlw	1
  4067   0020A2  EF57  F010         	goto	l333
  4068   0020A6                     l3210:
  4069                           
  4070                           ;ir.c: 192:   ir_resume();
  4071   0020A6  ECA2  F011         	call	_ir_resume	;wreg free
  4072   0020AA  EF3E  F010         	goto	l3200
  4073   0020AE                     l333:
  4074   0020AE  0012               	return		;funcret
  4075   0020B0                     __end_of_ir_decode:
  4076                           	callstack 0
  4077                           
  4078 ;; *************** function _ir_resume *****************
  4079 ;; Defined at:
  4080 ;;		line 169 in file "ir.c"
  4081 ;; Parameters:    Size  Location     Type
  4082 ;;		None
  4083 ;; Auto vars:     Size  Location     Type
  4084 ;;		None
  4085 ;; Return value:  Size  Location     Type
  4086 ;;                  1    wreg      void 
  4087 ;; Registers used:
  4088 ;;		wreg, status,2
  4089 ;; Tracked objects:
  4090 ;;		On entry : 0/0
  4091 ;;		On exit  : 0/0
  4092 ;;		Unchanged: 0/0
  4093 ;; Data sizes:     COMRAM   BANK0   BANK1   BANK2   BANK3   BANK4   BANK5   BANK6   BANK7   BANK8   BANK9  BANK10  BANK1
      +1  BANK12  BANK13  BANK14
  4094 ;;      Params:         0       0       0       0       0       0       0       0       0       0       0       0       
      +0       0       0       0
  4095 ;;      Locals:         0       0       0       0       0       0       0       0       0       0       0       0       
      +0       0       0       0
  4096 ;;      Temps:          0       0       0       0       0       0       0       0       0       0       0       0       
      +0       0       0       0
  4097 ;;      Totals:         0       0       0       0       0       0       0       0       0       0       0       0       
      +0       0       0       0
  4098 ;;Total ram usage:        0 bytes
  4099 ;; Hardware stack levels used: 1
  4100 ;; Hardware stack levels required when called: 5
  4101 ;; This function calls:
  4102 ;;		Nothing
  4103 ;; This function is called by:
  4104 ;;		_loop
  4105 ;;		_ir_decode
  4106 ;; This function uses a non-reentrant model
  4107 ;;
  4108                           
  4109                           	psect	text15
  4110   002344                     __ptext15:
  4111                           	callstack 0
  4112   002344                     _ir_resume:
  4113                           	callstack 24
  4114   002344                     
  4115                           ;ir.c: 170:     irparams.rcvstate = 2;
  4116   002344  0E02               	movlw	2
  4117   002346  0101               	movlb	1	; () banked
  4118   002348  6F00               	movwf	_irparams& (0+255),b	;volatile
  4119                           
  4120                           ;ir.c: 171:     irparams.rawlen = 0;
  4121   00234A  0E00               	movlw	0
  4122   00234C  6FCC               	movwf	(_irparams+204)& (0+255),b	;volatile
  4123   00234E  0E00               	movlw	0
  4124   002350  6FCB               	movwf	(_irparams+203)& (0+255),b	;volatile
  4125   002352                     
  4126                           ; BSR set to: 1
  4127   002352  0012               	return		;funcret
  4128   002354                     __end_of_ir_resume:
  4129                           	callstack 0
  4130                           
  4131 ;; *************** function _ir_decodeHash *****************
  4132 ;; Defined at:
  4133 ;;		line 276 in file "ir.c"
  4134 ;; Parameters:    Size  Location     Type
  4135 ;;  results         1   61[COMRAM] PTR struct .
  4136 ;;		 -> ir_results(14), 
  4137 ;; Auto vars:     Size  Location     Type
  4138 ;;  value           1   73[COMRAM] unsigned char 
  4139 ;;  hash            4   74[COMRAM] unsigned long 
  4140 ;;  i               2   78[COMRAM] int 
  4141 ;; Return value:  Size  Location     Type
  4142 ;;                  4   61[COMRAM] long 
  4143 ;; Registers used:
  4144 ;;		wreg, fsr2l, fsr2h, status,2, status,0, prodl, prodh, cstack
  4145 ;; Tracked objects:
  4146 ;;		On entry : 0/0
  4147 ;;		On exit  : 0/0
  4148 ;;		Unchanged: 0/0
  4149 ;; Data sizes:     COMRAM   BANK0   BANK1   BANK2   BANK3   BANK4   BANK5   BANK6   BANK7   BANK8   BANK9  BANK10  BANK1
      +1  BANK12  BANK13  BANK14
  4150 ;;      Params:         4       0       0       0       0       0       0       0       0       0       0       0       
      +0       0       0       0
  4151 ;;      Locals:         7       0       0       0       0       0       0       0       0       0       0       0       
      +0       0       0       0
  4152 ;;      Temps:          8       0       0       0       0       0       0       0       0       0       0       0       
      +0       0       0       0
  4153 ;;      Totals:        19       0       0       0       0       0       0       0       0       0       0       0       
      +0       0       0       0
  4154 ;;Total ram usage:       19 bytes
  4155 ;; Hardware stack levels used: 1
  4156 ;; Hardware stack levels required when called: 7
  4157 ;; This function calls:
  4158 ;;		___lmul
  4159 ;;		_ir_compare
  4160 ;; This function is called by:
  4161 ;;		_ir_decode
  4162 ;; This function uses a non-reentrant model
  4163 ;;
  4164                           
  4165                           	psect	text16
  4166   0019BE                     __ptext16:
  4167                           	callstack 0
  4168   0019BE                     _ir_decodeHash:
  4169                           	callstack 21
  4170   0019BE                     
  4171                           ;ir.c: 276: static long ir_decodeHash(decode_results *results);ir.c: 277: {;ir.c: 278:  
      +                           unsigned long hash = 2166136261;
  4172   0019BE  0EC5               	movlw	197
  4173   0019C0  6E4B               	movwf	ir_decodeHash@hash^0,c
  4174   0019C2  0E9D               	movlw	157
  4175   0019C4  6E4C               	movwf	(ir_decodeHash@hash+1)^0,c
  4176   0019C6  0E1C               	movlw	28
  4177   0019C8  6E4D               	movwf	(ir_decodeHash@hash+2)^0,c
  4178   0019CA  0E81               	movlw	129
  4179   0019CC  6E4E               	movwf	(ir_decodeHash@hash+3)^0,c
  4180   0019CE                     
  4181                           ;ir.c: 281:   if (results->rawlen < 6) {
  4182   0019CE  503E               	movf	ir_decodeHash@results^0,w,c
  4183   0019D0  6ED9               	movwf	fsr2l,c
  4184   0019D2  6ADA               	clrf	fsr2h,c
  4185   0019D4  0E0C               	movlw	12
  4186   0019D6  26D9               	addwf	fsr2l,f,c
  4187   0019D8  0E01               	movlw	1
  4188   0019DA  50DB               	movf	plusw2,w,c
  4189   0019DC  E107               	bnz	u2501
  4190   0019DE  0E06               	movlw	6
  4191   0019E0  5CDE               	subwf	postinc2,w,c
  4192   0019E2  B0D8               	btfsc	status,0,c
  4193   0019E4  EFF6  F00C         	goto	u2501
  4194   0019E8  EFF8  F00C         	goto	u2500
  4195   0019EC                     u2501:
  4196   0019EC  EF02  F00D         	goto	l3160
  4197   0019F0                     u2500:
  4198   0019F0                     
  4199                           ;ir.c: 282:     return 0;
  4200   0019F0  0E00               	movlw	0
  4201   0019F2  6E3E               	movwf	?_ir_decodeHash^0,c
  4202   0019F4  0E00               	movlw	0
  4203   0019F6  6E3F               	movwf	(?_ir_decodeHash+1)^0,c
  4204   0019F8  0E00               	movlw	0
  4205   0019FA  6E40               	movwf	(?_ir_decodeHash+2)^0,c
  4206   0019FC  0E00               	movlw	0
  4207   0019FE  6E41               	movwf	(?_ir_decodeHash+3)^0,c
  4208   001A00  EF99  F00D         	goto	l360
  4209   001A04                     l3160:
  4210                           
  4211                           ;ir.c: 285:   for (i = 1; i+2 < results->rawlen; i++) {
  4212   001A04  0E00               	movlw	0
  4213   001A06  6E50               	movwf	(ir_decodeHash@i+1)^0,c
  4214   001A08  0E01               	movlw	1
  4215   001A0A  6E4F               	movwf	ir_decodeHash@i^0,c
  4216   001A0C  EF5E  F00D         	goto	l3168
  4217   001A10                     l3162:
  4218                           
  4219                           ;ir.c: 286:     uint8_t value = ir_compare(results->rawbuf[i], results->rawbuf[i+2]);
  4220   001A10  503E               	movf	ir_decodeHash@results^0,w,c
  4221   001A12  6ED9               	movwf	fsr2l,c
  4222   001A14  6ADA               	clrf	fsr2h,c
  4223   001A16  0E0A               	movlw	10
  4224   001A18  26D9               	addwf	fsr2l,f,c
  4225   001A1A  CFDE F042          	movff	postinc2,??_ir_decodeHash
  4226   001A1E  CFDD F043          	movff	postdec2,??_ir_decodeHash+1
  4227   001A22  90D8               	bcf	status,0,c
  4228   001A24  344F               	rlcf	ir_decodeHash@i^0,w,c
  4229   001A26  6ED9               	movwf	fsr2l,c
  4230   001A28  3450               	rlcf	(ir_decodeHash@i+1)^0,w,c
  4231   001A2A  6EDA               	movwf	fsr2h,c
  4232   001A2C  5042               	movf	??_ir_decodeHash^0,w,c
  4233   001A2E  26D9               	addwf	fsr2l,f,c
  4234   001A30  5043               	movf	(??_ir_decodeHash+1)^0,w,c
  4235   001A32  22DA               	addwfc	fsr2h,f,c
  4236   001A34  CFDE F03A          	movff	postinc2,ir_compare@oldval
  4237   001A38  CFDD F03B          	movff	postdec2,ir_compare@oldval+1
  4238   001A3C  C04F  F044         	movff	ir_decodeHash@i,??_ir_decodeHash+2
  4239   001A40  C050  F045         	movff	ir_decodeHash@i+1,??_ir_decodeHash+3
  4240   001A44  90D8               	bcf	status,0,c
  4241   001A46  3644               	rlcf	(??_ir_decodeHash+2)^0,f,c
  4242   001A48  3645               	rlcf	(??_ir_decodeHash+3)^0,f,c
  4243   001A4A  503E               	movf	ir_decodeHash@results^0,w,c
  4244   001A4C  6ED9               	movwf	fsr2l,c
  4245   001A4E  6ADA               	clrf	fsr2h,c
  4246   001A50  0E0A               	movlw	10
  4247   001A52  26D9               	addwf	fsr2l,f,c
  4248   001A54  CFDE F046          	movff	postinc2,??_ir_decodeHash+4
  4249   001A58  CFDD F047          	movff	postdec2,??_ir_decodeHash+5
  4250   001A5C  5044               	movf	(??_ir_decodeHash+2)^0,w,c
  4251   001A5E  2446               	addwf	(??_ir_decodeHash+4)^0,w,c
  4252   001A60  6E48               	movwf	(??_ir_decodeHash+6)^0,c
  4253   001A62  5045               	movf	(??_ir_decodeHash+3)^0,w,c
  4254   001A64  2047               	addwfc	(??_ir_decodeHash+5)^0,w,c
  4255   001A66  6E49               	movwf	(??_ir_decodeHash+7)^0,c
  4256   001A68  0E04               	movlw	4
  4257   001A6A  2448               	addwf	(??_ir_decodeHash+6)^0,w,c
  4258   001A6C  6ED9               	movwf	fsr2l,c
  4259   001A6E  0E00               	movlw	0
  4260   001A70  2049               	addwfc	(??_ir_decodeHash+7)^0,w,c
  4261   001A72  6EDA               	movwf	fsr2h,c
  4262   001A74  CFDE F03C          	movff	postinc2,ir_compare@newval
  4263   001A78  CFDD F03D          	movff	postdec2,ir_compare@newval+1
  4264   001A7C  EC24  F00E         	call	_ir_compare	;wreg free
  4265   001A80  6E4A               	movwf	ir_decodeHash@value^0,c
  4266   001A82                     
  4267                           ;ir.c: 288:     hash = (hash * 16777619) ^ value;
  4268   001A82  C04B  F007         	movff	ir_decodeHash@hash,___lmul@multiplier
  4269   001A86  C04C  F008         	movff	ir_decodeHash@hash+1,___lmul@multiplier+1
  4270   001A8A  C04D  F009         	movff	ir_decodeHash@hash+2,___lmul@multiplier+2
  4271   001A8E  C04E  F00A         	movff	ir_decodeHash@hash+3,___lmul@multiplier+3
  4272   001A92  0E93               	movlw	147
  4273   001A94  6E0B               	movwf	___lmul@multiplicand^0,c
  4274   001A96  0E01               	movlw	1
  4275   001A98  6E0C               	movwf	(___lmul@multiplicand+1)^0,c
  4276   001A9A  0E00               	movlw	0
  4277   001A9C  6E0D               	movwf	(___lmul@multiplicand+2)^0,c
  4278   001A9E  0E01               	movlw	1
  4279   001AA0  6E0E               	movwf	(___lmul@multiplicand+3)^0,c
  4280   001AA2  EC8D  F010         	call	___lmul	;wreg free
  4281   001AA6  504A               	movf	ir_decodeHash@value^0,w,c
  4282   001AA8  1807               	xorwf	?___lmul^0,w,c
  4283   001AAA  6E4B               	movwf	ir_decodeHash@hash^0,c
  4284   001AAC  5008               	movf	(?___lmul+1)^0,w,c
  4285   001AAE  6E4C               	movwf	(ir_decodeHash@hash+1)^0,c
  4286   001AB0  5009               	movf	(?___lmul+2)^0,w,c
  4287   001AB2  6E4D               	movwf	(ir_decodeHash@hash+2)^0,c
  4288   001AB4  500A               	movf	(?___lmul+3)^0,w,c
  4289   001AB6  6E4E               	movwf	(ir_decodeHash@hash+3)^0,c
  4290   001AB8                     
  4291                           ;ir.c: 289:   }
  4292   001AB8  4A4F               	infsnz	ir_decodeHash@i^0,f,c
  4293   001ABA  2A50               	incf	(ir_decodeHash@i+1)^0,f,c
  4294   001ABC                     l3168:
  4295   001ABC  503E               	movf	ir_decodeHash@results^0,w,c
  4296   001ABE  6ED9               	movwf	fsr2l,c
  4297   001AC0  6ADA               	clrf	fsr2h,c
  4298   001AC2  0E0C               	movlw	12
  4299   001AC4  26D9               	addwf	fsr2l,f,c
  4300   001AC6  0E02               	movlw	2
  4301   001AC8  244F               	addwf	ir_decodeHash@i^0,w,c
  4302   001ACA  6E44               	movwf	(??_ir_decodeHash+2)^0,c
  4303   001ACC  0E00               	movlw	0
  4304   001ACE  2050               	addwfc	(ir_decodeHash@i+1)^0,w,c
  4305   001AD0  6E45               	movwf	(??_ir_decodeHash+3)^0,c
  4306   001AD2  50DE               	movf	postinc2,w,c
  4307   001AD4  5C44               	subwf	(??_ir_decodeHash+2)^0,w,c
  4308   001AD6  50DE               	movf	postinc2,w,c
  4309   001AD8  5845               	subwfb	(??_ir_decodeHash+3)^0,w,c
  4310   001ADA  A0D8               	btfss	status,0,c
  4311   001ADC  EF72  F00D         	goto	u2511
  4312   001AE0  EF74  F00D         	goto	u2510
  4313   001AE4                     u2511:
  4314   001AE4  EF08  F00D         	goto	l3162
  4315   001AE8                     u2510:
  4316   001AE8                     
  4317                           ;ir.c: 290:   results->value = hash;
  4318   001AE8  503E               	movf	ir_decodeHash@results^0,w,c
  4319   001AEA  6ED9               	movwf	fsr2l,c
  4320   001AEC  6ADA               	clrf	fsr2h,c
  4321   001AEE  0E04               	movlw	4
  4322   001AF0  26D9               	addwf	fsr2l,f,c
  4323   001AF2  C04B  FFDE         	movff	ir_decodeHash@hash,postinc2
  4324   001AF6  C04C  FFDE         	movff	ir_decodeHash@hash+1,postinc2
  4325   001AFA  C04D  FFDE         	movff	ir_decodeHash@hash+2,postinc2
  4326   001AFE  C04E  FFDE         	movff	ir_decodeHash@hash+3,postinc2
  4327                           
  4328                           ;ir.c: 291:   results->bits = 32;
  4329   001B02  503E               	movf	ir_decodeHash@results^0,w,c
  4330   001B04  6ED9               	movwf	fsr2l,c
  4331   001B06  6ADA               	clrf	fsr2h,c
  4332   001B08  0E08               	movlw	8
  4333   001B0A  26D9               	addwf	fsr2l,f,c
  4334   001B0C  0E20               	movlw	32
  4335   001B0E  6EDE               	movwf	postinc2,c
  4336   001B10  0E00               	movlw	0
  4337   001B12  6EDD               	movwf	postdec2,c
  4338   001B14                     
  4339                           ;ir.c: 292:   results->decode_type = -1;
  4340   001B14  503E               	movf	ir_decodeHash@results^0,w,c
  4341   001B16  6ED9               	movwf	fsr2l,c
  4342   001B18  6ADA               	clrf	fsr2h,c
  4343   001B1A  0EFF               	movlw	255
  4344   001B1C  6EDE               	movwf	postinc2,c
  4345   001B1E  0EFF               	movlw	255
  4346   001B20  6EDD               	movwf	postdec2,c
  4347   001B22                     
  4348                           ;ir.c: 293:   return 1;
  4349   001B22  0E01               	movlw	1
  4350   001B24  6E3E               	movwf	?_ir_decodeHash^0,c
  4351   001B26  0E00               	movlw	0
  4352   001B28  6E3F               	movwf	(?_ir_decodeHash+1)^0,c
  4353   001B2A  0E00               	movlw	0
  4354   001B2C  6E40               	movwf	(?_ir_decodeHash+2)^0,c
  4355   001B2E  0E00               	movlw	0
  4356   001B30  6E41               	movwf	(?_ir_decodeHash+3)^0,c
  4357   001B32                     l360:
  4358   001B32  0012               	return		;funcret
  4359   001B34                     __end_of_ir_decodeHash:
  4360                           	callstack 0
  4361                           
  4362 ;; *************** function _ir_compare *****************
  4363 ;; Defined at:
  4364 ;;		line 256 in file "ir.c"
  4365 ;; Parameters:    Size  Location     Type
  4366 ;;  oldval          2   57[COMRAM] unsigned int 
  4367 ;;  newval          2   59[COMRAM] unsigned int 
  4368 ;; Auto vars:     Size  Location     Type
  4369 ;;		None
  4370 ;; Return value:  Size  Location     Type
  4371 ;;                  1    wreg      unsigned char 
  4372 ;; Registers used:
  4373 ;;		wreg, status,2, status,0, prodl, prodh, cstack
  4374 ;; Tracked objects:
  4375 ;;		On entry : 0/0
  4376 ;;		On exit  : 0/0
  4377 ;;		Unchanged: 0/0
  4378 ;; Data sizes:     COMRAM   BANK0   BANK1   BANK2   BANK3   BANK4   BANK5   BANK6   BANK7   BANK8   BANK9  BANK10  BANK1
      +1  BANK12  BANK13  BANK14
  4379 ;;      Params:         4       0       0       0       0       0       0       0       0       0       0       0       
      +0       0       0       0
  4380 ;;      Locals:         0       0       0       0       0       0       0       0       0       0       0       0       
      +0       0       0       0
  4381 ;;      Temps:          0       0       0       0       0       0       0       0       0       0       0       0       
      +0       0       0       0
  4382 ;;      Totals:         4       0       0       0       0       0       0       0       0       0       0       0       
      +0       0       0       0
  4383 ;;Total ram usage:        4 bytes
  4384 ;; Hardware stack levels used: 1
  4385 ;; Hardware stack levels required when called: 6
  4386 ;; This function calls:
  4387 ;;		___flge
  4388 ;;		___flmul
  4389 ;;		___xxtofl
  4390 ;; This function is called by:
  4391 ;;		_ir_decodeHash
  4392 ;; This function uses a non-reentrant model
  4393 ;;
  4394                           
  4395                           	psect	text17
  4396   001C48                     __ptext17:
  4397                           	callstack 0
  4398   001C48                     _ir_compare:
  4399                           	callstack 21
  4400   001C48                     
  4401                           ;ir.c: 257:   if (newval < oldval * .8) {
  4402   001C48  C03C  F007         	movff	ir_compare@newval,___xxtofl@val
  4403   001C4C  C03D  F008         	movff	ir_compare@newval+1,___xxtofl@val+1
  4404   001C50  6A09               	clrf	(___xxtofl@val+2)^0,c
  4405   001C52  6A0A               	clrf	(___xxtofl@val+3)^0,c
  4406   001C54  0E00               	movlw	0
  4407   001C56  EC3A  F00B         	call	___xxtofl
  4408   001C5A  C007  F02E         	movff	?___xxtofl,___flge@ff1
  4409   001C5E  C008  F02F         	movff	?___xxtofl+1,___flge@ff1+1
  4410   001C62  C009  F030         	movff	?___xxtofl+2,___flge@ff1+2
  4411   001C66  C00A  F031         	movff	?___xxtofl+3,___flge@ff1+3
  4412   001C6A  0ECD               	movlw	205
  4413   001C6C  6E19               	movwf	___flmul@a^0,c
  4414   001C6E  0ECC               	movlw	204
  4415   001C70  6E1A               	movwf	(___flmul@a+1)^0,c
  4416   001C72  0E4C               	movlw	76
  4417   001C74  6E1B               	movwf	(___flmul@a+2)^0,c
  4418   001C76  0E3F               	movlw	63
  4419   001C78  6E1C               	movwf	(___flmul@a+3)^0,c
  4420   001C7A  C03A  F007         	movff	ir_compare@oldval,___xxtofl@val
  4421   001C7E  C03B  F008         	movff	ir_compare@oldval+1,___xxtofl@val+1
  4422   001C82  6A09               	clrf	(___xxtofl@val+2)^0,c
  4423   001C84  6A0A               	clrf	(___xxtofl@val+3)^0,c
  4424   001C86  0E00               	movlw	0
  4425   001C88  EC3A  F00B         	call	___xxtofl
  4426   001C8C  C007  F015         	movff	?___xxtofl,___flmul@b
  4427   001C90  C008  F016         	movff	?___xxtofl+1,___flmul@b+1
  4428   001C94  C009  F017         	movff	?___xxtofl+2,___flmul@b+2
  4429   001C98  C00A  F018         	movff	?___xxtofl+3,___flmul@b+3
  4430   001C9C  EC01  F008         	call	___flmul	;wreg free
  4431   001CA0  C015  F032         	movff	?___flmul,___flge@ff2
  4432   001CA4  C016  F033         	movff	?___flmul+1,___flge@ff2+1
  4433   001CA8  C017  F034         	movff	?___flmul+2,___flge@ff2+2
  4434   001CAC  C018  F035         	movff	?___flmul+3,___flge@ff2+3
  4435   001CB0  ECA6  F00E         	call	___flge	;wreg free
  4436   001CB4  B0D8               	btfsc	status,0,c
  4437   001CB6  EF5F  F00E         	goto	u2451
  4438   001CBA  EF61  F00E         	goto	u2450
  4439   001CBE                     u2451:
  4440   001CBE  EF64  F00E         	goto	l3116
  4441   001CC2                     u2450:
  4442   001CC2                     
  4443                           ;ir.c: 258:     return 0;
  4444   001CC2  0E00               	movlw	0
  4445   001CC4  EFA5  F00E         	goto	l353
  4446   001CC8                     l3116:
  4447   001CC8  C03A  F007         	movff	ir_compare@oldval,___xxtofl@val
  4448   001CCC  C03B  F008         	movff	ir_compare@oldval+1,___xxtofl@val+1
  4449   001CD0  6A09               	clrf	(___xxtofl@val+2)^0,c
  4450   001CD2  6A0A               	clrf	(___xxtofl@val+3)^0,c
  4451   001CD4  0E00               	movlw	0
  4452   001CD6  EC3A  F00B         	call	___xxtofl
  4453   001CDA  C007  F02E         	movff	?___xxtofl,___flge@ff1
  4454   001CDE  C008  F02F         	movff	?___xxtofl+1,___flge@ff1+1
  4455   001CE2  C009  F030         	movff	?___xxtofl+2,___flge@ff1+2
  4456   001CE6  C00A  F031         	movff	?___xxtofl+3,___flge@ff1+3
  4457   001CEA  0ECD               	movlw	205
  4458   001CEC  6E19               	movwf	___flmul@a^0,c
  4459   001CEE  0ECC               	movlw	204
  4460   001CF0  6E1A               	movwf	(___flmul@a+1)^0,c
  4461   001CF2  0E4C               	movlw	76
  4462   001CF4  6E1B               	movwf	(___flmul@a+2)^0,c
  4463   001CF6  0E3F               	movlw	63
  4464   001CF8  6E1C               	movwf	(___flmul@a+3)^0,c
  4465   001CFA  C03C  F007         	movff	ir_compare@newval,___xxtofl@val
  4466   001CFE  C03D  F008         	movff	ir_compare@newval+1,___xxtofl@val+1
  4467   001D02  6A09               	clrf	(___xxtofl@val+2)^0,c
  4468   001D04  6A0A               	clrf	(___xxtofl@val+3)^0,c
  4469   001D06  0E00               	movlw	0
  4470   001D08  EC3A  F00B         	call	___xxtofl
  4471   001D0C  C007  F015         	movff	?___xxtofl,___flmul@b
  4472   001D10  C008  F016         	movff	?___xxtofl+1,___flmul@b+1
  4473   001D14  C009  F017         	movff	?___xxtofl+2,___flmul@b+2
  4474   001D18  C00A  F018         	movff	?___xxtofl+3,___flmul@b+3
  4475   001D1C  EC01  F008         	call	___flmul	;wreg free
  4476   001D20  C015  F032         	movff	?___flmul,___flge@ff2
  4477   001D24  C016  F033         	movff	?___flmul+1,___flge@ff2+1
  4478   001D28  C017  F034         	movff	?___flmul+2,___flge@ff2+2
  4479   001D2C  C018  F035         	movff	?___flmul+3,___flge@ff2+3
  4480   001D30  ECA6  F00E         	call	___flge	;wreg free
  4481   001D34  B0D8               	btfsc	status,0,c
  4482   001D36  EF9F  F00E         	goto	u2461
  4483   001D3A  EFA1  F00E         	goto	u2460
  4484   001D3E                     u2461:
  4485   001D3E  EFA4  F00E         	goto	l3124
  4486   001D42                     u2460:
  4487   001D42                     
  4488                           ;ir.c: 261:     return 2;
  4489   001D42  0E02               	movlw	2
  4490   001D44  EFA5  F00E         	goto	l353
  4491   001D48                     l3124:
  4492                           
  4493                           ;ir.c: 264:     return 1;
  4494   001D48  0E01               	movlw	1
  4495   001D4A                     l353:
  4496   001D4A  0012               	return		;funcret
  4497   001D4C                     __end_of_ir_compare:
  4498                           	callstack 0
  4499                           
  4500 ;; *************** function ___xxtofl *****************
  4501 ;; Defined at:
  4502 ;;		line 10 in file "C:\Program Files\Microchip\xc8\v3.00\pic\sources\c99\common\xxtofl.c"
  4503 ;; Parameters:    Size  Location     Type
  4504 ;;  sign            1    wreg     unsigned char 
  4505 ;;  val             4    6[COMRAM] long 
  4506 ;; Auto vars:     Size  Location     Type
  4507 ;;  sign            1   14[COMRAM] unsigned char 
  4508 ;;  arg             4   16[COMRAM] unsigned long 
  4509 ;;  exp             1   15[COMRAM] unsigned char 
  4510 ;; Return value:  Size  Location     Type
  4511 ;;                  4    6[COMRAM] unsigned char 
  4512 ;; Registers used:
  4513 ;;		wreg, status,2, status,0
  4514 ;; Tracked objects:
  4515 ;;		On entry : 0/0
  4516 ;;		On exit  : 0/0
  4517 ;;		Unchanged: 0/0
  4518 ;; Data sizes:     COMRAM   BANK0   BANK1   BANK2   BANK3   BANK4   BANK5   BANK6   BANK7   BANK8   BANK9  BANK10  BANK1
      +1  BANK12  BANK13  BANK14
  4519 ;;      Params:         4       0       0       0       0       0       0       0       0       0       0       0       
      +0       0       0       0
  4520 ;;      Locals:         6       0       0       0       0       0       0       0       0       0       0       0       
      +0       0       0       0
  4521 ;;      Temps:          4       0       0       0       0       0       0       0       0       0       0       0       
      +0       0       0       0
  4522 ;;      Totals:        14       0       0       0       0       0       0       0       0       0       0       0       
      +0       0       0       0
  4523 ;;Total ram usage:       14 bytes
  4524 ;; Hardware stack levels used: 1
  4525 ;; Hardware stack levels required when called: 5
  4526 ;; This function calls:
  4527 ;;		Nothing
  4528 ;; This function is called by:
  4529 ;;		_ir_compare
  4530 ;;		_MATCH
  4531 ;; This function uses a non-reentrant model
  4532 ;;
  4533                           
  4534                           	psect	text18
  4535   001674                     __ptext18:
  4536                           	callstack 0
  4537   001674                     ___xxtofl:
  4538                           	callstack 21
  4539                           
  4540                           ;incstack = 0
  4541                           ;___xxtofl@sign stored from wreg
  4542   001674  6E0F               	movwf	___xxtofl@sign^0,c
  4543   001676  500F               	movf	___xxtofl@sign^0,w,c
  4544   001678  B4D8               	btfsc	status,2,c
  4545   00167A  EF41  F00B         	goto	u2281
  4546   00167E  EF43  F00B         	goto	u2280
  4547   001682                     u2281:
  4548   001682  EF65  F00B         	goto	l1032
  4549   001686                     u2280:
  4550   001686  BE0A               	btfsc	(___xxtofl@val+3)^0,7,c
  4551   001688  EF4A  F00B         	goto	u2290
  4552   00168C  EF48  F00B         	goto	u2291
  4553   001690                     u2291:
  4554   001690  EF65  F00B         	goto	l1032
  4555   001694                     u2290:
  4556   001694  C007  F00B         	movff	___xxtofl@val,??___xxtofl
  4557   001698  C008  F00C         	movff	___xxtofl@val+1,??___xxtofl+1
  4558   00169C  C009  F00D         	movff	___xxtofl@val+2,??___xxtofl+2
  4559   0016A0  C00A  F00E         	movff	___xxtofl@val+3,??___xxtofl+3
  4560   0016A4  1E0B               	comf	??___xxtofl^0,f,c
  4561   0016A6  1E0C               	comf	(??___xxtofl+1)^0,f,c
  4562   0016A8  1E0D               	comf	(??___xxtofl+2)^0,f,c
  4563   0016AA  1E0E               	comf	(??___xxtofl+3)^0,f,c
  4564   0016AC  2A0B               	incf	??___xxtofl^0,f,c
  4565   0016AE  0E00               	movlw	0
  4566   0016B0  220C               	addwfc	(??___xxtofl+1)^0,f,c
  4567   0016B2  220D               	addwfc	(??___xxtofl+2)^0,f,c
  4568   0016B4  220E               	addwfc	(??___xxtofl+3)^0,f,c
  4569   0016B6  C00B  F011         	movff	??___xxtofl,___xxtofl@arg
  4570   0016BA  C00C  F012         	movff	??___xxtofl+1,___xxtofl@arg+1
  4571   0016BE  C00D  F013         	movff	??___xxtofl+2,___xxtofl@arg+2
  4572   0016C2  C00E  F014         	movff	??___xxtofl+3,___xxtofl@arg+3
  4573   0016C6  EF6D  F00B         	goto	l3026
  4574   0016CA                     l1032:
  4575   0016CA  C007  F011         	movff	___xxtofl@val,___xxtofl@arg
  4576   0016CE  C008  F012         	movff	___xxtofl@val+1,___xxtofl@arg+1
  4577   0016D2  C009  F013         	movff	___xxtofl@val+2,___xxtofl@arg+2
  4578   0016D6  C00A  F014         	movff	___xxtofl@val+3,___xxtofl@arg+3
  4579   0016DA                     l3026:
  4580   0016DA  5007               	movf	___xxtofl@val^0,w,c
  4581   0016DC  1008               	iorwf	(___xxtofl@val+1)^0,w,c
  4582   0016DE  1009               	iorwf	(___xxtofl@val+2)^0,w,c
  4583   0016E0  100A               	iorwf	(___xxtofl@val+3)^0,w,c
  4584   0016E2  A4D8               	btfss	status,2,c
  4585   0016E4  EF76  F00B         	goto	u2301
  4586   0016E8  EF78  F00B         	goto	u2300
  4587   0016EC                     u2301:
  4588   0016EC  EF82  F00B         	goto	l3032
  4589   0016F0                     u2300:
  4590   0016F0  0E00               	movlw	0
  4591   0016F2  6E07               	movwf	?___xxtofl^0,c
  4592   0016F4  0E00               	movlw	0
  4593   0016F6  6E08               	movwf	(?___xxtofl+1)^0,c
  4594   0016F8  0E00               	movlw	0
  4595   0016FA  6E09               	movwf	(?___xxtofl+2)^0,c
  4596   0016FC  0E00               	movlw	0
  4597   0016FE  6E0A               	movwf	(?___xxtofl+3)^0,c
  4598   001700  EF13  F00C         	goto	l1035
  4599   001704                     l3032:
  4600   001704  0E96               	movlw	150
  4601   001706  6E10               	movwf	___xxtofl@exp^0,c
  4602   001708  EF8C  F00B         	goto	l3036
  4603   00170C                     l3034:
  4604   00170C  2A10               	incf	___xxtofl@exp^0,f,c
  4605   00170E  90D8               	bcf	status,0,c
  4606   001710  3214               	rrcf	(___xxtofl@arg+3)^0,f,c
  4607   001712  3213               	rrcf	(___xxtofl@arg+2)^0,f,c
  4608   001714  3212               	rrcf	(___xxtofl@arg+1)^0,f,c
  4609   001716  3211               	rrcf	___xxtofl@arg^0,f,c
  4610   001718                     l3036:
  4611   001718  0E00               	movlw	0
  4612   00171A  1411               	andwf	___xxtofl@arg^0,w,c
  4613   00171C  6E0B               	movwf	??___xxtofl^0,c
  4614   00171E  0E00               	movlw	0
  4615   001720  1412               	andwf	(___xxtofl@arg+1)^0,w,c
  4616   001722  6E0C               	movwf	(??___xxtofl+1)^0,c
  4617   001724  0E00               	movlw	0
  4618   001726  1413               	andwf	(___xxtofl@arg+2)^0,w,c
  4619   001728  6E0D               	movwf	(??___xxtofl+2)^0,c
  4620   00172A  0EFE               	movlw	254
  4621   00172C  1414               	andwf	(___xxtofl@arg+3)^0,w,c
  4622   00172E  6E0E               	movwf	(??___xxtofl+3)^0,c
  4623   001730  500B               	movf	??___xxtofl^0,w,c
  4624   001732  100C               	iorwf	(??___xxtofl+1)^0,w,c
  4625   001734  100D               	iorwf	(??___xxtofl+2)^0,w,c
  4626   001736  100E               	iorwf	(??___xxtofl+3)^0,w,c
  4627   001738  A4D8               	btfss	status,2,c
  4628   00173A  EFA1  F00B         	goto	u2311
  4629   00173E  EFA3  F00B         	goto	u2310
  4630   001742                     u2311:
  4631   001742  EF86  F00B         	goto	l3034
  4632   001746                     u2310:
  4633   001746  EFB1  F00B         	goto	l1039
  4634   00174A                     l3038:
  4635   00174A  2A10               	incf	___xxtofl@exp^0,f,c
  4636   00174C  0E01               	movlw	1
  4637   00174E  2611               	addwf	___xxtofl@arg^0,f,c
  4638   001750  0E00               	movlw	0
  4639   001752  2212               	addwfc	(___xxtofl@arg+1)^0,f,c
  4640   001754  2213               	addwfc	(___xxtofl@arg+2)^0,f,c
  4641   001756  2214               	addwfc	(___xxtofl@arg+3)^0,f,c
  4642   001758  90D8               	bcf	status,0,c
  4643   00175A  3214               	rrcf	(___xxtofl@arg+3)^0,f,c
  4644   00175C  3213               	rrcf	(___xxtofl@arg+2)^0,f,c
  4645   00175E  3212               	rrcf	(___xxtofl@arg+1)^0,f,c
  4646   001760  3211               	rrcf	___xxtofl@arg^0,f,c
  4647   001762                     l1039:
  4648   001762  0E00               	movlw	0
  4649   001764  1411               	andwf	___xxtofl@arg^0,w,c
  4650   001766  6E0B               	movwf	??___xxtofl^0,c
  4651   001768  0E00               	movlw	0
  4652   00176A  1412               	andwf	(___xxtofl@arg+1)^0,w,c
  4653   00176C  6E0C               	movwf	(??___xxtofl+1)^0,c
  4654   00176E  0E00               	movlw	0
  4655   001770  1413               	andwf	(___xxtofl@arg+2)^0,w,c
  4656   001772  6E0D               	movwf	(??___xxtofl+2)^0,c
  4657   001774  0EFF               	movlw	255
  4658   001776  1414               	andwf	(___xxtofl@arg+3)^0,w,c
  4659   001778  6E0E               	movwf	(??___xxtofl+3)^0,c
  4660   00177A  500B               	movf	??___xxtofl^0,w,c
  4661   00177C  100C               	iorwf	(??___xxtofl+1)^0,w,c
  4662   00177E  100D               	iorwf	(??___xxtofl+2)^0,w,c
  4663   001780  100E               	iorwf	(??___xxtofl+3)^0,w,c
  4664   001782  A4D8               	btfss	status,2,c
  4665   001784  EFC6  F00B         	goto	u2321
  4666   001788  EFC8  F00B         	goto	u2320
  4667   00178C                     u2321:
  4668   00178C  EFA5  F00B         	goto	l3038
  4669   001790                     u2320:
  4670   001790  EFD0  F00B         	goto	l3046
  4671   001794                     l3044:
  4672   001794  0610               	decf	___xxtofl@exp^0,f,c
  4673   001796  90D8               	bcf	status,0,c
  4674   001798  3611               	rlcf	___xxtofl@arg^0,f,c
  4675   00179A  3612               	rlcf	(___xxtofl@arg+1)^0,f,c
  4676   00179C  3613               	rlcf	(___xxtofl@arg+2)^0,f,c
  4677   00179E  3614               	rlcf	(___xxtofl@arg+3)^0,f,c
  4678   0017A0                     l3046:
  4679   0017A0  BE13               	btfsc	(___xxtofl@arg+2)^0,7,c
  4680   0017A2  EFD5  F00B         	goto	u2331
  4681   0017A6  EFD7  F00B         	goto	u2330
  4682   0017AA                     u2331:
  4683   0017AA  EFDF  F00B         	goto	l1046
  4684   0017AE                     u2330:
  4685   0017AE  0E02               	movlw	2
  4686   0017B0  6010               	cpfslt	___xxtofl@exp^0,c
  4687   0017B2  EFDD  F00B         	goto	u2341
  4688   0017B6  EFDF  F00B         	goto	u2340
  4689   0017BA                     u2341:
  4690   0017BA  EFCA  F00B         	goto	l3044
  4691   0017BE                     u2340:
  4692   0017BE                     l1046:
  4693   0017BE  B010               	btfsc	___xxtofl@exp^0,0,c
  4694   0017C0  EFE4  F00B         	goto	u2351
  4695   0017C4  EFE6  F00B         	goto	u2350
  4696   0017C8                     u2351:
  4697   0017C8  EFE7  F00B         	goto	l3052
  4698   0017CC                     u2350:
  4699   0017CC  9E13               	bcf	(___xxtofl@arg+2)^0,7,c
  4700   0017CE                     l3052:
  4701   0017CE  90D8               	bcf	status,0,c
  4702   0017D0  3210               	rrcf	___xxtofl@exp^0,f,c
  4703   0017D2  C010  F00B         	movff	___xxtofl@exp,??___xxtofl
  4704   0017D6  6A0C               	clrf	(??___xxtofl+1)^0,c
  4705   0017D8  6A0D               	clrf	(??___xxtofl+2)^0,c
  4706   0017DA  6A0E               	clrf	(??___xxtofl+3)^0,c
  4707   0017DC  C00B  F00E         	movff	??___xxtofl,??___xxtofl+3
  4708   0017E0  6A0D               	clrf	(??___xxtofl+2)^0,c
  4709   0017E2  6A0C               	clrf	(??___xxtofl+1)^0,c
  4710   0017E4  6A0B               	clrf	??___xxtofl^0,c
  4711   0017E6  500B               	movf	??___xxtofl^0,w,c
  4712   0017E8  1211               	iorwf	___xxtofl@arg^0,f,c
  4713   0017EA  500C               	movf	(??___xxtofl+1)^0,w,c
  4714   0017EC  1212               	iorwf	(___xxtofl@arg+1)^0,f,c
  4715   0017EE  500D               	movf	(??___xxtofl+2)^0,w,c
  4716   0017F0  1213               	iorwf	(___xxtofl@arg+2)^0,f,c
  4717   0017F2  500E               	movf	(??___xxtofl+3)^0,w,c
  4718   0017F4  1214               	iorwf	(___xxtofl@arg+3)^0,f,c
  4719   0017F6  500F               	movf	___xxtofl@sign^0,w,c
  4720   0017F8  B4D8               	btfsc	status,2,c
  4721   0017FA  EF01  F00C         	goto	u2361
  4722   0017FE  EF03  F00C         	goto	u2360
  4723   001802                     u2361:
  4724   001802  EF0B  F00C         	goto	l3062
  4725   001806                     u2360:
  4726   001806  BE0A               	btfsc	(___xxtofl@val+3)^0,7,c
  4727   001808  EF0A  F00C         	goto	u2370
  4728   00180C  EF08  F00C         	goto	u2371
  4729   001810                     u2371:
  4730   001810  EF0B  F00C         	goto	l3062
  4731   001814                     u2370:
  4732   001814  8E14               	bsf	(___xxtofl@arg+3)^0,7,c
  4733   001816                     l3062:
  4734   001816  C011  F007         	movff	___xxtofl@arg,?___xxtofl
  4735   00181A  C012  F008         	movff	___xxtofl@arg+1,?___xxtofl+1
  4736   00181E  C013  F009         	movff	___xxtofl@arg+2,?___xxtofl+2
  4737   001822  C014  F00A         	movff	___xxtofl@arg+3,?___xxtofl+3
  4738   001826                     l1035:
  4739   001826  0012               	return		;funcret
  4740   001828                     __end_of___xxtofl:
  4741                           	callstack 0
  4742                           
  4743 ;; *************** function ___flmul *****************
  4744 ;; Defined at:
  4745 ;;		line 8 in file "C:\Program Files\Microchip\xc8\v3.00\pic\sources\c99\common\sprcmul.c"
  4746 ;; Parameters:    Size  Location     Type
  4747 ;;  b               4   20[COMRAM] unsigned char 
  4748 ;;  a               4   24[COMRAM] unsigned char 
  4749 ;; Auto vars:     Size  Location     Type
  4750 ;;  prod            4   39[COMRAM] struct .
  4751 ;;  grs             4   34[COMRAM] unsigned long 
  4752 ;;  temp            2   43[COMRAM] struct .
  4753 ;;  bexp            1   38[COMRAM] unsigned char 
  4754 ;;  aexp            1   33[COMRAM] unsigned char 
  4755 ;;  sign            1   32[COMRAM] unsigned char 
  4756 ;; Return value:  Size  Location     Type
  4757 ;;                  4   20[COMRAM] unsigned char 
  4758 ;; Registers used:
  4759 ;;		wreg, status,2, status,0, prodl, prodh
  4760 ;; Tracked objects:
  4761 ;;		On entry : 0/0
  4762 ;;		On exit  : 0/0
  4763 ;;		Unchanged: 0/0
  4764 ;; Data sizes:     COMRAM   BANK0   BANK1   BANK2   BANK3   BANK4   BANK5   BANK6   BANK7   BANK8   BANK9  BANK10  BANK1
      +1  BANK12  BANK13  BANK14
  4765 ;;      Params:         8       0       0       0       0       0       0       0       0       0       0       0       
      +0       0       0       0
  4766 ;;      Locals:        13       0       0       0       0       0       0       0       0       0       0       0       
      +0       0       0       0
  4767 ;;      Temps:          4       0       0       0       0       0       0       0       0       0       0       0       
      +0       0       0       0
  4768 ;;      Totals:        25       0       0       0       0       0       0       0       0       0       0       0       
      +0       0       0       0
  4769 ;;Total ram usage:       25 bytes
  4770 ;; Hardware stack levels used: 1
  4771 ;; Hardware stack levels required when called: 5
  4772 ;; This function calls:
  4773 ;;		Nothing
  4774 ;; This function is called by:
  4775 ;;		_ir_compare
  4776 ;;		_MATCH
  4777 ;; This function uses a non-reentrant model
  4778 ;;
  4779                           
  4780                           	psect	text19
  4781   001002                     __ptext19:
  4782                           	callstack 0
  4783   001002                     ___flmul:
  4784                           	callstack 21
  4785   001002  5018               	movf	(___flmul@b+3)^0,w,c
  4786   001004  0B80               	andlw	128
  4787   001006  6E21               	movwf	___flmul@sign^0,c
  4788   001008  5018               	movf	(___flmul@b+3)^0,w,c
  4789   00100A  2418               	addwf	(___flmul@b+3)^0,w,c
  4790   00100C  6E27               	movwf	___flmul@bexp^0,c
  4791   00100E  AE17               	btfss	(___flmul@b+2)^0,7,c
  4792   001010  EF0C  F008         	goto	u2041
  4793   001014  EF0E  F008         	goto	u2040
  4794   001018                     u2041:
  4795   001018  EF0F  F008         	goto	l2876
  4796   00101C                     u2040:
  4797   00101C  8027               	bsf	___flmul@bexp^0,0,c
  4798   00101E                     l2876:
  4799   00101E  5027               	movf	___flmul@bexp^0,w,c
  4800   001020  B4D8               	btfsc	status,2,c
  4801   001022  EF15  F008         	goto	u2051
  4802   001026  EF17  F008         	goto	u2050
  4803   00102A                     u2051:
  4804   00102A  EF2A  F008         	goto	l2884
  4805   00102E                     u2050:
  4806   00102E  2827               	incf	___flmul@bexp^0,w,c
  4807   001030  A4D8               	btfss	status,2,c
  4808   001032  EF1D  F008         	goto	u2061
  4809   001036  EF1F  F008         	goto	u2060
  4810   00103A                     u2061:
  4811   00103A  EF27  F008         	goto	l2882
  4812   00103E                     u2060:
  4813   00103E  0E00               	movlw	0
  4814   001040  6E15               	movwf	___flmul@b^0,c
  4815   001042  0E00               	movlw	0
  4816   001044  6E16               	movwf	(___flmul@b+1)^0,c
  4817   001046  0E00               	movlw	0
  4818   001048  6E17               	movwf	(___flmul@b+2)^0,c
  4819   00104A  0E00               	movlw	0
  4820   00104C  6E18               	movwf	(___flmul@b+3)^0,c
  4821   00104E                     l2882:
  4822   00104E  8E17               	bsf	(___flmul@b+2)^0,7,c
  4823   001050  EF32  F008         	goto	l2886
  4824   001054                     l2884:
  4825   001054  0E00               	movlw	0
  4826   001056  6E15               	movwf	___flmul@b^0,c
  4827   001058  0E00               	movlw	0
  4828   00105A  6E16               	movwf	(___flmul@b+1)^0,c
  4829   00105C  0E00               	movlw	0
  4830   00105E  6E17               	movwf	(___flmul@b+2)^0,c
  4831   001060  0E00               	movlw	0
  4832   001062  6E18               	movwf	(___flmul@b+3)^0,c
  4833   001064                     l2886:
  4834   001064  501C               	movf	(___flmul@a+3)^0,w,c
  4835   001066  0B80               	andlw	128
  4836   001068  1A21               	xorwf	___flmul@sign^0,f,c
  4837   00106A  501C               	movf	(___flmul@a+3)^0,w,c
  4838   00106C  241C               	addwf	(___flmul@a+3)^0,w,c
  4839   00106E  6E22               	movwf	___flmul@aexp^0,c
  4840   001070  AE1B               	btfss	(___flmul@a+2)^0,7,c
  4841   001072  EF3D  F008         	goto	u2071
  4842   001076  EF3F  F008         	goto	u2070
  4843   00107A                     u2071:
  4844   00107A  EF40  F008         	goto	l2894
  4845   00107E                     u2070:
  4846   00107E  8022               	bsf	___flmul@aexp^0,0,c
  4847   001080                     l2894:
  4848   001080  5022               	movf	___flmul@aexp^0,w,c
  4849   001082  B4D8               	btfsc	status,2,c
  4850   001084  EF46  F008         	goto	u2081
  4851   001088  EF48  F008         	goto	u2080
  4852   00108C                     u2081:
  4853   00108C  EF5B  F008         	goto	l2902
  4854   001090                     u2080:
  4855   001090  2822               	incf	___flmul@aexp^0,w,c
  4856   001092  A4D8               	btfss	status,2,c
  4857   001094  EF4E  F008         	goto	u2091
  4858   001098  EF50  F008         	goto	u2090
  4859   00109C                     u2091:
  4860   00109C  EF58  F008         	goto	l2900
  4861   0010A0                     u2090:
  4862   0010A0  0E00               	movlw	0
  4863   0010A2  6E19               	movwf	___flmul@a^0,c
  4864   0010A4  0E00               	movlw	0
  4865   0010A6  6E1A               	movwf	(___flmul@a+1)^0,c
  4866   0010A8  0E00               	movlw	0
  4867   0010AA  6E1B               	movwf	(___flmul@a+2)^0,c
  4868   0010AC  0E00               	movlw	0
  4869   0010AE  6E1C               	movwf	(___flmul@a+3)^0,c
  4870   0010B0                     l2900:
  4871   0010B0  8E1B               	bsf	(___flmul@a+2)^0,7,c
  4872   0010B2  EF63  F008         	goto	l991
  4873   0010B6                     l2902:
  4874   0010B6  0E00               	movlw	0
  4875   0010B8  6E19               	movwf	___flmul@a^0,c
  4876   0010BA  0E00               	movlw	0
  4877   0010BC  6E1A               	movwf	(___flmul@a+1)^0,c
  4878   0010BE  0E00               	movlw	0
  4879   0010C0  6E1B               	movwf	(___flmul@a+2)^0,c
  4880   0010C2  0E00               	movlw	0
  4881   0010C4  6E1C               	movwf	(___flmul@a+3)^0,c
  4882   0010C6                     l991:
  4883   0010C6  5022               	movf	___flmul@aexp^0,w,c
  4884   0010C8  B4D8               	btfsc	status,2,c
  4885   0010CA  EF69  F008         	goto	u2101
  4886   0010CE  EF6B  F008         	goto	u2100
  4887   0010D2                     u2101:
  4888   0010D2  EF73  F008         	goto	l2906
  4889   0010D6                     u2100:
  4890   0010D6  5027               	movf	___flmul@bexp^0,w,c
  4891   0010D8  A4D8               	btfss	status,2,c
  4892   0010DA  EF71  F008         	goto	u2111
  4893   0010DE  EF73  F008         	goto	u2110
  4894   0010E2                     u2111:
  4895   0010E2  EF7D  F008         	goto	l2910
  4896   0010E6                     u2110:
  4897   0010E6                     l2906:
  4898   0010E6  0E00               	movlw	0
  4899   0010E8  6E15               	movwf	?___flmul^0,c
  4900   0010EA  0E00               	movlw	0
  4901   0010EC  6E16               	movwf	(?___flmul+1)^0,c
  4902   0010EE  0E00               	movlw	0
  4903   0010F0  6E17               	movwf	(?___flmul+2)^0,c
  4904   0010F2  0E00               	movlw	0
  4905   0010F4  6E18               	movwf	(?___flmul+3)^0,c
  4906   0010F6  EF13  F00A         	goto	l995
  4907   0010FA                     l2910:
  4908   0010FA  501B               	movf	(___flmul@a+2)^0,w,c
  4909   0010FC  0215               	mulwf	___flmul@b^0,c
  4910   0010FE  CFF3 F02C          	movff	prodl,___flmul@temp
  4911   001102  CFF4 F02D          	movff	prodh,___flmul@temp+1
  4912   001106  502C               	movf	___flmul@temp^0,w,c
  4913   001108  6E23               	movwf	___flmul@grs^0,c
  4914   00110A  6A24               	clrf	(___flmul@grs+1)^0,c
  4915   00110C  6A25               	clrf	(___flmul@grs+2)^0,c
  4916   00110E  6A26               	clrf	(___flmul@grs+3)^0,c
  4917   001110  502D               	movf	(___flmul@temp+1)^0,w,c
  4918   001112  6E28               	movwf	___flmul@prod^0,c
  4919   001114  6A29               	clrf	(___flmul@prod+1)^0,c
  4920   001116  6A2A               	clrf	(___flmul@prod+2)^0,c
  4921   001118  6A2B               	clrf	(___flmul@prod+3)^0,c
  4922   00111A  501A               	movf	(___flmul@a+1)^0,w,c
  4923   00111C  0216               	mulwf	(___flmul@b+1)^0,c
  4924   00111E  CFF3 F02C          	movff	prodl,___flmul@temp
  4925   001122  CFF4 F02D          	movff	prodh,___flmul@temp+1
  4926   001126  502C               	movf	___flmul@temp^0,w,c
  4927   001128  2623               	addwf	___flmul@grs^0,f,c
  4928   00112A  0E00               	movlw	0
  4929   00112C  2224               	addwfc	(___flmul@grs+1)^0,f,c
  4930   00112E  2225               	addwfc	(___flmul@grs+2)^0,f,c
  4931   001130  2226               	addwfc	(___flmul@grs+3)^0,f,c
  4932   001132  502D               	movf	(___flmul@temp+1)^0,w,c
  4933   001134  2628               	addwf	___flmul@prod^0,f,c
  4934   001136  0E00               	movlw	0
  4935   001138  2229               	addwfc	(___flmul@prod+1)^0,f,c
  4936   00113A  222A               	addwfc	(___flmul@prod+2)^0,f,c
  4937   00113C  222B               	addwfc	(___flmul@prod+3)^0,f,c
  4938   00113E  5019               	movf	___flmul@a^0,w,c
  4939   001140  0217               	mulwf	(___flmul@b+2)^0,c
  4940   001142  CFF3 F02C          	movff	prodl,___flmul@temp
  4941   001146  CFF4 F02D          	movff	prodh,___flmul@temp+1
  4942   00114A  502C               	movf	___flmul@temp^0,w,c
  4943   00114C  2623               	addwf	___flmul@grs^0,f,c
  4944   00114E  0E00               	movlw	0
  4945   001150  2224               	addwfc	(___flmul@grs+1)^0,f,c
  4946   001152  2225               	addwfc	(___flmul@grs+2)^0,f,c
  4947   001154  2226               	addwfc	(___flmul@grs+3)^0,f,c
  4948   001156  502D               	movf	(___flmul@temp+1)^0,w,c
  4949   001158  2628               	addwf	___flmul@prod^0,f,c
  4950   00115A  0E00               	movlw	0
  4951   00115C  2229               	addwfc	(___flmul@prod+1)^0,f,c
  4952   00115E  222A               	addwfc	(___flmul@prod+2)^0,f,c
  4953   001160  222B               	addwfc	(___flmul@prod+3)^0,f,c
  4954   001162  C025  F026         	movff	___flmul@grs+2,___flmul@grs+3
  4955   001166  C024  F025         	movff	___flmul@grs+1,___flmul@grs+2
  4956   00116A  C023  F024         	movff	___flmul@grs,___flmul@grs+1
  4957   00116E  6A23               	clrf	___flmul@grs^0,c
  4958   001170  5019               	movf	___flmul@a^0,w,c
  4959   001172  0216               	mulwf	(___flmul@b+1)^0,c
  4960   001174  CFF3 F02C          	movff	prodl,___flmul@temp
  4961   001178  CFF4 F02D          	movff	prodh,___flmul@temp+1
  4962   00117C  502C               	movf	___flmul@temp^0,w,c
  4963   00117E  2623               	addwf	___flmul@grs^0,f,c
  4964   001180  502D               	movf	(___flmul@temp+1)^0,w,c
  4965   001182  2224               	addwfc	(___flmul@grs+1)^0,f,c
  4966   001184  0E00               	movlw	0
  4967   001186  2225               	addwfc	(___flmul@grs+2)^0,f,c
  4968   001188  0E00               	movlw	0
  4969   00118A  2226               	addwfc	(___flmul@grs+3)^0,f,c
  4970   00118C  501A               	movf	(___flmul@a+1)^0,w,c
  4971   00118E  0215               	mulwf	___flmul@b^0,c
  4972   001190  CFF3 F02C          	movff	prodl,___flmul@temp
  4973   001194  CFF4 F02D          	movff	prodh,___flmul@temp+1
  4974   001198  502C               	movf	___flmul@temp^0,w,c
  4975   00119A  2623               	addwf	___flmul@grs^0,f,c
  4976   00119C  502D               	movf	(___flmul@temp+1)^0,w,c
  4977   00119E  2224               	addwfc	(___flmul@grs+1)^0,f,c
  4978   0011A0  0E00               	movlw	0
  4979   0011A2  2225               	addwfc	(___flmul@grs+2)^0,f,c
  4980   0011A4  0E00               	movlw	0
  4981   0011A6  2226               	addwfc	(___flmul@grs+3)^0,f,c
  4982   0011A8  C025  F026         	movff	___flmul@grs+2,___flmul@grs+3
  4983   0011AC  C024  F025         	movff	___flmul@grs+1,___flmul@grs+2
  4984   0011B0  C023  F024         	movff	___flmul@grs,___flmul@grs+1
  4985   0011B4  6A23               	clrf	___flmul@grs^0,c
  4986   0011B6  5019               	movf	___flmul@a^0,w,c
  4987   0011B8  0215               	mulwf	___flmul@b^0,c
  4988   0011BA  CFF3 F02C          	movff	prodl,___flmul@temp
  4989   0011BE  CFF4 F02D          	movff	prodh,___flmul@temp+1
  4990   0011C2  502C               	movf	___flmul@temp^0,w,c
  4991   0011C4  2623               	addwf	___flmul@grs^0,f,c
  4992   0011C6  502D               	movf	(___flmul@temp+1)^0,w,c
  4993   0011C8  2224               	addwfc	(___flmul@grs+1)^0,f,c
  4994   0011CA  0E00               	movlw	0
  4995   0011CC  2225               	addwfc	(___flmul@grs+2)^0,f,c
  4996   0011CE  0E00               	movlw	0
  4997   0011D0  2226               	addwfc	(___flmul@grs+3)^0,f,c
  4998   0011D2  501B               	movf	(___flmul@a+2)^0,w,c
  4999   0011D4  0216               	mulwf	(___flmul@b+1)^0,c
  5000   0011D6  CFF3 F02C          	movff	prodl,___flmul@temp
  5001   0011DA  CFF4 F02D          	movff	prodh,___flmul@temp+1
  5002   0011DE  502C               	movf	___flmul@temp^0,w,c
  5003   0011E0  2628               	addwf	___flmul@prod^0,f,c
  5004   0011E2  502D               	movf	(___flmul@temp+1)^0,w,c
  5005   0011E4  2229               	addwfc	(___flmul@prod+1)^0,f,c
  5006   0011E6  0E00               	movlw	0
  5007   0011E8  222A               	addwfc	(___flmul@prod+2)^0,f,c
  5008   0011EA  0E00               	movlw	0
  5009   0011EC  222B               	addwfc	(___flmul@prod+3)^0,f,c
  5010   0011EE  501A               	movf	(___flmul@a+1)^0,w,c
  5011   0011F0  0217               	mulwf	(___flmul@b+2)^0,c
  5012   0011F2  CFF3 F02C          	movff	prodl,___flmul@temp
  5013   0011F6  CFF4 F02D          	movff	prodh,___flmul@temp+1
  5014   0011FA  502C               	movf	___flmul@temp^0,w,c
  5015   0011FC  2628               	addwf	___flmul@prod^0,f,c
  5016   0011FE  502D               	movf	(___flmul@temp+1)^0,w,c
  5017   001200  2229               	addwfc	(___flmul@prod+1)^0,f,c
  5018   001202  0E00               	movlw	0
  5019   001204  222A               	addwfc	(___flmul@prod+2)^0,f,c
  5020   001206  0E00               	movlw	0
  5021   001208  222B               	addwfc	(___flmul@prod+3)^0,f,c
  5022   00120A  501B               	movf	(___flmul@a+2)^0,w,c
  5023   00120C  0217               	mulwf	(___flmul@b+2)^0,c
  5024   00120E  CFF3 F02C          	movff	prodl,___flmul@temp
  5025   001212  CFF4 F02D          	movff	prodh,___flmul@temp+1
  5026   001216  502C               	movf	___flmul@temp^0,w,c
  5027   001218  6E1D               	movwf	??___flmul^0,c
  5028   00121A  502D               	movf	(___flmul@temp+1)^0,w,c
  5029   00121C  6E1E               	movwf	(??___flmul+1)^0,c
  5030   00121E  6A1F               	clrf	(??___flmul+2)^0,c
  5031   001220  6A20               	clrf	(??___flmul+3)^0,c
  5032   001222  C01F  F020         	movff	??___flmul+2,??___flmul+3
  5033   001226  C01E  F01F         	movff	??___flmul+1,??___flmul+2
  5034   00122A  C01D  F01E         	movff	??___flmul,??___flmul+1
  5035   00122E  6A1D               	clrf	??___flmul^0,c
  5036   001230  501D               	movf	??___flmul^0,w,c
  5037   001232  2628               	addwf	___flmul@prod^0,f,c
  5038   001234  501E               	movf	(??___flmul+1)^0,w,c
  5039   001236  2229               	addwfc	(___flmul@prod+1)^0,f,c
  5040   001238  501F               	movf	(??___flmul+2)^0,w,c
  5041   00123A  222A               	addwfc	(___flmul@prod+2)^0,f,c
  5042   00123C  5020               	movf	(??___flmul+3)^0,w,c
  5043   00123E  222B               	addwfc	(___flmul@prod+3)^0,f,c
  5044   001240  C023  F01D         	movff	___flmul@grs,??___flmul
  5045   001244  C024  F01E         	movff	___flmul@grs+1,??___flmul+1
  5046   001248  C025  F01F         	movff	___flmul@grs+2,??___flmul+2
  5047   00124C  C026  F020         	movff	___flmul@grs+3,??___flmul+3
  5048   001250  0E19               	movlw	25
  5049   001252  EF30  F009         	goto	u2120
  5050   001256                     u2125:
  5051   001256  90D8               	bcf	status,0,c
  5052   001258  3220               	rrcf	(??___flmul+3)^0,f,c
  5053   00125A  321F               	rrcf	(??___flmul+2)^0,f,c
  5054   00125C  321E               	rrcf	(??___flmul+1)^0,f,c
  5055   00125E  321D               	rrcf	??___flmul^0,f,c
  5056   001260                     u2120:
  5057   001260  2EE8               	decfsz	wreg,f,c
  5058   001262  EF2B  F009         	goto	u2125
  5059   001266  501D               	movf	??___flmul^0,w,c
  5060   001268  2628               	addwf	___flmul@prod^0,f,c
  5061   00126A  501E               	movf	(??___flmul+1)^0,w,c
  5062   00126C  2229               	addwfc	(___flmul@prod+1)^0,f,c
  5063   00126E  501F               	movf	(??___flmul+2)^0,w,c
  5064   001270  222A               	addwfc	(___flmul@prod+2)^0,f,c
  5065   001272  5020               	movf	(??___flmul+3)^0,w,c
  5066   001274  222B               	addwfc	(___flmul@prod+3)^0,f,c
  5067   001276  C025  F026         	movff	___flmul@grs+2,___flmul@grs+3
  5068   00127A  C024  F025         	movff	___flmul@grs+1,___flmul@grs+2
  5069   00127E  C023  F024         	movff	___flmul@grs,___flmul@grs+1
  5070   001282  6A23               	clrf	___flmul@grs^0,c
  5071   001284  5022               	movf	___flmul@aexp^0,w,c
  5072   001286  C027  F01D         	movff	___flmul@bexp,??___flmul
  5073   00128A  6A1E               	clrf	(??___flmul+1)^0,c
  5074   00128C  261D               	addwf	??___flmul^0,f,c
  5075   00128E  0E00               	movlw	0
  5076   001290  221E               	addwfc	(??___flmul+1)^0,f,c
  5077   001292  0E82               	movlw	130
  5078   001294  241D               	addwf	??___flmul^0,w,c
  5079   001296  6E2C               	movwf	___flmul@temp^0,c
  5080   001298  0EFF               	movlw	255
  5081   00129A  201E               	addwfc	(??___flmul+1)^0,w,c
  5082   00129C  6E2D               	movwf	(___flmul@temp+1)^0,c
  5083   00129E  EF66  F009         	goto	l2958
  5084   0012A2                     l2952:
  5085   0012A2  90D8               	bcf	status,0,c
  5086   0012A4  3628               	rlcf	___flmul@prod^0,f,c
  5087   0012A6  3629               	rlcf	(___flmul@prod+1)^0,f,c
  5088   0012A8  362A               	rlcf	(___flmul@prod+2)^0,f,c
  5089   0012AA  362B               	rlcf	(___flmul@prod+3)^0,f,c
  5090   0012AC  AE26               	btfss	(___flmul@grs+3)^0,7,c
  5091   0012AE  EF5B  F009         	goto	u2131
  5092   0012B2  EF5D  F009         	goto	u2130
  5093   0012B6                     u2131:
  5094   0012B6  EF5E  F009         	goto	l998
  5095   0012BA                     u2130:
  5096   0012BA  8028               	bsf	___flmul@prod^0,0,c
  5097   0012BC                     l998:
  5098   0012BC  90D8               	bcf	status,0,c
  5099   0012BE  3623               	rlcf	___flmul@grs^0,f,c
  5100   0012C0  3624               	rlcf	(___flmul@grs+1)^0,f,c
  5101   0012C2  3625               	rlcf	(___flmul@grs+2)^0,f,c
  5102   0012C4  3626               	rlcf	(___flmul@grs+3)^0,f,c
  5103   0012C6  062C               	decf	___flmul@temp^0,f,c
  5104   0012C8  A0D8               	btfss	status,0,c
  5105   0012CA  062D               	decf	(___flmul@temp+1)^0,f,c
  5106   0012CC                     l2958:
  5107   0012CC  AE2A               	btfss	(___flmul@prod+2)^0,7,c
  5108   0012CE  EF6B  F009         	goto	u2141
  5109   0012D2  EF6D  F009         	goto	u2140
  5110   0012D6                     u2141:
  5111   0012D6  EF51  F009         	goto	l2952
  5112   0012DA                     u2140:
  5113   0012DA  6A22               	clrf	___flmul@aexp^0,c
  5114   0012DC  AE26               	btfss	(___flmul@grs+3)^0,7,c
  5115   0012DE  EF73  F009         	goto	u2151
  5116   0012E2  EF75  F009         	goto	u2150
  5117   0012E6                     u2151:
  5118   0012E6  EF99  F009         	goto	l1000
  5119   0012EA                     u2150:
  5120   0012EA  0EFF               	movlw	255
  5121   0012EC  1423               	andwf	___flmul@grs^0,w,c
  5122   0012EE  6E1D               	movwf	??___flmul^0,c
  5123   0012F0  0EFF               	movlw	255
  5124   0012F2  1424               	andwf	(___flmul@grs+1)^0,w,c
  5125   0012F4  6E1E               	movwf	(??___flmul+1)^0,c
  5126   0012F6  0EFF               	movlw	255
  5127   0012F8  1425               	andwf	(___flmul@grs+2)^0,w,c
  5128   0012FA  6E1F               	movwf	(??___flmul+2)^0,c
  5129   0012FC  0E7F               	movlw	127
  5130   0012FE  1426               	andwf	(___flmul@grs+3)^0,w,c
  5131   001300  6E20               	movwf	(??___flmul+3)^0,c
  5132   001302  501D               	movf	??___flmul^0,w,c
  5133   001304  101E               	iorwf	(??___flmul+1)^0,w,c
  5134   001306  101F               	iorwf	(??___flmul+2)^0,w,c
  5135   001308  1020               	iorwf	(??___flmul+3)^0,w,c
  5136   00130A  B4D8               	btfsc	status,2,c
  5137   00130C  EF8A  F009         	goto	u2161
  5138   001310  EF8C  F009         	goto	u2160
  5139   001314                     u2161:
  5140   001314  EF90  F009         	goto	l1001
  5141   001318                     u2160:
  5142   001318                     l2962:
  5143   001318  0E01               	movlw	1
  5144   00131A  6E22               	movwf	___flmul@aexp^0,c
  5145   00131C  EF99  F009         	goto	l1000
  5146   001320                     l1001:
  5147   001320  A028               	btfss	___flmul@prod^0,0,c
  5148   001322  EF95  F009         	goto	u2171
  5149   001326  EF97  F009         	goto	u2170
  5150   00132A                     u2171:
  5151   00132A  EF99  F009         	goto	l1000
  5152   00132E                     u2170:
  5153   00132E  EF8C  F009         	goto	l2962
  5154   001332                     l1000:
  5155   001332  5022               	movf	___flmul@aexp^0,w,c
  5156   001334  B4D8               	btfsc	status,2,c
  5157   001336  EF9F  F009         	goto	u2181
  5158   00133A  EFA1  F009         	goto	u2180
  5159   00133E                     u2181:
  5160   00133E  EFC5  F009         	goto	l2974
  5161   001342                     u2180:
  5162   001342  0E01               	movlw	1
  5163   001344  2628               	addwf	___flmul@prod^0,f,c
  5164   001346  0E00               	movlw	0
  5165   001348  2229               	addwfc	(___flmul@prod+1)^0,f,c
  5166   00134A  222A               	addwfc	(___flmul@prod+2)^0,f,c
  5167   00134C  222B               	addwfc	(___flmul@prod+3)^0,f,c
  5168   00134E  A02B               	btfss	(___flmul@prod+3)^0,0,c
  5169   001350  EFAC  F009         	goto	u2191
  5170   001354  EFAE  F009         	goto	u2190
  5171   001358                     u2191:
  5172   001358  EFC5  F009         	goto	l2974
  5173   00135C                     u2190:
  5174   00135C  C028  F01D         	movff	___flmul@prod,??___flmul
  5175   001360  C029  F01E         	movff	___flmul@prod+1,??___flmul+1
  5176   001364  C02A  F01F         	movff	___flmul@prod+2,??___flmul+2
  5177   001368  C02B  F020         	movff	___flmul@prod+3,??___flmul+3
  5178   00136C  3420               	rlcf	(??___flmul+3)^0,w,c
  5179   00136E  3220               	rrcf	(??___flmul+3)^0,f,c
  5180   001370  321F               	rrcf	(??___flmul+2)^0,f,c
  5181   001372  321E               	rrcf	(??___flmul+1)^0,f,c
  5182   001374  321D               	rrcf	??___flmul^0,f,c
  5183   001376  C01D  F028         	movff	??___flmul,___flmul@prod
  5184   00137A  C01E  F029         	movff	??___flmul+1,___flmul@prod+1
  5185   00137E  C01F  F02A         	movff	??___flmul+2,___flmul@prod+2
  5186   001382  C020  F02B         	movff	??___flmul+3,___flmul@prod+3
  5187   001386  4A2C               	infsnz	___flmul@temp^0,f,c
  5188   001388  2A2D               	incf	(___flmul@temp+1)^0,f,c
  5189   00138A                     l2974:
  5190   00138A  BE2D               	btfsc	(___flmul@temp+1)^0,7,c
  5191   00138C  EFD0  F009         	goto	u2201
  5192   001390  502D               	movf	(___flmul@temp+1)^0,w,c
  5193   001392  E108               	bnz	u2200
  5194   001394  282C               	incf	___flmul@temp^0,w,c
  5195   001396  A0D8               	btfss	status,0,c
  5196   001398  EFD0  F009         	goto	u2201
  5197   00139C  EFD2  F009         	goto	u2200
  5198   0013A0                     u2201:
  5199   0013A0  EFDC  F009         	goto	l2978
  5200   0013A4                     u2200:
  5201   0013A4  0E00               	movlw	0
  5202   0013A6  6E28               	movwf	___flmul@prod^0,c
  5203   0013A8  0E00               	movlw	0
  5204   0013AA  6E29               	movwf	(___flmul@prod+1)^0,c
  5205   0013AC  0E80               	movlw	128
  5206   0013AE  6E2A               	movwf	(___flmul@prod+2)^0,c
  5207   0013B0  0E7F               	movlw	127
  5208   0013B2  6E2B               	movwf	(___flmul@prod+3)^0,c
  5209   0013B4  EF09  F00A         	goto	l2992
  5210   0013B8                     l2978:
  5211   0013B8  BE2D               	btfsc	(___flmul@temp+1)^0,7,c
  5212   0013BA  EFE9  F009         	goto	u2210
  5213   0013BE  502D               	movf	(___flmul@temp+1)^0,w,c
  5214   0013C0  E106               	bnz	u2211
  5215   0013C2  042C               	decf	___flmul@temp^0,w,c
  5216   0013C4  B0D8               	btfsc	status,0,c
  5217   0013C6  EFE7  F009         	goto	u2211
  5218   0013CA  EFE9  F009         	goto	u2210
  5219   0013CE                     u2211:
  5220   0013CE  EFF4  F009         	goto	l1008
  5221   0013D2                     u2210:
  5222   0013D2  0E00               	movlw	0
  5223   0013D4  6E28               	movwf	___flmul@prod^0,c
  5224   0013D6  0E00               	movlw	0
  5225   0013D8  6E29               	movwf	(___flmul@prod+1)^0,c
  5226   0013DA  0E00               	movlw	0
  5227   0013DC  6E2A               	movwf	(___flmul@prod+2)^0,c
  5228   0013DE  0E00               	movlw	0
  5229   0013E0  6E2B               	movwf	(___flmul@prod+3)^0,c
  5230   0013E2  6A21               	clrf	___flmul@sign^0,c
  5231   0013E4  EF09  F00A         	goto	l2992
  5232   0013E8                     l1008:
  5233   0013E8  C02C  F027         	movff	___flmul@temp,___flmul@bexp
  5234   0013EC  0EFF               	movlw	255
  5235   0013EE  1628               	andwf	___flmul@prod^0,f,c
  5236   0013F0  0EFF               	movlw	255
  5237   0013F2  1629               	andwf	(___flmul@prod+1)^0,f,c
  5238   0013F4  0E7F               	movlw	127
  5239   0013F6  162A               	andwf	(___flmul@prod+2)^0,f,c
  5240   0013F8  0E00               	movlw	0
  5241   0013FA  162B               	andwf	(___flmul@prod+3)^0,f,c
  5242   0013FC  A027               	btfss	___flmul@bexp^0,0,c
  5243   0013FE  EF03  F00A         	goto	u2221
  5244   001402  EF05  F00A         	goto	u2220
  5245   001406                     u2221:
  5246   001406  EF06  F00A         	goto	l2990
  5247   00140A                     u2220:
  5248   00140A  8E2A               	bsf	(___flmul@prod+2)^0,7,c
  5249   00140C                     l2990:
  5250   00140C  90D8               	bcf	status,0,c
  5251   00140E  3027               	rrcf	___flmul@bexp^0,w,c
  5252   001410  6E2B               	movwf	(___flmul@prod+3)^0,c
  5253   001412                     l2992:
  5254   001412  5021               	movf	___flmul@sign^0,w,c
  5255   001414  122B               	iorwf	(___flmul@prod+3)^0,f,c
  5256   001416  C028  F015         	movff	___flmul@prod,?___flmul
  5257   00141A  C029  F016         	movff	___flmul@prod+1,?___flmul+1
  5258   00141E  C02A  F017         	movff	___flmul@prod+2,?___flmul+2
  5259   001422  C02B  F018         	movff	___flmul@prod+3,?___flmul+3
  5260   001426                     l995:
  5261   001426  0012               	return		;funcret
  5262   001428                     __end_of___flmul:
  5263                           	callstack 0
  5264                           
  5265 ;; *************** function ___flge *****************
  5266 ;; Defined at:
  5267 ;;		line 4 in file "C:\Program Files\Microchip\xc8\v3.00\pic\sources\c99\common\flge.c"
  5268 ;; Parameters:    Size  Location     Type
  5269 ;;  ff1             4   45[COMRAM] unsigned char 
  5270 ;;  ff2             4   49[COMRAM] unsigned char 
  5271 ;; Auto vars:     Size  Location     Type
  5272 ;;		None
  5273 ;; Return value:  Size  Location     Type
  5274 ;;		None               void
  5275 ;; Registers used:
  5276 ;;		wreg, status,2, status,0
  5277 ;; Tracked objects:
  5278 ;;		On entry : 0/0
  5279 ;;		On exit  : 0/0
  5280 ;;		Unchanged: 0/0
  5281 ;; Data sizes:     COMRAM   BANK0   BANK1   BANK2   BANK3   BANK4   BANK5   BANK6   BANK7   BANK8   BANK9  BANK10  BANK1
      +1  BANK12  BANK13  BANK14
  5282 ;;      Params:         8       0       0       0       0       0       0       0       0       0       0       0       
      +0       0       0       0
  5283 ;;      Locals:         0       0       0       0       0       0       0       0       0       0       0       0       
      +0       0       0       0
  5284 ;;      Temps:          4       0       0       0       0       0       0       0       0       0       0       0       
      +0       0       0       0
  5285 ;;      Totals:        12       0       0       0       0       0       0       0       0       0       0       0       
      +0       0       0       0
  5286 ;;Total ram usage:       12 bytes
  5287 ;; Hardware stack levels used: 1
  5288 ;; Hardware stack levels required when called: 5
  5289 ;; This function calls:
  5290 ;;		Nothing
  5291 ;; This function is called by:
  5292 ;;		_ir_compare
  5293 ;; This function uses a non-reentrant model
  5294 ;;
  5295                           
  5296                           	psect	text20
  5297   001D4C                     __ptext20:
  5298                           	callstack 0
  5299   001D4C                     ___flge:
  5300                           	callstack 21
  5301   001D4C  0E00               	movlw	0
  5302   001D4E  142E               	andwf	___flge@ff1^0,w,c
  5303   001D50  6E36               	movwf	??___flge^0,c
  5304   001D52  0E00               	movlw	0
  5305   001D54  142F               	andwf	(___flge@ff1+1)^0,w,c
  5306   001D56  6E37               	movwf	(??___flge+1)^0,c
  5307   001D58  0E80               	movlw	128
  5308   001D5A  1430               	andwf	(___flge@ff1+2)^0,w,c
  5309   001D5C  6E38               	movwf	(??___flge+2)^0,c
  5310   001D5E  0E7F               	movlw	127
  5311   001D60  1431               	andwf	(___flge@ff1+3)^0,w,c
  5312   001D62  6E39               	movwf	(??___flge+3)^0,c
  5313   001D64  5036               	movf	??___flge^0,w,c
  5314   001D66  1037               	iorwf	(??___flge+1)^0,w,c
  5315   001D68  1038               	iorwf	(??___flge+2)^0,w,c
  5316   001D6A  1039               	iorwf	(??___flge+3)^0,w,c
  5317   001D6C  A4D8               	btfss	status,2,c
  5318   001D6E  EFBB  F00E         	goto	u2231
  5319   001D72  EFBD  F00E         	goto	u2230
  5320   001D76                     u2231:
  5321   001D76  EFC5  F00E         	goto	l3002
  5322   001D7A                     u2230:
  5323   001D7A  0E00               	movlw	0
  5324   001D7C  6E2E               	movwf	___flge@ff1^0,c
  5325   001D7E  0E00               	movlw	0
  5326   001D80  6E2F               	movwf	(___flge@ff1+1)^0,c
  5327   001D82  0E00               	movlw	0
  5328   001D84  6E30               	movwf	(___flge@ff1+2)^0,c
  5329   001D86  0E00               	movlw	0
  5330   001D88  6E31               	movwf	(___flge@ff1+3)^0,c
  5331   001D8A                     l3002:
  5332   001D8A  0E00               	movlw	0
  5333   001D8C  1432               	andwf	___flge@ff2^0,w,c
  5334   001D8E  6E36               	movwf	??___flge^0,c
  5335   001D90  0E00               	movlw	0
  5336   001D92  1433               	andwf	(___flge@ff2+1)^0,w,c
  5337   001D94  6E37               	movwf	(??___flge+1)^0,c
  5338   001D96  0E80               	movlw	128
  5339   001D98  1434               	andwf	(___flge@ff2+2)^0,w,c
  5340   001D9A  6E38               	movwf	(??___flge+2)^0,c
  5341   001D9C  0E7F               	movlw	127
  5342   001D9E  1435               	andwf	(___flge@ff2+3)^0,w,c
  5343   001DA0  6E39               	movwf	(??___flge+3)^0,c
  5344   001DA2  5036               	movf	??___flge^0,w,c
  5345   001DA4  1037               	iorwf	(??___flge+1)^0,w,c
  5346   001DA6  1038               	iorwf	(??___flge+2)^0,w,c
  5347   001DA8  1039               	iorwf	(??___flge+3)^0,w,c
  5348   001DAA  A4D8               	btfss	status,2,c
  5349   001DAC  EFDA  F00E         	goto	u2241
  5350   001DB0  EFDC  F00E         	goto	u2240
  5351   001DB4                     u2241:
  5352   001DB4  EFE4  F00E         	goto	l3006
  5353   001DB8                     u2240:
  5354   001DB8  0E00               	movlw	0
  5355   001DBA  6E32               	movwf	___flge@ff2^0,c
  5356   001DBC  0E00               	movlw	0
  5357   001DBE  6E33               	movwf	(___flge@ff2+1)^0,c
  5358   001DC0  0E00               	movlw	0
  5359   001DC2  6E34               	movwf	(___flge@ff2+2)^0,c
  5360   001DC4  0E00               	movlw	0
  5361   001DC6  6E35               	movwf	(___flge@ff2+3)^0,c
  5362   001DC8                     l3006:
  5363   001DC8  AE31               	btfss	(___flge@ff1+3)^0,7,c
  5364   001DCA  EFE9  F00E         	goto	u2251
  5365   001DCE  EFEB  F00E         	goto	u2250
  5366   001DD2                     u2251:
  5367   001DD2  EFF4  F00E         	goto	l3010
  5368   001DD6                     u2250:
  5369   001DD6  6C2E               	negf	___flge@ff1^0,c
  5370   001DD8  1E2F               	comf	(___flge@ff1+1)^0,f,c
  5371   001DDA  B0D8               	btfsc	status,0,c
  5372   001DDC  2A2F               	incf	(___flge@ff1+1)^0,f,c
  5373   001DDE  1E30               	comf	(___flge@ff1+2)^0,f,c
  5374   001DE0  B0D8               	btfsc	status,0,c
  5375   001DE2  2A30               	incf	(___flge@ff1+2)^0,f,c
  5376   001DE4  0E80               	movlw	128
  5377   001DE6  5631               	subfwb	(___flge@ff1+3)^0,f,c
  5378   001DE8                     l3010:
  5379   001DE8  AE35               	btfss	(___flge@ff2+3)^0,7,c
  5380   001DEA  EFF9  F00E         	goto	u2261
  5381   001DEE  EFFB  F00E         	goto	u2260
  5382   001DF2                     u2261:
  5383   001DF2  EF04  F00F         	goto	l642
  5384   001DF6                     u2260:
  5385   001DF6  6C32               	negf	___flge@ff2^0,c
  5386   001DF8  1E33               	comf	(___flge@ff2+1)^0,f,c
  5387   001DFA  B0D8               	btfsc	status,0,c
  5388   001DFC  2A33               	incf	(___flge@ff2+1)^0,f,c
  5389   001DFE  1E34               	comf	(___flge@ff2+2)^0,f,c
  5390   001E00  B0D8               	btfsc	status,0,c
  5391   001E02  2A34               	incf	(___flge@ff2+2)^0,f,c
  5392   001E04  0E80               	movlw	128
  5393   001E06  5635               	subfwb	(___flge@ff2+3)^0,f,c
  5394   001E08                     l642:
  5395   001E08  0E00               	movlw	0
  5396   001E0A  1A2E               	xorwf	___flge@ff1^0,f,c
  5397   001E0C  0E00               	movlw	0
  5398   001E0E  1A2F               	xorwf	(___flge@ff1+1)^0,f,c
  5399   001E10  0E00               	movlw	0
  5400   001E12  1A30               	xorwf	(___flge@ff1+2)^0,f,c
  5401   001E14  0E80               	movlw	128
  5402   001E16  1A31               	xorwf	(___flge@ff1+3)^0,f,c
  5403   001E18  0E00               	movlw	0
  5404   001E1A  1A32               	xorwf	___flge@ff2^0,f,c
  5405   001E1C  0E00               	movlw	0
  5406   001E1E  1A33               	xorwf	(___flge@ff2+1)^0,f,c
  5407   001E20  0E00               	movlw	0
  5408   001E22  1A34               	xorwf	(___flge@ff2+2)^0,f,c
  5409   001E24  0E80               	movlw	128
  5410   001E26  1A35               	xorwf	(___flge@ff2+3)^0,f,c
  5411   001E28  5032               	movf	___flge@ff2^0,w,c
  5412   001E2A  5C2E               	subwf	___flge@ff1^0,w,c
  5413   001E2C  5033               	movf	(___flge@ff2+1)^0,w,c
  5414   001E2E  582F               	subwfb	(___flge@ff1+1)^0,w,c
  5415   001E30  5034               	movf	(___flge@ff2+2)^0,w,c
  5416   001E32  5830               	subwfb	(___flge@ff1+2)^0,w,c
  5417   001E34  5035               	movf	(___flge@ff2+3)^0,w,c
  5418   001E36  5831               	subwfb	(___flge@ff1+3)^0,w,c
  5419   001E38  B0D8               	btfsc	status,0,c
  5420   001E3A  EF21  F00F         	goto	u2271
  5421   001E3E  EF23  F00F         	goto	u2270
  5422   001E42                     u2271:
  5423   001E42  EF26  F00F         	goto	l3016
  5424   001E46                     u2270:
  5425   001E46  90D8               	bcf	status,0,c
  5426   001E48  EF27  F00F         	goto	l647
  5427   001E4C                     l3016:
  5428   001E4C  80D8               	bsf	status,0,c
  5429   001E4E                     l647:
  5430   001E4E  0012               	return		;funcret
  5431   001E50                     __end_of___flge:
  5432                           	callstack 0
  5433                           
  5434 ;; *************** function ___lmul *****************
  5435 ;; Defined at:
  5436 ;;		line 15 in file "C:\Program Files\Microchip\xc8\v3.00\pic\sources\c99\common\Umul32.c"
  5437 ;; Parameters:    Size  Location     Type
  5438 ;;  multiplier      4    6[COMRAM] unsigned long 
  5439 ;;  multiplicand    4   10[COMRAM] unsigned long 
  5440 ;; Auto vars:     Size  Location     Type
  5441 ;;  product         4   14[COMRAM] unsigned long 
  5442 ;; Return value:  Size  Location     Type
  5443 ;;                  4    6[COMRAM] unsigned long 
  5444 ;; Registers used:
  5445 ;;		wreg, status,2, status,0
  5446 ;; Tracked objects:
  5447 ;;		On entry : 0/0
  5448 ;;		On exit  : 0/0
  5449 ;;		Unchanged: 0/0
  5450 ;; Data sizes:     COMRAM   BANK0   BANK1   BANK2   BANK3   BANK4   BANK5   BANK6   BANK7   BANK8   BANK9  BANK10  BANK1
      +1  BANK12  BANK13  BANK14
  5451 ;;      Params:         8       0       0       0       0       0       0       0       0       0       0       0       
      +0       0       0       0
  5452 ;;      Locals:         4       0       0       0       0       0       0       0       0       0       0       0       
      +0       0       0       0
  5453 ;;      Temps:          0       0       0       0       0       0       0       0       0       0       0       0       
      +0       0       0       0
  5454 ;;      Totals:        12       0       0       0       0       0       0       0       0       0       0       0       
      +0       0       0       0
  5455 ;;Total ram usage:       12 bytes
  5456 ;; Hardware stack levels used: 1
  5457 ;; Hardware stack levels required when called: 5
  5458 ;; This function calls:
  5459 ;;		Nothing
  5460 ;; This function is called by:
  5461 ;;		_ir_decodeHash
  5462 ;; This function uses a non-reentrant model
  5463 ;;
  5464                           
  5465                           	psect	text21
  5466   00211A                     __ptext21:
  5467                           	callstack 0
  5468   00211A                     ___lmul:
  5469                           	callstack 22
  5470   00211A  0E00               	movlw	0
  5471   00211C  6E0F               	movwf	___lmul@product^0,c
  5472   00211E  0E00               	movlw	0
  5473   002120  6E10               	movwf	(___lmul@product+1)^0,c
  5474   002122  0E00               	movlw	0
  5475   002124  6E11               	movwf	(___lmul@product+2)^0,c
  5476   002126  0E00               	movlw	0
  5477   002128  6E12               	movwf	(___lmul@product+3)^0,c
  5478   00212A                     l3130:
  5479   00212A  A007               	btfss	___lmul@multiplier^0,0,c
  5480   00212C  EF9A  F010         	goto	u2471
  5481   002130  EF9C  F010         	goto	u2470
  5482   002134                     u2471:
  5483   002134  EFA4  F010         	goto	l3134
  5484   002138                     u2470:
  5485   002138  500B               	movf	___lmul@multiplicand^0,w,c
  5486   00213A  260F               	addwf	___lmul@product^0,f,c
  5487   00213C  500C               	movf	(___lmul@multiplicand+1)^0,w,c
  5488   00213E  2210               	addwfc	(___lmul@product+1)^0,f,c
  5489   002140  500D               	movf	(___lmul@multiplicand+2)^0,w,c
  5490   002142  2211               	addwfc	(___lmul@product+2)^0,f,c
  5491   002144  500E               	movf	(___lmul@multiplicand+3)^0,w,c
  5492   002146  2212               	addwfc	(___lmul@product+3)^0,f,c
  5493   002148                     l3134:
  5494   002148  90D8               	bcf	status,0,c
  5495   00214A  360B               	rlcf	___lmul@multiplicand^0,f,c
  5496   00214C  360C               	rlcf	(___lmul@multiplicand+1)^0,f,c
  5497   00214E  360D               	rlcf	(___lmul@multiplicand+2)^0,f,c
  5498   002150  360E               	rlcf	(___lmul@multiplicand+3)^0,f,c
  5499   002152  90D8               	bcf	status,0,c
  5500   002154  320A               	rrcf	(___lmul@multiplier+3)^0,f,c
  5501   002156  3209               	rrcf	(___lmul@multiplier+2)^0,f,c
  5502   002158  3208               	rrcf	(___lmul@multiplier+1)^0,f,c
  5503   00215A  3207               	rrcf	___lmul@multiplier^0,f,c
  5504   00215C  5007               	movf	___lmul@multiplier^0,w,c
  5505   00215E  1008               	iorwf	(___lmul@multiplier+1)^0,w,c
  5506   002160  1009               	iorwf	(___lmul@multiplier+2)^0,w,c
  5507   002162  100A               	iorwf	(___lmul@multiplier+3)^0,w,c
  5508   002164  A4D8               	btfss	status,2,c
  5509   002166  EFB7  F010         	goto	u2481
  5510   00216A  EFB9  F010         	goto	u2480
  5511   00216E                     u2481:
  5512   00216E  EF95  F010         	goto	l3130
  5513   002172                     u2480:
  5514   002172  C00F  F007         	movff	___lmul@product,?___lmul
  5515   002176  C010  F008         	movff	___lmul@product+1,?___lmul+1
  5516   00217A  C011  F009         	movff	___lmul@product+2,?___lmul+2
  5517   00217E  C012  F00A         	movff	___lmul@product+3,?___lmul+3
  5518   002182  0012               	return		;funcret
  5519   002184                     __end_of___lmul:
  5520                           	callstack 0
  5521                           
  5522 ;; *************** function _isrLow *****************
  5523 ;; Defined at:
  5524 ;;		line 305 in file "IRswitchMain.c"
  5525 ;; Parameters:    Size  Location     Type
  5526 ;;		None
  5527 ;; Auto vars:     Size  Location     Type
  5528 ;;		None
  5529 ;; Return value:  Size  Location     Type
  5530 ;;                  1    wreg      void 
  5531 ;; Registers used:
  5532 ;;		wreg, status,2, status,0, cstack
  5533 ;; Tracked objects:
  5534 ;;		On entry : 0/0
  5535 ;;		On exit  : 0/0
  5536 ;;		Unchanged: 0/0
  5537 ;; Data sizes:     COMRAM   BANK0   BANK1   BANK2   BANK3   BANK4   BANK5   BANK6   BANK7   BANK8   BANK9  BANK10  BANK1
      +1  BANK12  BANK13  BANK14
  5538 ;;      Params:         0       0       0       0       0       0       0       0       0       0       0       0       
      +0       0       0       0
  5539 ;;      Locals:         0       0       0       0       0       0       0       0       0       0       0       0       
      +0       0       0       0
  5540 ;;      Temps:          3       0       0       0       0       0       0       0       0       0       0       0       
      +0       0       0       0
  5541 ;;      Totals:         3       0       0       0       0       0       0       0       0       0       0       0       
      +0       0       0       0
  5542 ;;Total ram usage:        3 bytes
  5543 ;; Hardware stack levels used: 1
  5544 ;; Hardware stack levels required when called: 4
  5545 ;; This function calls:
  5546 ;;		_tickerIsr
  5547 ;; This function is called by:
  5548 ;;		Interrupt level 1
  5549 ;; This function uses a non-reentrant model
  5550 ;;
  5551                           
  5552 ;; *************** function _isrHigh *****************
  5553 ;; Defined at:
  5554 ;;		line 298 in file "IRswitchMain.c"
  5555 ;; Parameters:    Size  Location     Type
  5556 ;;		None
  5557 ;; Auto vars:     Size  Location     Type
  5558 ;;		None
  5559 ;; Return value:  Size  Location     Type
  5560 ;;                  1    wreg      void 
  5561 ;; Registers used:
  5562 ;;		wreg, fsr2l, fsr2h, status,2, status,0, cstack
  5563 ;; Tracked objects:
  5564 ;;		On entry : 0/0
  5565 ;;		On exit  : 0/0
  5566 ;;		Unchanged: 0/0
  5567 ;; Data sizes:     COMRAM   BANK0   BANK1   BANK2   BANK3   BANK4   BANK5   BANK6   BANK7   BANK8   BANK9  BANK10  BANK1
      +1  BANK12  BANK13  BANK14
  5568 ;;      Params:         0       0       0       0       0       0       0       0       0       0       0       0       
      +0       0       0       0
  5569 ;;      Locals:         0       0       0       0       0       0       0       0       0       0       0       0       
      +0       0       0       0
  5570 ;;      Temps:          2       0       0       0       0       0       0       0       0       0       0       0       
      +0       0       0       0
  5571 ;;      Totals:         2       0       0       0       0       0       0       0       0       0       0       0       
      +0       0       0       0
  5572 ;;Total ram usage:        2 bytes
  5573 ;; Hardware stack levels used: 1
  5574 ;; Hardware stack levels required when called: 2
  5575 ;; This function calls:
  5576 ;;		_ir_interruptService
  5577 ;; This function is called by:
  5578 ;;		Interrupt level 2
  5579 ;; This function uses a non-reentrant model
  5580 ;;
  5581                           
  5582                           	psect	mainSec
  5583   002214                     __pmainSec:
  5584                           	callstack 0
  5585   002214                     _isrLow:
  5586                           	callstack 21
  5587                           
  5588                           ;incstack = 0
  5589   002214  8059               	bsf	int$flags,0,c	;set compiler interrupt flag (level 1)
  5590   002216  CFD8 F004          	movff	status,??_isrLow
  5591   00221A  CFE8 F005          	movff	wreg,??_isrLow+1
  5592   00221E  CFE0 F006          	movff	bsr,??_isrLow+2
  5593   002222  EC73  F011         	call	_tickerIsr	;wreg free
  5594   002226  C006  FFE0         	movff	??_isrLow+2,bsr
  5595   00222A  C005  FFE8         	movff	??_isrLow+1,wreg
  5596   00222E  C004  FFD8         	movff	??_isrLow,status
  5597   002232  9059               	bcf	int$flags,0,c	;clear compiler interrupt flag (level 1)
  5598   002234  0010               	retfie	
  5599   002236                     __end_of_isrLow:
  5600                           	callstack 0
  5601   002236                     _isrHigh:
  5602                           	callstack 21
  5603                           
  5604                           ;incstack = 0
  5605   002236  8259               	bsf	int$flags,1,c	;set compiler interrupt flag (level 2)
  5606   002238  CFD9 F002          	movff	fsr2l,??_isrHigh
  5607   00223C  CFDA F003          	movff	fsr2h,??_isrHigh+1
  5608   002240  EC14  F00C         	call	_ir_interruptService	;wreg free
  5609   002244  C003  FFDA         	movff	??_isrHigh+1,fsr2h
  5610   002248  C002  FFD9         	movff	??_isrHigh,fsr2l
  5611   00224C  9259               	bcf	int$flags,1,c	;clear compiler interrupt flag (level 2)
  5612   00224E  0011               	retfie		f
  5613   002250                     __end_of_isrHigh:
  5614                           	callstack 0
  5615                           
  5616                           	psect	intcodelo
  5617   000018                     __pintcodelo:
  5618                           	callstack 21
  5619   000018  EF0A  F011         	goto	_isrLow
  5620                           
  5621 ;; *************** function _tickerIsr *****************
  5622 ;; Defined at:
  5623 ;;		line 132 in file "ticker.c"
  5624 ;; Parameters:    Size  Location     Type
  5625 ;;		None
  5626 ;; Auto vars:     Size  Location     Type
  5627 ;;		None
  5628 ;; Return value:  Size  Location     Type
  5629 ;;                  1    wreg      void 
  5630 ;; Registers used:
  5631 ;;		wreg, status,2, status,0
  5632 ;; Tracked objects:
  5633 ;;		On entry : 0/0
  5634 ;;		On exit  : 0/0
  5635 ;;		Unchanged: 0/0
  5636 ;; Data sizes:     COMRAM   BANK0   BANK1   BANK2   BANK3   BANK4   BANK5   BANK6   BANK7   BANK8   BANK9  BANK10  BANK1
      +1  BANK12  BANK13  BANK14
  5637 ;;      Params:         0       0       0       0       0       0       0       0       0       0       0       0       
      +0       0       0       0
  5638 ;;      Locals:         0       0       0       0       0       0       0       0       0       0       0       0       
      +0       0       0       0
  5639 ;;      Temps:          0       0       0       0       0       0       0       0       0       0       0       0       
      +0       0       0       0
  5640 ;;      Totals:         0       0       0       0       0       0       0       0       0       0       0       0       
      +0       0       0       0
  5641 ;;Total ram usage:        0 bytes
  5642 ;; Hardware stack levels used: 1
  5643 ;; Hardware stack levels required when called: 3
  5644 ;; This function calls:
  5645 ;;		Nothing
  5646 ;; This function is called by:
  5647 ;;		_isrLow
  5648 ;; This function uses a non-reentrant model
  5649 ;;
  5650                           
  5651                           	psect	text23
  5652   0022E6                     __ptext23:
  5653                           	callstack 0
  5654   0022E6                     _tickerIsr:
  5655                           	callstack 21
  5656   0022E6                     
  5657                           ;ticker.c: 135:     if(INTCONbits.TMR0IF) {
  5658   0022E6  A4F2               	btfss	242,2,c	;volatile
  5659   0022E8  EF78  F011         	goto	i1u86_21
  5660   0022EC  EF7A  F011         	goto	i1u86_20
  5661   0022F0                     i1u86_21:
  5662   0022F0  EF85  F011         	goto	i1l146
  5663   0022F4                     i1u86_20:
  5664   0022F4                     
  5665                           ;ticker.c: 137:         INTCONbits.TMR0IF = 0;
  5666   0022F4  94F2               	bcf	242,2,c	;volatile
  5667   0022F6                     
  5668                           ;ticker.c: 138:         timerExtension1++;
  5669   0022F6  2A57               	incf	_timerExtension1^0,f,c	;volatile
  5670   0022F8                     
  5671                           ;ticker.c: 139:         if(timerExtension1 == 0) {
  5672   0022F8  5057               	movf	_timerExtension1^0,w,c	;volatile
  5673   0022FA  A4D8               	btfss	status,2,c
  5674   0022FC  EF82  F011         	goto	i1u87_21
  5675   002300  EF84  F011         	goto	i1u87_20
  5676   002304                     i1u87_21:
  5677   002304  EF85  F011         	goto	i1l146
  5678   002308                     i1u87_20:
  5679   002308                     
  5680                           ;ticker.c: 140:             timerExtension2++;
  5681   002308  2A56               	incf	_timerExtension2^0,f,c	;volatile
  5682   00230A                     i1l146:
  5683   00230A  0012               	return		;funcret
  5684   00230C                     __end_of_tickerIsr:
  5685                           	callstack 0
  5686                           
  5687                           	psect	intcode
  5688   000008                     __pintcode:
  5689                           	callstack 21
  5690   000008  EF1B  F011         	goto	_isrHigh
  5691                           
  5692 ;; *************** function _ir_interruptService *****************
  5693 ;; Defined at:
  5694 ;;		line 94 in file "ir.c"
  5695 ;; Parameters:    Size  Location     Type
  5696 ;;		None
  5697 ;; Auto vars:     Size  Location     Type
  5698 ;;  irdata          1    0[COMRAM] unsigned char 
  5699 ;; Return value:  Size  Location     Type
  5700 ;;                  1    wreg      void 
  5701 ;; Registers used:
  5702 ;;		wreg, fsr2l, fsr2h, status,2, status,0, cstack
  5703 ;; Tracked objects:
  5704 ;;		On entry : 0/0
  5705 ;;		On exit  : 0/0
  5706 ;;		Unchanged: 0/0
  5707 ;; Data sizes:     COMRAM   BANK0   BANK1   BANK2   BANK3   BANK4   BANK5   BANK6   BANK7   BANK8   BANK9  BANK10  BANK1
      +1  BANK12  BANK13  BANK14
  5708 ;;      Params:         0       0       0       0       0       0       0       0       0       0       0       0       
      +0       0       0       0
  5709 ;;      Locals:         1       0       0       0       0       0       0       0       0       0       0       0       
      +0       0       0       0
  5710 ;;      Temps:          0       0       0       0       0       0       0       0       0       0       0       0       
      +0       0       0       0
  5711 ;;      Totals:         1       0       0       0       0       0       0       0       0       0       0       0       
      +0       0       0       0
  5712 ;;Total ram usage:        1 bytes
  5713 ;; Hardware stack levels used: 1
  5714 ;; Hardware stack levels required when called: 1
  5715 ;; This function calls:
  5716 ;;		i2_ir_timerRst
  5717 ;; This function is called by:
  5718 ;;		_isrHigh
  5719 ;; This function uses a non-reentrant model
  5720 ;;
  5721                           
  5722                           	psect	text25
  5723   001828                     __ptext25:
  5724                           	callstack 0
  5725   001828                     _ir_interruptService:
  5726                           	callstack 21
  5727   001828                     
  5728                           ;ir.c: 99:     if (PIR2bits.TMR3IF == 1)
  5729   001828  A2A1               	btfss	161,1,c	;volatile
  5730   00182A  EF19  F00C         	goto	i2u77_41
  5731   00182E  EF1B  F00C         	goto	i2u77_40
  5732   001832                     i2u77_41:
  5733   001832  EFDE  F00C         	goto	i2l326
  5734   001836                     i2u77_40:
  5735   001836                     
  5736                           ;ir.c: 100:     {;ir.c: 101:         PIR2bits.TMR3IF = 0;
  5737   001836  92A1               	bcf	161,1,c	;volatile
  5738   001838                     
  5739                           ;ir.c: 103:         ir_timerRst();
  5740   001838  ECB6  F011         	call	i2_ir_timerRst	;wreg free
  5741   00183C                     
  5742                           ;ir.c: 105:         irdata = (unsigned char)(PORTAbits.RA0);
  5743   00183C  0E00               	movlw	0
  5744   00183E  B080               	btfsc	128,0,c	;volatile
  5745   001840  0E01               	movlw	1
  5746   001842  6E01               	movwf	ir_interruptService@irdata^0,c
  5747   001844                     
  5748                           ;ir.c: 107:         irparams.timer++;
  5749   001844  0101               	movlb	1	; () banked
  5750   001846  4B01               	infsnz	(_irparams+1)& (0+255),f,b	;volatile
  5751   001848  2B02               	incf	(_irparams+2)& (0+255),f,b	;volatile
  5752   00184A                     
  5753                           ; BSR set to: 1
  5754                           ;ir.c: 108:         if (irparams.rawlen >= 100) {
  5755   00184A  51CC               	movf	(_irparams+204)& (0+255),w,b	;volatile
  5756   00184C  E109               	bnz	i2u78_40
  5757   00184E  0E64               	movlw	100
  5758   001850  5DCB               	subwf	(_irparams+203)& (0+255),w,b	;volatile
  5759   001852  A0D8               	btfss	status,0,c
  5760   001854  EF2E  F00C         	goto	i2u78_41
  5761   001858  EF30  F00C         	goto	i2u78_40
  5762   00185C                     i2u78_41:
  5763   00185C  EFBF  F00C         	goto	i2l1776
  5764   001860                     i2u78_40:
  5765   001860                     
  5766                           ; BSR set to: 1
  5767                           ;ir.c: 110:             irparams.rcvstate = 5;
  5768   001860  0E05               	movlw	5
  5769   001862  6F00               	movwf	_irparams& (0+255),b	;volatile
  5770   001864  EFBF  F00C         	goto	i2l1776
  5771   001868                     i2l1730:
  5772                           
  5773                           ; BSR set to: 1
  5774                           ;ir.c: 114:             if (irdata == 0) {
  5775   001868  5001               	movf	ir_interruptService@irdata^0,w,c
  5776   00186A  A4D8               	btfss	status,2,c
  5777   00186C  EF3A  F00C         	goto	i2u79_41
  5778   001870  EF3C  F00C         	goto	i2u79_40
  5779   001874                     i2u79_41:
  5780   001874  EFD2  F00C         	goto	i2l1778
  5781   001878                     i2u79_40:
  5782   001878                     
  5783                           ; BSR set to: 1
  5784                           ;ir.c: 115:                 if (irparams.timer < (5000/50)) {
  5785   001878  5102               	movf	(_irparams+2)& (0+255),w,b	;volatile
  5786   00187A  E107               	bnz	i2u80_41
  5787   00187C  0E64               	movlw	100
  5788   00187E  5D01               	subwf	(_irparams+1)& (0+255),w,b	;volatile
  5789   001880  B0D8               	btfsc	status,0,c
  5790   001882  EF45  F00C         	goto	i2u80_41
  5791   001886  EF47  F00C         	goto	i2u80_40
  5792   00188A                     i2u80_41:
  5793   00188A  EF4D  F00C         	goto	i2l1736
  5794   00188E                     i2u80_40:
  5795   00188E                     i2l1734:
  5796                           
  5797                           ; BSR set to: 1
  5798                           ;ir.c: 117:                     irparams.timer = 0;
  5799   00188E  0E00               	movlw	0
  5800   001890  6F02               	movwf	(_irparams+2)& (0+255),b	;volatile
  5801   001892  0E00               	movlw	0
  5802   001894  6F01               	movwf	(_irparams+1)& (0+255),b	;volatile
  5803                           
  5804                           ;ir.c: 118:                 }
  5805   001896  EFD2  F00C         	goto	i2l1778
  5806   00189A                     i2l1736:
  5807                           
  5808                           ; BSR set to: 1
  5809                           ;ir.c: 121:                     irparams.rawlen = 0;
  5810   00189A  0E00               	movlw	0
  5811   00189C  6FCC               	movwf	(_irparams+204)& (0+255),b	;volatile
  5812   00189E  0E00               	movlw	0
  5813   0018A0  6FCB               	movwf	(_irparams+203)& (0+255),b	;volatile
  5814   0018A2                     
  5815                           ; BSR set to: 1
  5816                           ;ir.c: 122:                     irparams.rawbuf[irparams.rawlen++] = irparams.timer;
  5817   0018A2  90D8               	bcf	status,0,c
  5818   0018A4  35CB               	rlcf	(_irparams+203)& (0+255),w,b	;volatile
  5819   0018A6  6ED9               	movwf	fsr2l,c
  5820   0018A8  35CC               	rlcf	(_irparams+204)& (0+255),w,b	;volatile
  5821   0018AA  6EDA               	movwf	fsr2h,c
  5822   0018AC  0E03               	movlw	low (_irparams+3)
  5823   0018AE  26D9               	addwf	fsr2l,f,c
  5824   0018B0  0E01               	movlw	high (_irparams+3)
  5825   0018B2  22DA               	addwfc	fsr2h,f,c
  5826   0018B4  C101  FFDE         	movff	_irparams+1,postinc2	;volatile
  5827   0018B8  C102  FFDD         	movff	_irparams+2,postdec2	;volatile
  5828   0018BC                     
  5829                           ; BSR set to: 1
  5830   0018BC  4BCB               	infsnz	(_irparams+203)& (0+255),f,b	;volatile
  5831   0018BE  2BCC               	incf	(_irparams+204)& (0+255),f,b	;volatile
  5832   0018C0                     
  5833                           ; BSR set to: 1
  5834                           ;ir.c: 123:                     irparams.timer = 0;
  5835   0018C0  0E00               	movlw	0
  5836   0018C2  6F02               	movwf	(_irparams+2)& (0+255),b	;volatile
  5837   0018C4  0E00               	movlw	0
  5838   0018C6  6F01               	movwf	(_irparams+1)& (0+255),b	;volatile
  5839   0018C8                     
  5840                           ; BSR set to: 1
  5841                           ;ir.c: 124:                     irparams.rcvstate = 3;
  5842   0018C8  0E03               	movlw	3
  5843   0018CA  6F00               	movwf	_irparams& (0+255),b	;volatile
  5844   0018CC  EFD2  F00C         	goto	i2l1778
  5845   0018D0                     i2l1746:
  5846                           
  5847                           ; BSR set to: 1
  5848                           ;ir.c: 129:             if (irdata == 1) {
  5849   0018D0  0401               	decf	ir_interruptService@irdata^0,w,c
  5850   0018D2  A4D8               	btfss	status,2,c
  5851   0018D4  EF6E  F00C         	goto	i2u81_41
  5852   0018D8  EF70  F00C         	goto	i2u81_40
  5853   0018DC                     i2u81_41:
  5854   0018DC  EFD2  F00C         	goto	i2l1778
  5855   0018E0                     i2u81_40:
  5856   0018E0                     
  5857                           ; BSR set to: 1
  5858                           ;ir.c: 130:                 irparams.rawbuf[irparams.rawlen++] = irparams.timer;
  5859   0018E0  90D8               	bcf	status,0,c
  5860   0018E2  35CB               	rlcf	(_irparams+203)& (0+255),w,b	;volatile
  5861   0018E4  6ED9               	movwf	fsr2l,c
  5862   0018E6  35CC               	rlcf	(_irparams+204)& (0+255),w,b	;volatile
  5863   0018E8  6EDA               	movwf	fsr2h,c
  5864   0018EA  0E03               	movlw	low (_irparams+3)
  5865   0018EC  26D9               	addwf	fsr2l,f,c
  5866   0018EE  0E01               	movlw	high (_irparams+3)
  5867   0018F0  22DA               	addwfc	fsr2h,f,c
  5868   0018F2  C101  FFDE         	movff	_irparams+1,postinc2	;volatile
  5869   0018F6  C102  FFDD         	movff	_irparams+2,postdec2	;volatile
  5870   0018FA                     
  5871                           ; BSR set to: 1
  5872   0018FA  4BCB               	infsnz	(_irparams+203)& (0+255),f,b	;volatile
  5873   0018FC  2BCC               	incf	(_irparams+204)& (0+255),f,b	;volatile
  5874   0018FE                     
  5875                           ; BSR set to: 1
  5876                           ;ir.c: 131:                 irparams.timer = 0;
  5877   0018FE  0E00               	movlw	0
  5878   001900  6F02               	movwf	(_irparams+2)& (0+255),b	;volatile
  5879   001902  0E00               	movlw	0
  5880   001904  6F01               	movwf	(_irparams+1)& (0+255),b	;volatile
  5881   001906                     
  5882                           ; BSR set to: 1
  5883                           ;ir.c: 132:                 irparams.rcvstate = 4;
  5884   001906  0E04               	movlw	4
  5885   001908  6F00               	movwf	_irparams& (0+255),b	;volatile
  5886   00190A  EFD2  F00C         	goto	i2l1778
  5887   00190E                     i2l1756:
  5888                           
  5889                           ; BSR set to: 1
  5890                           ;ir.c: 136:             if (irdata == 0) {
  5891   00190E  5001               	movf	ir_interruptService@irdata^0,w,c
  5892   001910  A4D8               	btfss	status,2,c
  5893   001912  EF8D  F00C         	goto	i2u82_41
  5894   001916  EF8F  F00C         	goto	i2u82_40
  5895   00191A                     i2u82_41:
  5896   00191A  EFA6  F00C         	goto	i2l1766
  5897   00191E                     i2u82_40:
  5898   00191E                     
  5899                           ; BSR set to: 1
  5900                           ;ir.c: 137:                 irparams.rawbuf[irparams.rawlen++] = irparams.timer;
  5901   00191E  90D8               	bcf	status,0,c
  5902   001920  35CB               	rlcf	(_irparams+203)& (0+255),w,b	;volatile
  5903   001922  6ED9               	movwf	fsr2l,c
  5904   001924  35CC               	rlcf	(_irparams+204)& (0+255),w,b	;volatile
  5905   001926  6EDA               	movwf	fsr2h,c
  5906   001928  0E03               	movlw	low (_irparams+3)
  5907   00192A  26D9               	addwf	fsr2l,f,c
  5908   00192C  0E01               	movlw	high (_irparams+3)
  5909   00192E  22DA               	addwfc	fsr2h,f,c
  5910   001930  C101  FFDE         	movff	_irparams+1,postinc2	;volatile
  5911   001934  C102  FFDD         	movff	_irparams+2,postdec2	;volatile
  5912   001938                     
  5913                           ; BSR set to: 1
  5914   001938  4BCB               	infsnz	(_irparams+203)& (0+255),f,b	;volatile
  5915   00193A  2BCC               	incf	(_irparams+204)& (0+255),f,b	;volatile
  5916   00193C                     
  5917                           ; BSR set to: 1
  5918                           ;ir.c: 138:                 irparams.timer = 0;
  5919   00193C  0E00               	movlw	0
  5920   00193E  6F02               	movwf	(_irparams+2)& (0+255),b	;volatile
  5921   001940  0E00               	movlw	0
  5922   001942  6F01               	movwf	(_irparams+1)& (0+255),b	;volatile
  5923   001944                     
  5924                           ; BSR set to: 1
  5925                           ;ir.c: 139:                 irparams.rcvstate = 3;
  5926   001944  0E03               	movlw	3
  5927   001946  6F00               	movwf	_irparams& (0+255),b	;volatile
  5928                           
  5929                           ;ir.c: 140:             } else {
  5930   001948  EFD2  F00C         	goto	i2l1778
  5931   00194C                     i2l1766:
  5932                           
  5933                           ; BSR set to: 1
  5934                           ;ir.c: 141:                 if (irparams.timer > (5000/50)) {
  5935   00194C  5102               	movf	(_irparams+2)& (0+255),w,b	;volatile
  5936   00194E  E109               	bnz	i2u83_40
  5937   001950  0E65               	movlw	101
  5938   001952  5D01               	subwf	(_irparams+1)& (0+255),w,b	;volatile
  5939   001954  A0D8               	btfss	status,0,c
  5940   001956  EFAF  F00C         	goto	i2u83_41
  5941   00195A  EFB1  F00C         	goto	i2u83_40
  5942   00195E                     i2u83_41:
  5943   00195E  EFD2  F00C         	goto	i2l1778
  5944   001962                     i2u83_40:
  5945   001962                     
  5946                           ; BSR set to: 1
  5947                           ;ir.c: 146:                     irparams.rcvstate = 5;
  5948   001962  0E05               	movlw	5
  5949   001964  6F00               	movwf	_irparams& (0+255),b	;volatile
  5950   001966  EFD2  F00C         	goto	i2l1778
  5951   00196A                     i2l1770:
  5952                           
  5953                           ; BSR set to: 1
  5954                           ;ir.c: 151:             if (irdata == 0) {
  5955   00196A  5001               	movf	ir_interruptService@irdata^0,w,c
  5956   00196C  A4D8               	btfss	status,2,c
  5957   00196E  EFBB  F00C         	goto	i2u84_41
  5958   001972  EFBD  F00C         	goto	i2u84_40
  5959   001976                     i2u84_41:
  5960   001976  EFD2  F00C         	goto	i2l1778
  5961   00197A                     i2u84_40:
  5962   00197A  EF47  F00C         	goto	i2l1734
  5963   00197E                     i2l1776:
  5964                           
  5965                           ; BSR set to: 1
  5966   00197E  5100               	movf	_irparams& (0+255),w,b	;volatile
  5967                           
  5968                           ; Switch size 1, requested type "simple"
  5969                           ; Number of cases is 4, Range of values is 2 to 5
  5970                           ; switch strategies available:
  5971                           ; Name         Instructions Cycles
  5972                           ; simple_byte           13     7 (average)
  5973                           ;	Chosen strategy is simple_byte
  5974   001980  0A02               	xorlw	2	; case 2
  5975   001982  B4D8               	btfsc	status,2,c
  5976   001984  EF34  F00C         	goto	i2l1730
  5977   001988  0A01               	xorlw	1	; case 3
  5978   00198A  B4D8               	btfsc	status,2,c
  5979   00198C  EF68  F00C         	goto	i2l1746
  5980   001990  0A07               	xorlw	7	; case 4
  5981   001992  B4D8               	btfsc	status,2,c
  5982   001994  EF87  F00C         	goto	i2l1756
  5983   001998  0A01               	xorlw	1	; case 5
  5984   00199A  B4D8               	btfsc	status,2,c
  5985   00199C  EFB5  F00C         	goto	i2l1770
  5986   0019A0  EFD2  F00C         	goto	i2l1778
  5987   0019A4                     i2l1778:
  5988                           
  5989                           ; BSR set to: 1
  5990                           ;ir.c: 157:         if (irdata == 0) {
  5991   0019A4  5001               	movf	ir_interruptService@irdata^0,w,c
  5992   0019A6  A4D8               	btfss	status,2,c
  5993   0019A8  EFD8  F00C         	goto	i2u85_41
  5994   0019AC  EFDA  F00C         	goto	i2u85_40
  5995   0019B0                     i2u85_41:
  5996   0019B0  EFDD  F00C         	goto	i2l324
  5997   0019B4                     i2u85_40:
  5998   0019B4                     
  5999                           ; BSR set to: 1
  6000                           ;ir.c: 158:             {LATCbits.LATC5 = 1;};
  6001   0019B4  8A8B               	bsf	139,5,c	;volatile
  6002                           
  6003                           ;ir.c: 159:         }
  6004   0019B6  EFDE  F00C         	goto	i2l326
  6005   0019BA                     i2l324:
  6006                           
  6007                           ; BSR set to: 1
  6008                           ;ir.c: 161:             {LATCbits.LATC5 = 0;};
  6009   0019BA  9A8B               	bcf	139,5,c	;volatile
  6010   0019BC                     i2l326:
  6011   0019BC  0012               	return		;funcret
  6012   0019BE                     __end_of_ir_interruptService:
  6013                           	callstack 0
  6014                           
  6015 ;; *************** function i2_ir_timerRst *****************
  6016 ;; Defined at:
  6017 ;;		line 79 in file "ir.c"
  6018 ;; Parameters:    Size  Location     Type
  6019 ;;		None
  6020 ;; Auto vars:     Size  Location     Type
  6021 ;;		None
  6022 ;; Return value:  Size  Location     Type
  6023 ;;                  1    wreg      void 
  6024 ;; Registers used:
  6025 ;;		wreg, status,2
  6026 ;; Tracked objects:
  6027 ;;		On entry : 0/0
  6028 ;;		On exit  : 0/0
  6029 ;;		Unchanged: 0/0
  6030 ;; Data sizes:     COMRAM   BANK0   BANK1   BANK2   BANK3   BANK4   BANK5   BANK6   BANK7   BANK8   BANK9  BANK10  BANK1
      +1  BANK12  BANK13  BANK14
  6031 ;;      Params:         0       0       0       0       0       0       0       0       0       0       0       0       
      +0       0       0       0
  6032 ;;      Locals:         0       0       0       0       0       0       0       0       0       0       0       0       
      +0       0       0       0
  6033 ;;      Temps:          0       0       0       0       0       0       0       0       0       0       0       0       
      +0       0       0       0
  6034 ;;      Totals:         0       0       0       0       0       0       0       0       0       0       0       0       
      +0       0       0       0
  6035 ;;Total ram usage:        0 bytes
  6036 ;; Hardware stack levels used: 1
  6037 ;; This function calls:
  6038 ;;		Nothing
  6039 ;; This function is called by:
  6040 ;;		_ir_interruptService
  6041 ;; This function uses a non-reentrant model
  6042 ;;
  6043                           
  6044                           	psect	text26
  6045   00236C                     __ptext26:
  6046                           	callstack 0
  6047   00236C                     i2_ir_timerRst:
  6048                           	callstack 21
  6049   00236C                     
  6050                           ;ir.c: 81:     TMR3H = (65535 - (50*(16000000/1000000)))/256;
  6051   00236C  0EFC               	movlw	252
  6052   00236E  6EB3               	movwf	179,c	;volatile
  6053                           
  6054                           ;ir.c: 82:     TMR3L = (65535 - (50*(16000000/1000000)))%256;
  6055   002370  0EDF               	movlw	223
  6056   002372  6EB2               	movwf	178,c	;volatile
  6057   002374  0012               	return		;funcret
  6058   002376                     __end_ofi2_ir_timerRst:
  6059                           	callstack 0
  6060                           
  6061                           	psect	smallconst
  6062   001000                     __psmallconst:
  6063                           	callstack 0
  6064   001000  00                 	db	0
  6065   001001  00                 	db	0	; dummy byte at the end
  6066   001000                     __smallconst    set	__psmallconst
  6067   001000                     __mediumconst   set	__psmallconst
  6068   000002                     __activetblptr  equ	2
  6069                           
  6070                           	psect	rparam
  6071   000001                     ___rparam_used  equ	1
  6072   000000                     ___param_bank   equ	0
  6073   000000                     __Lparam        equ	__Lrparam
  6074   000000                     __Hparam        equ	__Hrparam
  6075                           
  6076                           	psect	temp
  6077   000059                     btemp:
  6078                           	callstack 0
  6079   000059                     	ds	1
  6080   000059                     int$flags       set	btemp
  6081   00005A                     wtemp8          set	btemp+1
  6082   00005A                     ttemp5          set	btemp+1
  6083   00005D                     ttemp6          set	btemp+4
  6084   000061                     ttemp7          set	btemp+8
  6085                           
  6086                           	psect	config
  6087                           
  6088                           ;Config register CONFIG1L @ 0x300000
  6089                           ;	VREG Sleep Enable bit
  6090                           ;	RETEN = OFF, Ultra low-power regulator is Disabled (Controlled by REGSLP bit)
  6091                           ;	LF-INTOSC Low-power Enable bit
  6092                           ;	INTOSCSEL = HIGH, LF-INTOSC in High-power mode during Sleep
  6093                           ;	SOSC Power Selection and mode Configuration bits
  6094                           ;	SOSCSEL = DIG, Digital (SCLKI) mode
  6095                           ;	Extended Instruction Set
  6096                           ;	XINST = OFF, Disabled
  6097   300000                     	org	3145728
  6098   300000  15                 	db	21
  6099                           
  6100                           ;Config register CONFIG1H @ 0x300001
  6101                           ;	Oscillator
  6102                           ;	FOSC = HS1, HS oscillator (Medium power, 4 MHz - 16 MHz)
  6103                           ;	PLL x4 Enable bit
  6104                           ;	PLLCFG = OFF, Disabled
  6105                           ;	Fail-Safe Clock Monitor
  6106                           ;	FCMEN = OFF, Disabled
  6107                           ;	Internal External Oscillator Switch Over Mode
  6108                           ;	IESO = OFF, Disabled
  6109   300001                     	org	3145729
  6110   300001  03                 	db	3
  6111                           
  6112                           ;Config register CONFIG2L @ 0x300002
  6113                           ;	Power Up Timer
  6114                           ;	PWRTEN = ON, Enabled
  6115                           ;	Brown Out Detect
  6116                           ;	BOREN = SBORDIS, Enabled in hardware, SBOREN disabled
  6117                           ;	Brown-out Reset Voltage bits
  6118                           ;	BORV = 0, 3.0V
  6119                           ;	BORMV Power level
  6120                           ;	BORPWR = ZPBORMV, ZPBORMV instead of BORMV is selected
  6121   300002                     	org	3145730
  6122   300002  66                 	db	102
  6123                           
  6124                           ;Config register CONFIG2H @ 0x300003
  6125                           ;	Watchdog Timer
  6126                           ;	WDTEN = OFF, WDT disabled in hardware; SWDTEN bit disabled
  6127                           ;	Watchdog Postscaler
  6128                           ;	WDTPS = 1048576, 1:1048576
  6129   300003                     	org	3145731
  6130   300003  50                 	db	80
  6131                           
  6132                           ; Padding undefined space
  6133   300004                     	org	3145732
  6134   300004  FF                 	db	255
  6135                           
  6136                           ;Config register CONFIG3H @ 0x300005
  6137                           ;	ECAN Mux bit
  6138                           ;	CANMX = PORTB, ECAN TX and RX pins are located on RB2 and RB3, respectively
  6139                           ;	MSSP address masking
  6140                           ;	MSSPMSK = MSK7, 7 Bit address masking mode
  6141                           ;	Master Clear Enable
  6142                           ;	MCLRE = ON, MCLR Enabled, RE3 Disabled
  6143   300005                     	org	3145733
  6144   300005  89                 	db	137
  6145                           
  6146                           ;Config register CONFIG4L @ 0x300006
  6147                           ;	Stack Overflow Reset
  6148                           ;	STVREN = ON, Enabled
  6149                           ;	Boot Block Size
  6150                           ;	BBSIZ = BB1K, 1K word Boot Block size
  6151                           ;	Background Debugger
  6152                           ;	DEBUG = 0x1, unprogrammed default
  6153   300006                     	org	3145734
  6154   300006  81                 	db	129
  6155                           
  6156                           ; Padding undefined space
  6157   300007                     	org	3145735
  6158   300007  FF                 	db	255
  6159                           
  6160                           ;Config register CONFIG5L @ 0x300008
  6161                           ;	Code Protect 00800-01FFF
  6162                           ;	CP0 = OFF, Disabled
  6163                           ;	Code Protect 02000-03FFF
  6164                           ;	CP1 = OFF, Disabled
  6165                           ;	Code Protect 04000-05FFF
  6166                           ;	CP2 = OFF, Disabled
  6167                           ;	Code Protect 06000-07FFF
  6168                           ;	CP3 = OFF, Disabled
  6169   300008                     	org	3145736
  6170   300008  0F                 	db	15
  6171                           
  6172                           ;Config register CONFIG5H @ 0x300009
  6173                           ;	Code Protect Boot
  6174                           ;	CPB = OFF, Disabled
  6175                           ;	Data EE Read Protect
  6176                           ;	CPD = OFF, Disabled
  6177   300009                     	org	3145737
  6178   300009  C0                 	db	192
  6179                           
  6180                           ;Config register CONFIG6L @ 0x30000A
  6181                           ;	Table Write Protect 00800-01FFF
  6182                           ;	WRT0 = OFF, Disabled
  6183                           ;	Table Write Protect 02000-03FFF
  6184                           ;	WRT1 = OFF, Disabled
  6185                           ;	Table Write Protect 04000-05FFF
  6186                           ;	WRT2 = OFF, Disabled
  6187                           ;	Table Write Protect 06000-07FFF
  6188                           ;	WRT3 = OFF, Disabled
  6189   30000A                     	org	3145738
  6190   30000A  0F                 	db	15
  6191                           
  6192                           ;Config register CONFIG6H @ 0x30000B
  6193                           ;	Config. Write Protect
  6194                           ;	WRTC = OFF, Disabled
  6195                           ;	Table Write Protect Boot
  6196                           ;	WRTB = OFF, Disabled
  6197                           ;	Data EE Write Protect
  6198                           ;	WRTD = OFF, Disabled
  6199   30000B                     	org	3145739
  6200   30000B  E0                 	db	224
  6201                           
  6202                           ;Config register CONFIG7L @ 0x30000C
  6203                           ;	Table Read Protect 00800-01FFF
  6204                           ;	EBTR0 = OFF, Disabled
  6205                           ;	Table Read Protect 02000-03FFF
  6206                           ;	EBTR1 = OFF, Disabled
  6207                           ;	Table Read Protect 04000-05FFF
  6208                           ;	EBTR2 = OFF, Disabled
  6209                           ;	Table Read Protect 06000-07FFF
  6210                           ;	EBTR3 = OFF, Disabled
  6211   30000C                     	org	3145740
  6212   30000C  0F                 	db	15
  6213                           
  6214                           ;Config register CONFIG7H @ 0x30000D
  6215                           ;	Table Read Protect Boot
  6216                           ;	EBTRB = OFF, Disabled
  6217   30000D                     	org	3145741
  6218   30000D  40                 	db	64
  6219                           tosu	equ	0xFFF
  6220                           tosh	equ	0xFFE
  6221                           tosl	equ	0xFFD
  6222                           stkptr	equ	0xFFC
  6223                           pclatu	equ	0xFFB
  6224                           pclath	equ	0xFFA
  6225                           pcl	equ	0xFF9
  6226                           tblptru	equ	0xFF8
  6227                           tblptrh	equ	0xFF7
  6228                           tblptrl	equ	0xFF6
  6229                           tablat	equ	0xFF5
  6230                           prodh	equ	0xFF4
  6231                           prodl	equ	0xFF3
  6232                           indf0	equ	0xFEF
  6233                           postinc0	equ	0xFEE
  6234                           postdec0	equ	0xFED
  6235                           preinc0	equ	0xFEC
  6236                           plusw0	equ	0xFEB
  6237                           fsr0h	equ	0xFEA
  6238                           fsr0l	equ	0xFE9
  6239                           wreg	equ	0xFE8
  6240                           indf1	equ	0xFE7
  6241                           postinc1	equ	0xFE6
  6242                           postdec1	equ	0xFE5
  6243                           preinc1	equ	0xFE4
  6244                           plusw1	equ	0xFE3
  6245                           fsr1h	equ	0xFE2
  6246                           fsr1l	equ	0xFE1
  6247                           bsr	equ	0xFE0
  6248                           indf2	equ	0xFDF
  6249                           postinc2	equ	0xFDE
  6250                           postdec2	equ	0xFDD
  6251                           preinc2	equ	0xFDC
  6252                           plusw2	equ	0xFDB
  6253                           fsr2h	equ	0xFDA
  6254                           fsr2l	equ	0xFD9
  6255                           status	equ	0xFD8

Data Sizes:
    Strings     0
    Constant    0
    Data        0
    BSS         302
    Persistent  0
    Stack       0

Auto Spaces:
    Space          Size  Autos    Used
    COMRAM           94     81      88
    BANK0           160      8      98
    BANK1           256      0     205
    BANK2           256      0       0
    BANK3           256      0       0
    BANK4           256      0       0
    BANK5           256      0       0
    BANK6           256      0       0
    BANK7           256      0       0
    BANK8           256      0       0
    BANK9           256      0       0
    BANK10          256      0       0
    BANK11          256      0       0
    BANK12          256      0       0
    BANK13          256      0       0
    BANK14           65      0       0

Pointer List with Targets:

    ir_decode@results	PTR struct . size(1) Largest target is 14
		 -> ir_results(BANK0[14]), 

    ir_decode@results$rawbuf	PTR volatile unsigned int  size(2) Largest target is 205
		 -> irparams(BANK1[205]), 

    ir_decodeHash@results	PTR struct . size(1) Largest target is 14
		 -> ir_results(BANK0[14]), 

    ir_decodeHash@results$rawbuf	PTR volatile unsigned int  size(2) Largest target is 205
		 -> irparams(BANK1[205]), 

    ir_getRClevel@results$rawbuf	PTR volatile unsigned int  size(2) Largest target is 205
		 -> irparams(BANK1[205]), 

    ir_results$rawbuf	PTR volatile unsigned int  size(2) Largest target is 205
		 -> irparams(BANK1[205]), 

    S41$rawbuf	PTR volatile unsigned int  size(2) Largest target is 205
		 -> irparams(BANK1[205]), 


Critical Paths under _main in COMRAM

    _setup->_loadCode
    _loadCode->_EEPROM_Read
    _loop->_ir_decode
    _saveCode->_EEPROM_Write
    _EEPROM_Write->_EEPROM_WriteNoVerify
    _ir_decode->_ir_decodeHash
    _ir_decodeHash->_ir_compare
    _ir_compare->___flge
    ___flmul->___xxtofl
    ___flge->___flmul

Critical Paths under _isrLow in COMRAM

    None.

Critical Paths under _isrHigh in COMRAM

    _isrHigh->_ir_interruptService

Critical Paths under _main in BANK0

    _main->_loop

Critical Paths under _isrLow in BANK0

    None.

Critical Paths under _isrHigh in BANK0

    None.

Critical Paths under _main in BANK1

    None.

Critical Paths under _isrLow in BANK1

    None.

Critical Paths under _isrHigh in BANK1

    None.

Critical Paths under _main in BANK2

    None.

Critical Paths under _isrLow in BANK2

    None.

Critical Paths under _isrHigh in BANK2

    None.

Critical Paths under _main in BANK3

    None.

Critical Paths under _isrLow in BANK3

    None.

Critical Paths under _isrHigh in BANK3

    None.

Critical Paths under _main in BANK4

    None.

Critical Paths under _isrLow in BANK4

    None.

Critical Paths under _isrHigh in BANK4

    None.

Critical Paths under _main in BANK5

    None.

Critical Paths under _isrLow in BANK5

    None.

Critical Paths under _isrHigh in BANK5

    None.

Critical Paths under _main in BANK6

    None.

Critical Paths under _isrLow in BANK6

    None.

Critical Paths under _isrHigh in BANK6

    None.

Critical Paths under _main in BANK7

    None.

Critical Paths under _isrLow in BANK7

    None.

Critical Paths under _isrHigh in BANK7

    None.

Critical Paths under _main in BANK8

    None.

Critical Paths under _isrLow in BANK8

    None.

Critical Paths under _isrHigh in BANK8

    None.

Critical Paths under _main in BANK9

    None.

Critical Paths under _isrLow in BANK9

    None.

Critical Paths under _isrHigh in BANK9

    None.

Critical Paths under _main in BANK10

    None.

Critical Paths under _isrLow in BANK10

    None.

Critical Paths under _isrHigh in BANK10

    None.

Critical Paths under _main in BANK11

    None.

Critical Paths under _isrLow in BANK11

    None.

Critical Paths under _isrHigh in BANK11

    None.

Critical Paths under _main in BANK12

    None.

Critical Paths under _isrLow in BANK12

    None.

Critical Paths under _isrHigh in BANK12

    None.

Critical Paths under _main in BANK13

    None.

Critical Paths under _isrLow in BANK13

    None.

Critical Paths under _isrHigh in BANK13

    None.

Critical Paths under _main in BANK14

    None.

Critical Paths under _isrLow in BANK14

    None.

Critical Paths under _isrHigh in BANK14

    None.

Call Graph Tables:

 ---------------------------------------------------------------------------------
 (Depth) Function   	        Calls       Base Space   Used Autos Params    Refs
 ---------------------------------------------------------------------------------
 (0) _main                                                 3     3      0    5702
                                              5 BANK0      3     3      0
                               _loop
                              _setup
 ---------------------------------------------------------------------------------
 (1) _setup                                                0     0      0     512
                         _initRomOps
                         _initTicker
                      _ir_enableIRIn
                           _loadCode
 ---------------------------------------------------------------------------------
 (2) _loadCode                                            13     9      4     413
                                              8 COMRAM    13     9      4
                        _EEPROM_Read
 ---------------------------------------------------------------------------------
 (2) _ir_enableIRIn                                        0     0      0       0
                    _ir_timerCfgNorm
                        _ir_timerRst
 ---------------------------------------------------------------------------------
 (3) _ir_timerRst                                          0     0      0       0
 ---------------------------------------------------------------------------------
 (3) _ir_timerCfgNorm                                      0     0      0       0
 ---------------------------------------------------------------------------------
 (2) _initTicker                                           3     3      0      99
                                              6 COMRAM     3     3      0
 ---------------------------------------------------------------------------------
 (2) _initRomOps                                           0     0      0       0
 ---------------------------------------------------------------------------------
 (1) _loop                                                 5     5      0    4986
                                              0 BANK0      5     5      0
                          _ir_decode
                          _ir_resume
                           _saveCode
                            _tickGet
 ---------------------------------------------------------------------------------
 (2) _tickGet                                             10     6      4     318
                                              6 COMRAM    10     6      4
 ---------------------------------------------------------------------------------
 (2) _saveCode                                             9     5      4     790
                                             14 COMRAM     9     5      4
                       _EEPROM_Write
 ---------------------------------------------------------------------------------
 (3) _EEPROM_Write                                         4     1      3     370
                                             11 COMRAM     3     0      3
                        _EEPROM_Read
               _EEPROM_WriteNoVerify
 ---------------------------------------------------------------------------------
 (4) _EEPROM_WriteNoVerify                                 5     2      3     133
                                              6 COMRAM     5     2      3
 ---------------------------------------------------------------------------------
 (3) _EEPROM_Read                                          2     0      2      80
                                              6 COMRAM     2     0      2
 ---------------------------------------------------------------------------------
 (2) _ir_decode                                            1     0      1    3813
                                             80 COMRAM     1     0      1
                      _ir_decodeHash
                          _ir_resume
 ---------------------------------------------------------------------------------
 (2) _ir_resume                                            0     0      0       0
 ---------------------------------------------------------------------------------
 (3) _ir_decodeHash                                       19    15      4    3717
                                             61 COMRAM    19    15      4
                             ___lmul
                         _ir_compare
 ---------------------------------------------------------------------------------
 (4) _ir_compare                                           4     0      4    3151
                                             57 COMRAM     4     0      4
                             ___flge
                            ___flmul
                           ___xxtofl
 ---------------------------------------------------------------------------------
 (5) ___xxtofl                                            14    10      4     526
                                              6 COMRAM    14    10      4
 ---------------------------------------------------------------------------------
 (5) ___flmul                                             25    17      8    2217
                                             20 COMRAM    25    17      8
                           ___xxtofl (ARG)
 ---------------------------------------------------------------------------------
 (5) ___flge                                              12     4      8     278
                                             45 COMRAM    12     4      8
                            ___flmul (ARG)
                           ___xxtofl (ARG)
 ---------------------------------------------------------------------------------
 (4) ___lmul                                              12     4      8     142
                                              6 COMRAM    12     4      8
 ---------------------------------------------------------------------------------
 Estimated maximum stack depth 5
 ---------------------------------------------------------------------------------
 (Depth) Function   	        Calls       Base Space   Used Autos Params    Refs
 ---------------------------------------------------------------------------------
 (6) _isrLow                                               3     3      0       0
                                              3 COMRAM     3     3      0
                          _tickerIsr
 ---------------------------------------------------------------------------------
 (7) _tickerIsr                                            0     0      0       0
 ---------------------------------------------------------------------------------
 Estimated maximum stack depth 7
 ---------------------------------------------------------------------------------
 (Depth) Function   	        Calls       Base Space   Used Autos Params    Refs
 ---------------------------------------------------------------------------------
 (8) _isrHigh                                              2     2      0      75
                                              1 COMRAM     2     2      0
                _ir_interruptService
 ---------------------------------------------------------------------------------
 (9) _ir_interruptService                                  1     1      0      75
                                              0 COMRAM     1     1      0
                      i2_ir_timerRst
 ---------------------------------------------------------------------------------
 (10) i2_ir_timerRst                                       0     0      0       0
 ---------------------------------------------------------------------------------
 Estimated maximum stack depth 10
 ---------------------------------------------------------------------------------

 Call Graph Graphs:

 _main (ROOT)
   _loop
     _ir_decode
       _ir_decodeHash
         ___lmul
         _ir_compare
           ___flge
             ___flmul (ARG)
               ___xxtofl (ARG)
             ___xxtofl (ARG)
           ___flmul
           ___xxtofl
       _ir_resume
     _ir_resume
     _saveCode
       _EEPROM_Write
         _EEPROM_Read
         _EEPROM_WriteNoVerify
     _tickGet
   _setup
     _initRomOps
     _initTicker
     _ir_enableIRIn
       _ir_timerCfgNorm
       _ir_timerRst
     _loadCode
       _EEPROM_Read

 _isrLow (ROOT)
   _tickerIsr

 _isrHigh (ROOT)
   _ir_interruptService
     i2_ir_timerRst

Address spaces:
Name               Size   Autos  Total    Usage
BIGRAM            3648      0       0      0.0%
BITBIGSFRllll      283      0       0      0.0%
BITBANK13          256      0       0      0.0%
BANK13             256      0       0      0.0%
BITBANK12          256      0       0      0.0%
BANK12             256      0       0      0.0%
BITBANK11          256      0       0      0.0%
BANK11             256      0       0      0.0%
BITBANK10          256      0       0      0.0%
BANK10             256      0       0      0.0%
BITBANK9           256      0       0      0.0%
BANK9              256      0       0      0.0%
BITBANK8           256      0       0      0.0%
BANK8              256      0       0      0.0%
BITBANK7           256      0       0      0.0%
BANK7              256      0       0      0.0%
BITBANK6           256      0       0      0.0%
BANK6              256      0       0      0.0%
BITBANK5           256      0       0      0.0%
BANK5              256      0       0      0.0%
BITBANK4           256      0       0      0.0%
BANK4              256      0       0      0.0%
BITBANK3           256      0       0      0.0%
BANK3              256      0       0      0.0%
BITBANK2           256      0       0      0.0%
BANK2              256      0       0      0.0%
BITBANK1           256      0       0      0.0%
BANK1              256      0     205     80.1%
BITBANK0           160      0       0      0.0%
BANK0              160      8      98     61.3%
BITBIGSFRlh        120      0       0      0.0%
BITCOMRAM           94      0       0      0.0%
COMRAM              94     81      88     93.6%
BITBANK14           65      0       0      0.0%
BANK14              65      0       0      0.0%
BITBIGSFRlllh       21      0       0      0.0%
BITBIGSFRllh        10      0       0      0.0%
BITBIGSFRh           7      0       0      0.0%
STACK                0      0       0      0.0%
DATA                 0      0     391      0.0%


Microchip Technology PIC18 Macro Assembler V3.00 build 20241204225717 
Symbol Table                                                                                   Wed May 13 19:49:10 2026

                                  l63 2188                                    l65 218A  
                                  l83 1472                                    l75 2118  
                                  l67 218C                                    l95 162E  
                                  l97 1672                                    bsr 0FE0  
                                 l100 1F50                                   l103 1C46  
                                 l201 1F9C                                   l204 1FAA  
                                 l141 2042                                   l133 21F2  
                                 l206 1FB8                                   l134 2212  
                                 l302 2342                                   l207 1FCE  
                                 l208 1FD0                                   l305 236A  
                                 l333 20AE                                   l191 22E0  
                                 l183 2360                                   l360 1B32  
                                 l192 22E4                                   l353 1D4A  
                                 l329 2352                                   l186 22B6  
                                 l189 22D2                                   l198 2282  
                                 l297 232C                                   l642 1E08  
                                 l388 2172                                   l389 2182  
                                 l647 1E4E                                   l991 10C6  
                                 l995 1426                                   l998 12BC  
                                 l999 12DA                                   wreg 0FE8  
                        ___flmul@aexp 0022                          ___flmul@bexp 0027  
                        ___flmul@sign 0021                          ___flmul@temp 002C  
                        ___flmul@prod 0028                                  l1000 1332  
                                l1001 1320                                  l1008 13E8  
                                l1032 16CA                                  l1035 1826  
                                l1046 17BE                                  l1039 1762  
                                l3000 1D7A                                  l3010 1DE8  
                                l3002 1D8A                                  l3012 1DF6  
                                l3004 1DB8                                  l3020 1676  
                                l3100 1F96                                  l3014 1E46  
                                l3006 1DC8                                  l3022 1686  
                                l3110 1CC2                                  l3102 1F9A  
                                l3016 1E4C                                  l3008 1DD6  
                                l3040 174C                                  l3032 1704  
                                l3024 1694                                  l3200 207C  
                                l3104 1FBA                                  l2320 233E  
                                l3130 212A                                  l3050 17CC  
                                l3042 1758                                  l3034 170C  
                                l3026 16DA                                  l3210 20A6  
                                l3106 1FCA                                  l2322 2340  
                                l2314 232E                                  l3132 2138  
                                l3060 1814                                  l3052 17CE  
                                l3044 1794                                  l3036 1718  
                                l3028 16F0                                  l3124 1D48  
                                l3116 1CC8                                  l3108 1C48  
                                l3204 2082                                  l3140 2250  
                                l3220 1B8A                                  l2316 2330  
                                l2324 2362                                  l3300 20E8  
                                l3134 2148                                  l3062 1816  
                                l3054 17D2                                  l3046 17A0  
                                l3038 174A                                  l3118 1D42  
                                l3206 20A0                                  l3070 22C8  
                                l3142 2254                                  l3222 1BDE  
                                l3230 1FD8                                  l2318 233C  
                                l3302 20FE                                  l3136 2152  
                                l3128 211A                                  l3056 17F6  
                                l3048 17AE                                  l3160 1A04  
                                l3152 19BE                                  l3072 22CC  
                                l3144 2264                                  l3224 1C04  
                                l3216 1B36                                  l3240 2012  
                                l3232 1FE0                                  l3312 1446  
                                l3320 147A                                  l2360 21DC  
                                l2352 21D6                                  l3304 2114  
                                l3058 1806                                  l3170 1AE8  
                                l3162 1A10                                  l3154 19CE  
                                l3138 2344                                  l3074 22CE  
                                l3066 22B6                                  l3090 1F88  
                                l3082 1F52                                  l3226 1C32  
                                l3218 1B5C                                  l3250 202C  
                                l3242 2014                                  l3234 1FE4  
                                l3330 14F4                                  l3322 14AC  
                                l3314 146A                                  l3306 1428  
                                l2370 235E                                  l2362 21DE  
                                l2354 21D8                                  l3410 218E  
                                l3172 1B14                                  l3164 1A82  
                                l3156 19F0                                  l3076 22D0  
                                l3068 22C4                                  l3092 1F8A  
                                l3084 1F7C                                  l3148 2280  
                                l3252 2030                                  l3244 2016  
                                l3236 1FF0                                  l3228 1FD2  
                                l3340 155C                                  l3332 150A  
                                l3316 146C                                  l3308 1434  
                                l2364 21E2                                  l2380 2320  
                                l2372 230C                                  l3180 1E6E  
                                l3260 20B6                                  l3420 21B4  
                                l3412 2190                                  l3174 1B22  
                                l3166 1AB8                                  l3078 22E2  
                                l3094 1F8C                                  l3086 1F80  
                                l3254 2032                                  l3246 2026  
                                l3238 2002                                  l3350 15AE  
                                l3334 1512                                  l3326 14C0  
                                l2366 2354                                  l2382 2324  
                                l2374 230E                                  l3190 1F18  
                                l3182 1E8C                                  l3270 20C8  
                                l3262 20BC                                  l3422 21C4  
                                l3414 21A0                                  l3168 1ABC  
                                l3096 1F8E                                  l3088 1F84  
                                l3248 2028                                  l3360 15F0  
                                l3352 15B4                                  l3336 1536  
                                l3328 14E4                                  l3344 1564  
                                l2368 2356                                  l2384 2328  
                                l2376 231C                                  l3192 1F40  
                                l3184 1EB4                                  l3280 20D2  
                                l3272 20CA                                  l3264 20C0  
                                l3424 21C8                                  l3416 21A2  
                                l3098 1F92                                  l3362 1616  
                                l3354 15D8                                  l3338 1546  
                                l3346 1596                                  l2386 232A  
                                l2378 231E                                  l3186 1ED2  
                                l3178 1E52                                  l3290 20DC  
                                l3282 20D4                                  l3274 20CC  
                                l3266 20C4                                  l3258 20B0  
                                l3418 21B2                                  l2900 10B0  
                                l3196 2044                                  l3364 1618  
                                l3356 15DA                                  l3348 159E  
                                l3188 1EFA                                  l3292 20DE  
                                l3284 20D6                                  l3276 20CE  
                                l3268 20C6                                  l2910 10FA  
                                l2902 10B6                                  l3198 2068  
                                l3366 162C                                  l3358 15EE  
                                l3294 20E0                                  l3286 20D8  
                                l3278 20D0                                  l2920 114A  
                                l2912 1106                                  l2904 10D6  
                                l3368 166A                                  l3296 20E2  
                                l3288 20DA                                  l2930 118C  
                                l2922 1156                                  l2914 1110  
                                l2906 10E6                                  l3298 20E6  
                                l2940 11EE                                  l2932 1198  
                                l2924 1162                                  l2916 1126  
                                l3396 2184                                  l2950 1284  
                                l2942 11FA                                  l2934 11A8  
                                l2926 1170                                  l2918 1132  
                                l2870 1002                                  l3566 148E  
                                l2960 12EA                                  l2952 12A2  
                                l2944 1216                                  l2936 11C2  
                                l2928 117C                                  l2880 103E  
                                l2872 100E                                  l3568 1578  
                                l2970 135C                                  l2962 1318  
                                l2954 12AC                                  l2946 1240  
                                l2938 11D2                                  l2890 1070  
                                l2882 104E                                  l2874 101C  
                                l2980 13D2                                  l2972 1386  
                                l2956 12BA                                  l2948 1276  
                                l2892 107E                                  l2884 1054  
                                l2876 101E                                  l2990 140C  
                                l2982 13E2                                  l2966 1342  
                                l2974 138A                                  l2958 12CC  
                                l2894 1080                                  l2886 1064  
                                l2878 102E                                  l2984 13EC  
                                l2992 1412                                  l2976 13A4  
                                l2968 134E                                  l2896 1090  
                                l2888 106A                                  l2994 1416  
                                l2986 13FC                                  l2978 13B8  
                                l2898 10A0                                  l2988 140A  
                                l2998 1D4C                                  _EEIF 7DBE  
                                u2100 10D6                                  u2101 10D2  
                                u2110 10E6                                  u2111 10E2  
                                u2200 13A4                                  u2120 1260  
                                u2040 101C                                  u2201 13A0  
                                u2041 1018                                  u2210 13D2  
                                u2130 12BA                                  u2050 102E  
                                u2211 13CE                                  u2131 12B6  
                                u2051 102A                                  u2220 140A  
                                u2140 12DA                                  u2060 103E  
                                u2300 16F0                                  u2221 1406  
                                u2141 12D6                                  u2125 1256  
                                u2061 103A                                  u2301 16EC  
                                u2230 1D7A                                  u2150 12EA  
                                u2070 107E                                  u2310 1746  
                                u2231 1D76                                  u2151 12E6  
                                u2071 107A                                  u2311 1742  
                                u2240 1DB8                                  u2160 1318  
                                u2080 1090                                  u2320 1790  
                                u2400 1F64                                  u2241 1DB4  
                                u2161 1314                                  u2081 108C  
                                u2321 178C                                  u2401 1F5C  
                                u2250 1DD6                                  u2170 132E  
                                u2090 10A0                                  u2330 17AE  
                                u2410 1F76                                  u1610 21F2  
                                u2251 1DD2                                  u2171 132A  
                                u2091 109C                                  u2331 17AA  
                                u2411 1F70                                  u1611 21EE  
                                u2260 1DF6                                  u2180 1342  
                                u2340 17BE                                  u2500 19F0  
                                u2420 1FAA                                  u2261 1DF2  
                                u2181 133E                                  u2341 17BA  
                                u2501 19EC                                  u2421 1FA6  
                                u2270 1E46                                  u2190 135C  
                                u2350 17CC                                  u2510 1AE8  
                                u2430 1FB8                                  u2271 1E42  
                                u2191 1358                                  u2351 17C8  
                                u2511 1AE4                                  u2431 1FB4  
                                u2360 1806                                  u2280 1686  
                                u2520 207C                                  u2440 1FCA  
                                u2416 1F78                                  u2408 1F66  
                                u2600 1536                                  u2361 1802  
                                u2281 1682                                  u2521 2078  
                                u2441 1FC6                                  u2601 1532  
                                u1625 2206                                  u2370 1814  
                                u2290 1694                                  u2450 1CC2  
                                u2530 20A0                                  u2610 15AE  
                                u1626 2208                                  u2371 1810  
                                u2291 1690                                  u2451 1CBE  
                                u2531 209C                                  u2611 15AA  
                                u2460 1D42                                  u2380 22C4  
                                u2540 2002                                  u2620 15D8  
                                u2461 1D3E                                  u2381 22C0  
                                u2541 1FFE                                  u2621 15D4  
                                u2470 2138                                  u2390 22E0  
                                u2550 2012                                  u2630 1616  
                                u2471 2134                                  u2391 22DC  
                                u2551 200E                                  u2631 1612  
                                u2480 2172                                  u2560 2026  
                                u2640 166A                                  u2481 216E  
                                u2561 2022                                  u2641 1666  
                                u2490 2280                                  u2570 1442  
                                u2491 227C                                  u2571 143E  
                                u2580 14BC                                  u2581 14B8  
                                u2590 14E4                                  u2670 21A0  
                                u2591 14E0                                  u2671 219C  
                                u2680 21B2                                  u2681 21AE  
                                u2690 21C4                                  u2691 21C0  
                                _main 2184                                  _loop 1428  
                                fsr2h 0FDA                                  fsr2l 0FD9  
                                btemp 0059                                  prodh 0FF4  
                                prodl 0FF3                                  start 001C  
                        ___param_bank 0000                  __end_of_EEPROM_Write 2284  
                               ?_main 0001                                 _EEADR 0F74  
                               ?_loop 0001                       __end_of___flmul 1428  
                               _T0CON 0FD5                                 _T3CON 0FB1  
                               i1l113 2226                                 i1l146 230A  
                               i2l108 2244                                 i2l305 2374  
                               i2l324 19BA                                 i2l326 19BC  
                               _TMR0H 0FD7                                 _TMR0L 0FD6  
                               _TMR3H 0FB3                                 _TMR3L 0FB2  
                        ?_ir_timerRst 0001                   ___lmul@multiplicand 000B  
                     __end_of_isrHigh 2250                                 _setup 20B0  
                               main@i 00C1                       __end_of_tickGet 2044  
                               plusw2 0FDB                                 ttemp5 005A  
                               ttemp6 005D                                 ttemp7 0061  
                               status 0FD8                                 wtemp8 005A  
                      ir_decodeHash@i 004F                        loadCode@codeNo 0011  
                     __initialization 2284                          __end_of_main 21D4  
                        __end_of_loop 1674                           loadCode@res 0012  
                       _ir_decodeHash 19BE                                ??_main 0052  
                              ??_loop 00BA                         __activetblptr 0002  
                              _EEADRH 0F75                                _EEDATA 0F73  
                              _EECON1 0F7F                                _EECON2 0F7E  
                              _ANCON0 0F5D                                _ANCON1 0F5C  
                              ?_setup 0001                         _ir_enableIRIn 230C  
           ir_interruptService@irdata 0001                                i1l1790 2308  
                              i1l1782 22E6                                i1l1784 22F4  
                              i1l1880 2222                                i1l1786 22F6  
                              i1l1788 22F8                                i2l1720 1838  
                              i2l1730 1868                                i2l1722 183C  
                              i2l1740 18BC                                i2l1732 1878  
                              i2l1724 1844                                i2l1716 1828  
                              i2l1750 18FA                                i2l1742 18C0  
                              i2l1734 188E                                i2l1726 184A  
                              i2l1718 1836                                i2l1592 236C  
                              i2l1760 1938                                i2l1752 18FE  
                              i2l1744 18C8                                i2l1736 189A  
                              i2l1728 1860                                i2l1770 196A  
                              i2l1762 193C                                i2l1754 1906  
                              i2l1746 18D0                                i2l1738 18A2  
                              i2l1780 19B4                                i2l1764 1944  
                              i2l1756 190E                                i2l1748 18E0  
                              i2l1758 191E                                i2l1766 194C  
                              i2l1768 1962                                i2l1776 197E  
                              i2l1778 19A4                                i2l1878 2240  
                              _TABLAT 0FF5                                _TBLPTR 0FF6  
                    __end_of___xxtofl 1828                           initTicker@i 0009  
                              ___flge 1D4C                                ___lmul 211A  
                           ??___flmul 001D                        ?_ir_decodeHash 003E  
                    __end_of_loadCode 1F52                                _onTime 00A8  
                 _ir_interruptService 1828                                _isrLow 2214  
                              clear_0 228A                                clear_1 2296  
                              clear_2 22A2                                isa$std 0001  
                              main@t1 00BF                                main@t2 00C0  
                    __end_of_saveCode 1C48                             ??_isrHigh 0002  
                        __mediumconst 1000                             ??_tickGet 000B  
                              tblptru 0FF8                        ?_ir_enableIRIn 0001  
                     _ir_timerCfgNorm 232E                  ?_ir_interruptService 0001  
                          ___flge@ff1 002E                            ___flge@ff2 0032  
                        ___xxtofl@arg 0011                          ___xxtofl@exp 0010  
                        ___xxtofl@val 0007                            __accesstop 0060  
             __end_of__initialization 22A8                     EEPROM_Write@index 000C  
                   EEPROM_Write@value 000E                         ___rparam_used 0001  
                      __pcstackCOMRAM 0001                         __end_of_setup 211A  
                             ??_setup 0016                 ??_ir_interruptService 0001  
                   initTicker@divider 0008                          _EEPROM_Write 2250  
                          __pbssBANK0 0060                            __pbssBANK1 0100  
                          _code1_hash 00A4                            _code2_hash 00A0  
                     ??_ir_decodeHash 0042                               ?___flge 002E  
                             ?___lmul 0007                               ?_isrLow 0001  
                      ___lmul@product 000F                            _flashBlock 0052  
                          _flashFlags 0055               __end_of_ir_timerCfgNorm 2344  
                           ?___xxtofl 0007                       ??_ir_enableIRIn 0007  
                             _TBLPTRU 0FF8                               i1u86_20 22F4  
                             i1u86_21 22F0                               i1u87_20 2308  
                             i1u87_21 2304                               i2u80_40 188E  
                             i2u80_41 188A                               i2u81_40 18E0  
                             i2u81_41 18DC                               i2u82_40 191E  
                             i2u82_41 191A                               i2u83_40 1962  
                             i2u83_41 195E                               i2u84_40 197A  
                             i2u84_41 1976                               i2u85_40 19B4  
                             i2u77_40 1836                               i2u85_41 19B0  
                             i2u77_41 1832                               i2u78_40 1860  
                             i2u78_41 185C                               i2u79_40 1878  
                             i2u79_41 1874                             ?_loadCode 0009  
                     _timerExtension1 0057                       _timerExtension2 0056  
                           ?_saveCode 000F                               __Hparam 0000  
                             __Lparam 0000                            _ir_compare 1C48  
                          _initTicker 21D4                            _initRomOps 2354  
                             ___flmul 1002                          __psmallconst 1000  
                          _ir_results 00AC                               __pcinit 2284  
                             __ramtop 1000                     __end_of_ir_decode 20B0  
                             __ptext0 2184                               __ptext1 20B0  
                             __ptext2 1E50                               __ptext3 230C  
                             __ptext4 2362                               __ptext5 232E  
                             __ptext6 21D4                               __ptext7 2354  
                             __ptext8 1428                               __ptext9 1FD2  
                           _T0CONbits 0FD5                               _isrHigh 2236  
                   __end_of_ir_resume 2354                            ??___xxtofl 000B  
                           _T3CONbits 0FB1                               _tickGet 1FD2  
                       i2_ir_timerRst 236C                      ir_compare@oldval 003A  
                    ir_compare@newval 003C                  end_of_initialization 22A8  
                          ??_loadCode 000D                         ??_EEPROM_Read 0009  
                       __Lmediumconst 0000                     __end_of_tickerIsr 230C  
                          ??_saveCode 0013                               postdec2 0FDD  
                             postinc0 0FEE                               postinc2 0FDE  
EEPROM_WriteNoVerify@interruptEnabled 000B                             _PORTAbits 0F80  
                    ir_decode@results 0051                      ?_ir_timerCfgNorm 0001  
                      ?i2_ir_timerRst 0001                         ___xxtofl@sign 000F  
                           _TRISAbits 0F92                             _TRISBbits 0F93  
                           _TRISCbits 0F94                           ___flmul@grs 0023  
                         ?_ir_compare 003A                   __end_of_EEPROM_Read 22E6  
                         ?_initTicker 0001                           ?_initRomOps 0001  
                      __end_of___flge 1E50                        __end_of___lmul 2184  
                      __end_of_isrLow 2236                   start_initialization 2284  
        __end_of_EEPROM_WriteNoVerify 1FD2                        saveCode@codeNo 0017  
                            ??___flge 0036                              ??___lmul 000F  
                            ??_isrLow 0004                       ??i2_ir_timerRst 0001  
                       ??_ir_timerRst 0007           __end_of_ir_interruptService 19BE  
                           ___flmul@a 0019                             ___flmul@b 0015  
                         __pbssCOMRAM 0052                         __pcstackBANK0 00BA  
                        saveCode@code 000F                           _EEPROM_Read 22B6  
                  initTicker@priority 0007                             __pmainSec 2214  
                     tickGet@IntFlag1 000C                       tickGet@IntFlag2 000B  
                           __pintcode 0008                              ?___flmul 0015  
               __end_of_ir_decodeHash 1B34                           __pintcodelo 0018  
                         __smallconst 1000                              ?_isrHigh 0001  
                           _ir_decode 2044                              ?_tickGet 0007  
               __end_of_ir_enableIRIn 232E                             _ir_resume 2344  
                 __end_of_ir_timerRst 236C                           _flashBuffer 0060  
                            _LATBbits 0F8A                              _LATCbits 0F8B  
                            _IPR2bits 0FA2                              _PIE2bits 0FA0  
                         _configState 0058                              _PIR2bits 0FA1  
                           _tickerIsr 22E6                              _RCONbits 0FD0  
           EEPROM_WriteNoVerify@index 0007             EEPROM_WriteNoVerify@value 0009  
                _EEPROM_WriteNoVerify 1F52                            ?_ir_decode 0051  
                          ?_ir_resume 0001                     ___lmul@multiplier 0007  
                         _INTCON2bits 0FF1                  ir_decodeHash@results 003E  
                          _EECON1bits 0F7F                              __Hrparam 0000  
                          ?_tickerIsr 0001                          ??_ir_compare 003E  
                            __Lrparam 0000                          ??_initTicker 0007  
                        ??_initRomOps 0007                 ?_EEPROM_WriteNoVerify 0007  
                           loop@ready 00BE                              ___xxtofl 1674  
                         _ir_timerRst 2362                              _half_pwm 0054  
                            __ptext10 1B34                              __ptext11 2250  
                            __ptext20 1D4C                              __ptext12 1F52  
                            __ptext21 211A                              __ptext13 22B6  
                            __ptext14 2044                              __ptext23 22E6  
                            __ptext15 2344                              __ptext16 19BE  
                            __ptext25 1828                              __ptext17 1C48  
                            __ptext26 236C                              __ptext18 1674  
                            __ptext19 1002                    __end_of_ir_compare 1D4C  
                       ?_EEPROM_Write 000C                    __end_of_initTicker 2214  
                  __end_of_initRomOps 2362                              _loadCode 1E50  
                            _irparams 0100                              _saveCode 1B34  
                            isa$xinst 0000                              int$flags 0059  
                          _INTCONbits 0FF2                           ??_ir_decode 0052  
                      ??_EEPROM_Write 000F                           ??_ir_resume 0007  
                            intlevel1 0000                              intlevel2 0000  
                        ?_EEPROM_Read 0007                           ??_tickerIsr 0004  
                  tickGet@currentTime 000D                ??_EEPROM_WriteNoVerify 000A  
                  ir_decodeHash@value 004A                 __end_ofi2_ir_timerRst 2376  
                   ir_decodeHash@hash 004B                      EEPROM_Read@index 0007  
                   ??_ir_timerCfgNorm 0007  
