

Microchip MPLAB XC8 Assembler V3.00 build 20241204225717 
                                                                                               Sun May 17 19:00:43 2026

Microchip MPLAB XC8 C Compiler v3.00 (Free license) build 20241204225717 Og1 
     1                           	processor	18F25K80
     2                           	fnconf	rparam,??,?,0
     3                           	pagewidth 120
     4                           	opt	flic
     5                           	psect	cinit,global,reloc=2,class=CODE,space=0,delta=1
     6                           	psect	bssCOMRAM,global,class=COMRAM,space=1,delta=1,lowdata,noexec
     7                           	psect	bssBANK0,global,class=BANK0,space=1,delta=1,lowdata,noexec
     8                           	psect	bssBANK1,global,class=BANK1,space=1,delta=1,lowdata,noexec
     9                           	psect	cstackBANK0,global,class=BANK0,space=1,delta=1,lowdata,noexec
    10                           	psect	cstackCOMRAM,global,class=COMRAM,space=1,delta=1,lowdata,noexec
    11                           	psect	text0,global,reloc=2,class=CODE,space=0,delta=1
    12                           	psect	text1,global,reloc=2,class=CODE,space=0,delta=1
    13                           	psect	text2,global,reloc=2,class=CODE,space=0,delta=1
    14                           	psect	text3,global,reloc=2,class=CODE,space=0,delta=1
    15                           	psect	text4,global,reloc=2,class=CODE,space=0,delta=1
    16                           	psect	text5,global,reloc=2,class=CODE,space=0,delta=1
    17                           	psect	text6,global,reloc=2,class=CODE,space=0,delta=1
    18                           	psect	text7,global,reloc=2,class=CODE,space=0,delta=1
    19                           	psect	text8,global,reloc=2,class=CODE,space=0,delta=1
    20                           	psect	text9,global,reloc=2,class=CODE,space=0,delta=1
    21                           	psect	text10,global,reloc=2,class=CODE,space=0,delta=1
    22                           	psect	text11,global,reloc=2,class=CODE,space=0,delta=1
    23                           	psect	text12,global,reloc=2,class=CODE,space=0,delta=1
    24                           	psect	text13,global,reloc=2,class=CODE,space=0,delta=1
    25                           	psect	text14,global,reloc=2,class=CODE,space=0,delta=1
    26                           	psect	text15,global,reloc=2,class=CODE,space=0,delta=1
    27                           	psect	text16,global,reloc=2,class=CODE,space=0,delta=1
    28                           	psect	text17,global,reloc=2,class=CODE,space=0,delta=1
    29                           	psect	text18,global,reloc=2,class=CODE,space=0,delta=1,group=1
    30                           	psect	text19,global,reloc=2,class=CODE,space=0,delta=1,group=1
    31                           	psect	text20,global,reloc=2,class=CODE,space=0,delta=1,group=1
    32                           	psect	text21,global,reloc=2,class=CODE,space=0,delta=1,group=1
    33                           	psect	mainSec,global,reloc=2,class=CODE,space=0,delta=1
    34                           	psect	intcodelo,global,reloc=2,class=CODE,space=0,delta=1
    35                           	psect	text23,global,reloc=2,class=CODE,space=0,delta=1
    36                           	psect	intcode,global,reloc=2,class=CODE,space=0,delta=1
    37                           	psect	text25,global,reloc=2,class=CODE,space=0,delta=1
    38                           	psect	text26,global,reloc=2,class=CODE,space=0,delta=1
    39                           	psect	smallconst,global,reloc=2,class=SMALLCONST,space=0,delta=1,noexec
    40                           	psect	intsave_regs,global,class=BIGRAM,space=1,delta=1,noexec
    41                           	psect	rparam,global,class=COMRAM,space=1,delta=1,noexec
    42                           	psect	temp,global,ovrld,common,class=COMRAM,space=1,delta=1,lowdata
    43                           	psect	config,global,abs,ovrld,class=CONFIG,space=4,delta=1,noexec
    44   000000                     
    45                           ; Generated 24/03/2025 GMT
    46                           ; 
    47                           ; Copyright © 2025, Microchip Technology Inc. and its subsidiaries ("Microchip")
    48                           ; All rights reserved.
    49                           ; 
    50                           ; This software is developed by Microchip Technology Inc. and its subsidiaries ("Microch
      +                          ip").
    51                           ; 
    52                           ; Redistribution and use in source and binary forms, with or without modification, are
    53                           ; permitted provided that the following conditions are met:
    54                           ; 
    55                           ;     1. Redistributions of source code must retain the above copyright notice, this lis
      +                          t of
    56                           ;        conditions and the following disclaimer.
    57                           ; 
    58                           ;     2. Redistributions in binary form must reproduce the above copyright notice, this 
      +                          list
    59                           ;        of conditions and the following disclaimer in the documentation and/or other
    60                           ;        materials provided with the distribution. Publication is not required when
    61                           ;        this file is used in an embedded application.
    62                           ; 
    63                           ;     3. Microchip's name may not be used to endorse or promote products derived from th
      +                          is
    64                           ;        software without specific prior written permission.
    65                           ; 
    66                           ; THIS SOFTWARE IS PROVIDED BY MICROCHIP "AS IS" AND ANY EXPRESS OR IMPLIED WARRANTIES,
    67                           ; INCLUDING, BUT NOT LIMITED TO, THE IMPLIED WARRANTIES OF MERCHANTABILITY AND FITNESS F
      +                          OR
    68                           ; PURPOSE ARE DISCLAIMED.  IN NO EVENT SHALL MICROCHIP BE LIABLE FOR ANY DIRECT, INDIREC
      +                          T,
    69                           ; INCIDENTAL, SPECIAL, EXEMPLARY, OR CONSEQUENTIAL DAMAGES (INCLUDING BUT NOT LIMITED TO
    70                           ; PROCUREMENT OF SUBSTITUTE GOODS OR SERVICES; LOSS OF USE, DATA OR PROFITS; OR BUSINESS
    71                           ; INTERRUPTION) HOWSOEVER CAUSED AND ON ANY THEORY OF LIABILITY, WHETHER IN CONTRACT, ST
      +                          RICT
    72                           ; LIABILITY, OR TORT (INCLUDING NEGLIGENCE OR OTHERWISE) ARISING IN ANY WAY OUT OF THE U
      +                          SE OF
    73                           ; THIS SOFTWARE, EVEN IF ADVISED OF THE POSSIBILITY OF SUCH DAMAGE.
    74                           ; 
    75                           ; 
    76                           ; Code-generator required, PIC18F25K80 Definitions
    77                           ; 
    78                           ; SFR Addresses
    79   000FE0                     bsr             equ	4064
    80   000FE9                     fsr0            equ	4073
    81   000FEA                     fsr0h           equ	4074
    82   000FE9                     fsr0l           equ	4073
    83   000FE1                     fsr1            equ	4065
    84   000FE2                     fsr1h           equ	4066
    85   000FE1                     fsr1l           equ	4065
    86   000FD9                     fsr2            equ	4057
    87   000FDA                     fsr2h           equ	4058
    88   000FD9                     fsr2l           equ	4057
    89   000FEF                     indf0           equ	4079
    90   000FE7                     indf1           equ	4071
    91   000FDF                     indf2           equ	4063
    92   000FF2                     intcon          equ	4082
    93   000000                     nvmcon          equ	0
    94   000FF9                     pcl             equ	4089
    95   000FFA                     pclath          equ	4090
    96   000FFB                     pclatu          equ	4091
    97   000FEB                     plusw0          equ	4075
    98   000FE3                     plusw1          equ	4067
    99   000FDB                     plusw2          equ	4059
   100   000FED                     postdec0        equ	4077
   101   000FE5                     postdec1        equ	4069
   102   000FDD                     postdec2        equ	4061
   103   000FEE                     postinc0        equ	4078
   104   000FE6                     postinc1        equ	4070
   105   000FDE                     postinc2        equ	4062
   106   000FEC                     preinc0         equ	4076
   107   000FE4                     preinc1         equ	4068
   108   000FDC                     preinc2         equ	4060
   109   000FF3                     prod            equ	4083
   110   000FF4                     prodh           equ	4084
   111   000FF3                     prodl           equ	4083
   112   000FD8                     status          equ	4056
   113   000FF5                     tablat          equ	4085
   114   000FF6                     tblptr          equ	4086
   115   000FF7                     tblptrh         equ	4087
   116   000FF6                     tblptrl         equ	4086
   117   000FF8                     tblptru         equ	4088
   118   000FFD                     tosl            equ	4093
   119   000FE8                     wreg            equ	4072
   120   000E41                     RXERRCNT        equ	3649	;# 
   121   000E42                     TXERRCNT        equ	3650	;# 
   122   000E43                     BRGCON1         equ	3651	;# 
   123   000E44                     BRGCON2         equ	3652	;# 
   124   000E45                     BRGCON3         equ	3653	;# 
   125   000E46                     RXFCON0         equ	3654	;# 
   126   000E47                     RXFCON1         equ	3655	;# 
   127   000E48                     RXF6SIDH        equ	3656	;# 
   128   000E49                     RXF6SIDL        equ	3657	;# 
   129   000E4A                     RXF6EIDH        equ	3658	;# 
   130   000E4B                     RXF6EIDL        equ	3659	;# 
   131   000E4C                     RXF7SIDH        equ	3660	;# 
   132   000E4D                     RXF7SIDL        equ	3661	;# 
   133   000E4E                     RXF7EIDH        equ	3662	;# 
   134   000E4F                     RXF7EIDL        equ	3663	;# 
   135   000E50                     RXF8SIDH        equ	3664	;# 
   136   000E51                     RXF8SIDL        equ	3665	;# 
   137   000E52                     RXF8EIDH        equ	3666	;# 
   138   000E53                     RXF8EIDL        equ	3667	;# 
   139   000E54                     RXF9SIDH        equ	3668	;# 
   140   000E55                     RXF9SIDL        equ	3669	;# 
   141   000E56                     RXF9EIDH        equ	3670	;# 
   142   000E57                     RXF9EIDL        equ	3671	;# 
   143   000E58                     RXF10SIDH       equ	3672	;# 
   144   000E59                     RXF10SIDL       equ	3673	;# 
   145   000E5A                     RXF10EIDH       equ	3674	;# 
   146   000E5B                     RXF10EIDL       equ	3675	;# 
   147   000E5C                     RXF11SIDH       equ	3676	;# 
   148   000E5D                     RXF11SIDL       equ	3677	;# 
   149   000E5E                     RXF11EIDH       equ	3678	;# 
   150   000E5F                     RXF11EIDL       equ	3679	;# 
   151   000E60                     RXF12SIDH       equ	3680	;# 
   152   000E61                     RXF12SIDL       equ	3681	;# 
   153   000E62                     RXF12EIDH       equ	3682	;# 
   154   000E63                     RXF12EIDL       equ	3683	;# 
   155   000E64                     RXF13SIDH       equ	3684	;# 
   156   000E65                     RXF13SIDL       equ	3685	;# 
   157   000E66                     RXF13EIDH       equ	3686	;# 
   158   000E67                     RXF13EIDL       equ	3687	;# 
   159   000E68                     RXF14SIDH       equ	3688	;# 
   160   000E69                     RXF14SIDL       equ	3689	;# 
   161   000E6A                     RXF14EIDH       equ	3690	;# 
   162   000E6B                     RXF14EIDL       equ	3691	;# 
   163   000E6C                     RXF15SIDH       equ	3692	;# 
   164   000E6D                     RXF15SIDL       equ	3693	;# 
   165   000E6E                     RXF15EIDH       equ	3694	;# 
   166   000E6F                     RXF15EIDL       equ	3695	;# 
   167   000E70                     SDFLC           equ	3696	;# 
   168   000E71                     RXFBCON0        equ	3697	;# 
   169   000E72                     RXFBCON1        equ	3698	;# 
   170   000E73                     RXFBCON2        equ	3699	;# 
   171   000E74                     RXFBCON3        equ	3700	;# 
   172   000E75                     RXFBCON4        equ	3701	;# 
   173   000E76                     RXFBCON5        equ	3702	;# 
   174   000E77                     RXFBCON6        equ	3703	;# 
   175   000E78                     RXFBCON7        equ	3704	;# 
   176   000E79                     MSEL0           equ	3705	;# 
   177   000E7A                     MSEL1           equ	3706	;# 
   178   000E7B                     MSEL2           equ	3707	;# 
   179   000E7C                     MSEL3           equ	3708	;# 
   180   000E7D                     BSEL0           equ	3709	;# 
   181   000E7E                     BIE0            equ	3710	;# 
   182   000E7F                     TXBIE           equ	3711	;# 
   183   000E80                     B0CON           equ	3712	;# 
   184   000E81                     B0SIDH          equ	3713	;# 
   185   000E82                     B0SIDL          equ	3714	;# 
   186   000E83                     B0EIDH          equ	3715	;# 
   187   000E84                     B0EIDL          equ	3716	;# 
   188   000E85                     B0DLC           equ	3717	;# 
   189   000E86                     B0D0            equ	3718	;# 
   190   000E87                     B0D1            equ	3719	;# 
   191   000E88                     B0D2            equ	3720	;# 
   192   000E89                     B0D3            equ	3721	;# 
   193   000E8A                     B0D4            equ	3722	;# 
   194   000E8B                     B0D5            equ	3723	;# 
   195   000E8C                     B0D6            equ	3724	;# 
   196   000E8D                     B0D7            equ	3725	;# 
   197   000E8E                     CANSTAT_RO9     equ	3726	;# 
   198   000E8F                     CANCON_RO9      equ	3727	;# 
   199   000E90                     B1CON           equ	3728	;# 
   200   000E91                     B1SIDH          equ	3729	;# 
   201   000E92                     B1SIDL          equ	3730	;# 
   202   000E93                     B1EIDH          equ	3731	;# 
   203   000E94                     B1EIDL          equ	3732	;# 
   204   000E95                     B1DLC           equ	3733	;# 
   205   000E96                     B1D0            equ	3734	;# 
   206   000E97                     B1D1            equ	3735	;# 
   207   000E98                     B1D2            equ	3736	;# 
   208   000E99                     B1D3            equ	3737	;# 
   209   000E9A                     B1D4            equ	3738	;# 
   210   000E9B                     B1D5            equ	3739	;# 
   211   000E9C                     B1D6            equ	3740	;# 
   212   000E9D                     B1D7            equ	3741	;# 
   213   000E9E                     CANSTAT_RO8     equ	3742	;# 
   214   000E9F                     CANCON_RO8      equ	3743	;# 
   215   000EA0                     B2CON           equ	3744	;# 
   216   000EA1                     B2SIDH          equ	3745	;# 
   217   000EA2                     B2SIDL          equ	3746	;# 
   218   000EA3                     B2EIDH          equ	3747	;# 
   219   000EA4                     B2EIDL          equ	3748	;# 
   220   000EA5                     B2DLC           equ	3749	;# 
   221   000EA6                     B2D0            equ	3750	;# 
   222   000EA7                     B2D1            equ	3751	;# 
   223   000EA8                     B2D2            equ	3752	;# 
   224   000EA9                     B2D3            equ	3753	;# 
   225   000EAA                     B2D4            equ	3754	;# 
   226   000EAB                     B2D5            equ	3755	;# 
   227   000EAC                     B2D6            equ	3756	;# 
   228   000EAD                     B2D7            equ	3757	;# 
   229   000EAE                     CANSTAT_RO7     equ	3758	;# 
   230   000EAF                     CANCON_RO7      equ	3759	;# 
   231   000EB0                     B3CON           equ	3760	;# 
   232   000EB1                     B3SIDH          equ	3761	;# 
   233   000EB2                     B3SIDL          equ	3762	;# 
   234   000EB3                     B3EIDH          equ	3763	;# 
   235   000EB4                     B3EIDL          equ	3764	;# 
   236   000EB5                     B3DLC           equ	3765	;# 
   237   000EB6                     B3D0            equ	3766	;# 
   238   000EB7                     B3D1            equ	3767	;# 
   239   000EB8                     B3D2            equ	3768	;# 
   240   000EB9                     B3D3            equ	3769	;# 
   241   000EBA                     B3D4            equ	3770	;# 
   242   000EBB                     B3D5            equ	3771	;# 
   243   000EBC                     B3D6            equ	3772	;# 
   244   000EBD                     B3D7            equ	3773	;# 
   245   000EBE                     CANSTAT_RO6     equ	3774	;# 
   246   000EBF                     CANCON_RO6      equ	3775	;# 
   247   000EC0                     B4CON           equ	3776	;# 
   248   000EC1                     B4SIDH          equ	3777	;# 
   249   000EC2                     B4SIDL          equ	3778	;# 
   250   000EC3                     B4EIDH          equ	3779	;# 
   251   000EC4                     B4EIDL          equ	3780	;# 
   252   000EC5                     B4DLC           equ	3781	;# 
   253   000EC6                     B4D0            equ	3782	;# 
   254   000EC7                     B4D1            equ	3783	;# 
   255   000EC8                     B4D2            equ	3784	;# 
   256   000EC9                     B4D3            equ	3785	;# 
   257   000ECA                     B4D4            equ	3786	;# 
   258   000ECB                     B4D5            equ	3787	;# 
   259   000ECC                     B4D6            equ	3788	;# 
   260   000ECD                     B4D7            equ	3789	;# 
   261   000ECE                     CANSTAT_RO5     equ	3790	;# 
   262   000ECF                     CANCON_RO5      equ	3791	;# 
   263   000ED0                     B5CON           equ	3792	;# 
   264   000ED1                     B5SIDH          equ	3793	;# 
   265   000ED2                     B5SIDL          equ	3794	;# 
   266   000ED3                     B5EIDH          equ	3795	;# 
   267   000ED4                     B5EIDL          equ	3796	;# 
   268   000ED5                     B5DLC           equ	3797	;# 
   269   000ED6                     B5D0            equ	3798	;# 
   270   000ED7                     B5D1            equ	3799	;# 
   271   000ED8                     B5D2            equ	3800	;# 
   272   000ED9                     B5D3            equ	3801	;# 
   273   000EDA                     B5D4            equ	3802	;# 
   274   000EDB                     B5D5            equ	3803	;# 
   275   000EDC                     B5D6            equ	3804	;# 
   276   000EDD                     B5D7            equ	3805	;# 
   277   000EDE                     CANSTAT_RO4     equ	3806	;# 
   278   000EDF                     CANCON_RO4      equ	3807	;# 
   279   000EE0                     RXF0SIDH        equ	3808	;# 
   280   000EE1                     RXF0SIDL        equ	3809	;# 
   281   000EE2                     RXF0EIDH        equ	3810	;# 
   282   000EE3                     RXF0EIDL        equ	3811	;# 
   283   000EE4                     RXF1SIDH        equ	3812	;# 
   284   000EE5                     RXF1SIDL        equ	3813	;# 
   285   000EE6                     RXF1EIDH        equ	3814	;# 
   286   000EE7                     RXF1EIDL        equ	3815	;# 
   287   000EE8                     RXF2SIDH        equ	3816	;# 
   288   000EE9                     RXF2SIDL        equ	3817	;# 
   289   000EEA                     RXF2EIDH        equ	3818	;# 
   290   000EEB                     RXF2EIDL        equ	3819	;# 
   291   000EEC                     RXF3SIDH        equ	3820	;# 
   292   000EED                     RXF3SIDL        equ	3821	;# 
   293   000EEE                     RXF3EIDH        equ	3822	;# 
   294   000EEF                     RXF3EIDL        equ	3823	;# 
   295   000EF0                     RXF4SIDH        equ	3824	;# 
   296   000EF1                     RXF4SIDL        equ	3825	;# 
   297   000EF2                     RXF4EIDH        equ	3826	;# 
   298   000EF3                     RXF4EIDL        equ	3827	;# 
   299   000EF4                     RXF5SIDH        equ	3828	;# 
   300   000EF5                     RXF5SIDL        equ	3829	;# 
   301   000EF6                     RXF5EIDH        equ	3830	;# 
   302   000EF7                     RXF5EIDL        equ	3831	;# 
   303   000EF8                     RXM0SIDH        equ	3832	;# 
   304   000EF9                     RXM0SIDL        equ	3833	;# 
   305   000EFA                     RXM0EIDH        equ	3834	;# 
   306   000EFB                     RXM0EIDL        equ	3835	;# 
   307   000EFC                     RXM1SIDH        equ	3836	;# 
   308   000EFD                     RXM1SIDL        equ	3837	;# 
   309   000EFE                     RXM1EIDH        equ	3838	;# 
   310   000EFF                     RXM1EIDL        equ	3839	;# 
   311   000F00                     TXB2CON         equ	3840	;# 
   312   000F01                     TXB2SIDH        equ	3841	;# 
   313   000F02                     TXB2SIDL        equ	3842	;# 
   314   000F03                     TXB2EIDH        equ	3843	;# 
   315   000F04                     TXB2EIDL        equ	3844	;# 
   316   000F05                     TXB2DLC         equ	3845	;# 
   317   000F06                     TXB2D0          equ	3846	;# 
   318   000F07                     TXB2D1          equ	3847	;# 
   319   000F08                     TXB2D2          equ	3848	;# 
   320   000F09                     TXB2D3          equ	3849	;# 
   321   000F0A                     TXB2D4          equ	3850	;# 
   322   000F0B                     TXB2D5          equ	3851	;# 
   323   000F0C                     TXB2D6          equ	3852	;# 
   324   000F0D                     TXB2D7          equ	3853	;# 
   325   000F0E                     CANSTAT_RO3     equ	3854	;# 
   326   000F0F                     CANCON_RO3      equ	3855	;# 
   327   000F10                     TXB1CON         equ	3856	;# 
   328   000F11                     TXB1SIDH        equ	3857	;# 
   329   000F12                     TXB1SIDL        equ	3858	;# 
   330   000F13                     TXB1EIDH        equ	3859	;# 
   331   000F14                     TXB1EIDL        equ	3860	;# 
   332   000F15                     TXB1DLC         equ	3861	;# 
   333   000F16                     TXB1D0          equ	3862	;# 
   334   000F17                     TXB1D1          equ	3863	;# 
   335   000F18                     TXB1D2          equ	3864	;# 
   336   000F19                     TXB1D3          equ	3865	;# 
   337   000F1A                     TXB1D4          equ	3866	;# 
   338   000F1B                     TXB1D5          equ	3867	;# 
   339   000F1C                     TXB1D6          equ	3868	;# 
   340   000F1D                     TXB1D7          equ	3869	;# 
   341   000F1E                     CANSTAT_RO2     equ	3870	;# 
   342   000F1F                     CANCON_RO2      equ	3871	;# 
   343   000F20                     TXB0CON         equ	3872	;# 
   344   000F21                     TXB0SIDH        equ	3873	;# 
   345   000F22                     TXB0SIDL        equ	3874	;# 
   346   000F23                     TXB0EIDH        equ	3875	;# 
   347   000F24                     TXB0EIDL        equ	3876	;# 
   348   000F25                     TXB0DLC         equ	3877	;# 
   349   000F26                     TXB0D0          equ	3878	;# 
   350   000F27                     TXB0D1          equ	3879	;# 
   351   000F28                     TXB0D2          equ	3880	;# 
   352   000F29                     TXB0D3          equ	3881	;# 
   353   000F2A                     TXB0D4          equ	3882	;# 
   354   000F2B                     TXB0D5          equ	3883	;# 
   355   000F2C                     TXB0D6          equ	3884	;# 
   356   000F2D                     TXB0D7          equ	3885	;# 
   357   000F2E                     CANSTAT_RO1     equ	3886	;# 
   358   000F2F                     CANCON_RO1      equ	3887	;# 
   359   000F30                     RXB1CON         equ	3888	;# 
   360   000F31                     RXB1SIDH        equ	3889	;# 
   361   000F32                     RXB1SIDL        equ	3890	;# 
   362   000F33                     RXB1EIDH        equ	3891	;# 
   363   000F34                     RXB1EIDL        equ	3892	;# 
   364   000F35                     RXB1DLC         equ	3893	;# 
   365   000F36                     RXB1D0          equ	3894	;# 
   366   000F37                     RXB1D1          equ	3895	;# 
   367   000F38                     RXB1D2          equ	3896	;# 
   368   000F39                     RXB1D3          equ	3897	;# 
   369   000F3A                     RXB1D4          equ	3898	;# 
   370   000F3B                     RXB1D5          equ	3899	;# 
   371   000F3C                     RXB1D6          equ	3900	;# 
   372   000F3D                     RXB1D7          equ	3901	;# 
   373   000F3E                     CANSTAT_RO0     equ	3902	;# 
   374   000F3F                     CANCON_RO0      equ	3903	;# 
   375   000F47                     CCP5CON         equ	3911	;# 
   376   000F48                     CCPR5           equ	3912	;# 
   377   000F48                     CCPR5L          equ	3912	;# 
   378   000F49                     CCPR5H          equ	3913	;# 
   379   000F4A                     CCP4CON         equ	3914	;# 
   380   000F4B                     CCPR4           equ	3915	;# 
   381   000F4B                     CCPR4L          equ	3915	;# 
   382   000F4C                     CCPR4H          equ	3916	;# 
   383   000F4D                     CCP3CON         equ	3917	;# 
   384   000F4E                     CCPR3           equ	3918	;# 
   385   000F4E                     CCPR3L          equ	3918	;# 
   386   000F4F                     CCPR3H          equ	3919	;# 
   387   000F50                     CCP2CON         equ	3920	;# 
   388   000F50                     ECCP2CON        equ	3920	;# 
   389   000F51                     CCPR2           equ	3921	;# 
   390   000F51                     CCPR2L          equ	3921	;# 
   391   000F52                     CCPR2H          equ	3922	;# 
   392   000F53                     CTMUICON        equ	3923	;# 
   393   000F54                     CTMUCONL        equ	3924	;# 
   394   000F55                     CTMUCONH        equ	3925	;# 
   395   000F56                     PADCFG1         equ	3926	;# 
   396   000F57                     PMD2            equ	3927	;# 
   397   000F58                     PMD1            equ	3928	;# 
   398   000F59                     PMD0            equ	3929	;# 
   399   000F5A                     IOCB            equ	3930	;# 
   400   000F5B                     WPUB            equ	3931	;# 
   401   000F5C                     ANCON1          equ	3932	;# 
   402   000F5D                     ANCON0          equ	3933	;# 
   403   000F5E                     CM2CON          equ	3934	;# 
   404   000F5E                     CM2CON1         equ	3934	;# 
   405   000F5F                     CM1CON          equ	3935	;# 
   406   000F5F                     CM1CON1         equ	3935	;# 
   407   000F60                     RXB0CON         equ	3936	;# 
   408   000F61                     RXB0SIDH        equ	3937	;# 
   409   000F62                     RXB0SIDL        equ	3938	;# 
   410   000F63                     RXB0EIDH        equ	3939	;# 
   411   000F64                     RXB0EIDL        equ	3940	;# 
   412   000F65                     RXB0DLC         equ	3941	;# 
   413   000F66                     RXB0D0          equ	3942	;# 
   414   000F67                     RXB0D1          equ	3943	;# 
   415   000F68                     RXB0D2          equ	3944	;# 
   416   000F69                     RXB0D3          equ	3945	;# 
   417   000F6A                     RXB0D4          equ	3946	;# 
   418   000F6B                     RXB0D5          equ	3947	;# 
   419   000F6C                     RXB0D6          equ	3948	;# 
   420   000F6D                     RXB0D7          equ	3949	;# 
   421   000F6E                     CANSTAT         equ	3950	;# 
   422   000F6F                     CANCON          equ	3951	;# 
   423   000F70                     CIOCON          equ	3952	;# 
   424   000F71                     COMSTAT         equ	3953	;# 
   425   000F72                     ECANCON         equ	3954	;# 
   426   000F73                     EEDATA          equ	3955	;# 
   427   000F74                     EEADR           equ	3956	;# 
   428   000F75                     EEADRH          equ	3957	;# 
   429   000F76                     PIE5            equ	3958	;# 
   430   000F77                     PIR5            equ	3959	;# 
   431   000F78                     IPR5            equ	3960	;# 
   432   000F79                     TXREG2          equ	3961	;# 
   433   000F7A                     RCREG2          equ	3962	;# 
   434   000F7B                     SPBRG2          equ	3963	;# 
   435   000F7C                     SPBRGH2         equ	3964	;# 
   436   000F7D                     SPBRGH1         equ	3965	;# 
   437   000F7E                     EECON2          equ	3966	;# 
   438   000F7F                     EECON1          equ	3967	;# 
   439   000F80                     PORTA           equ	3968	;# 
   440   000F81                     PORTB           equ	3969	;# 
   441   000F82                     PORTC           equ	3970	;# 
   442   000F84                     PORTE           equ	3972	;# 
   443   000F87                     TMR4            equ	3975	;# 
   444   000F88                     T4CON           equ	3976	;# 
   445   000F89                     LATA            equ	3977	;# 
   446   000F8A                     LATB            equ	3978	;# 
   447   000F8B                     LATC            equ	3979	;# 
   448   000F90                     SLRCON          equ	3984	;# 
   449   000F91                     ODCON           equ	3985	;# 
   450   000F92                     TRISA           equ	3986	;# 
   451   000F93                     TRISB           equ	3987	;# 
   452   000F94                     TRISC           equ	3988	;# 
   453   000F99                     CCPTMRS         equ	3993	;# 
   454   000F9A                     REFOCON         equ	3994	;# 
   455   000F9B                     OSCTUNE         equ	3995	;# 
   456   000F9C                     PSTR1CON        equ	3996	;# 
   457   000F9D                     PIE1            equ	3997	;# 
   458   000F9E                     PIR1            equ	3998	;# 
   459   000F9F                     IPR1            equ	3999	;# 
   460   000FA0                     PIE2            equ	4000	;# 
   461   000FA1                     PIR2            equ	4001	;# 
   462   000FA2                     IPR2            equ	4002	;# 
   463   000FA3                     PIE3            equ	4003	;# 
   464   000FA4                     PIR3            equ	4004	;# 
   465   000FA5                     IPR3            equ	4005	;# 
   466   000FA6                     RCSTA2          equ	4006	;# 
   467   000FA7                     BAUDCON1        equ	4007	;# 
   468   000FA8                     HLVDCON         equ	4008	;# 
   469   000FA9                     PR4             equ	4009	;# 
   470   000FAA                     T1GCON          equ	4010	;# 
   471   000FAB                     RCSTA1          equ	4011	;# 
   472   000FAB                     RCSTA           equ	4011	;# 
   473   000FAC                     TXSTA1          equ	4012	;# 
   474   000FAC                     TXSTA           equ	4012	;# 
   475   000FAD                     TXREG1          equ	4013	;# 
   476   000FAD                     TXREG           equ	4013	;# 
   477   000FAE                     RCREG1          equ	4014	;# 
   478   000FAE                     RCREG           equ	4014	;# 
   479   000FAF                     SPBRG1          equ	4015	;# 
   480   000FAF                     SPBRG           equ	4015	;# 
   481   000FB0                     T3GCON          equ	4016	;# 
   482   000FB1                     T3CON           equ	4017	;# 
   483   000FB2                     TMR3            equ	4018	;# 
   484   000FB2                     TMR3L           equ	4018	;# 
   485   000FB3                     TMR3H           equ	4019	;# 
   486   000FB4                     CMSTAT          equ	4020	;# 
   487   000FB4                     CMSTATUS        equ	4020	;# 
   488   000FB5                     CVRCON          equ	4021	;# 
   489   000FB6                     PIE4            equ	4022	;# 
   490   000FB7                     PIR4            equ	4023	;# 
   491   000FB8                     IPR4            equ	4024	;# 
   492   000FB9                     BAUDCON2        equ	4025	;# 
   493   000FBA                     TXSTA2          equ	4026	;# 
   494   000FBB                     CCP1CON         equ	4027	;# 
   495   000FBB                     ECCP1CON        equ	4027	;# 
   496   000FBC                     CCPR1           equ	4028	;# 
   497   000FBC                     CCPR1L          equ	4028	;# 
   498   000FBD                     CCPR1H          equ	4029	;# 
   499   000FBE                     ECCP1DEL        equ	4030	;# 
   500   000FBE                     PWM1CON         equ	4030	;# 
   501   000FBF                     ECCP1AS         equ	4031	;# 
   502   000FC0                     ADCON2          equ	4032	;# 
   503   000FC1                     ADCON1          equ	4033	;# 
   504   000FC2                     ADCON0          equ	4034	;# 
   505   000FC3                     ADRES           equ	4035	;# 
   506   000FC3                     ADRESL          equ	4035	;# 
   507   000FC4                     ADRESH          equ	4036	;# 
   508   000FC5                     SSPCON2         equ	4037	;# 
   509   000FC6                     SSPCON1         equ	4038	;# 
   510   000FC7                     SSPSTAT         equ	4039	;# 
   511   000FC8                     SSPADD          equ	4040	;# 
   512   000FC9                     SSPBUF          equ	4041	;# 
   513   000FCA                     T2CON           equ	4042	;# 
   514   000FCB                     PR2             equ	4043	;# 
   515   000FCB                     MEMCON          equ	4043	;# 
   516   000FCC                     TMR2            equ	4044	;# 
   517   000FCD                     T1CON           equ	4045	;# 
   518   000FCE                     TMR1            equ	4046	;# 
   519   000FCE                     TMR1L           equ	4046	;# 
   520   000FCF                     TMR1H           equ	4047	;# 
   521   000FD0                     RCON            equ	4048	;# 
   522   000FD1                     WDTCON          equ	4049	;# 
   523   000FD2                     OSCCON2         equ	4050	;# 
   524   000FD3                     OSCCON          equ	4051	;# 
   525   000FD5                     T0CON           equ	4053	;# 
   526   000FD6                     TMR0            equ	4054	;# 
   527   000FD6                     TMR0L           equ	4054	;# 
   528   000FD7                     TMR0H           equ	4055	;# 
   529   000FD8                     STATUS          equ	4056	;# 
   530   000FD9                     FSR2            equ	4057	;# 
   531   000FD9                     FSR2L           equ	4057	;# 
   532   000FDA                     FSR2H           equ	4058	;# 
   533   000FDB                     PLUSW2          equ	4059	;# 
   534   000FDC                     PREINC2         equ	4060	;# 
   535   000FDD                     POSTDEC2        equ	4061	;# 
   536   000FDE                     POSTINC2        equ	4062	;# 
   537   000FDF                     INDF2           equ	4063	;# 
   538   000FE0                     BSR             equ	4064	;# 
   539   000FE1                     FSR1            equ	4065	;# 
   540   000FE1                     FSR1L           equ	4065	;# 
   541   000FE2                     FSR1H           equ	4066	;# 
   542   000FE3                     PLUSW1          equ	4067	;# 
   543   000FE4                     PREINC1         equ	4068	;# 
   544   000FE5                     POSTDEC1        equ	4069	;# 
   545   000FE6                     POSTINC1        equ	4070	;# 
   546   000FE7                     INDF1           equ	4071	;# 
   547   000FE8                     WREG            equ	4072	;# 
   548   000FE9                     FSR0            equ	4073	;# 
   549   000FE9                     FSR0L           equ	4073	;# 
   550   000FEA                     FSR0H           equ	4074	;# 
   551   000FEB                     PLUSW0          equ	4075	;# 
   552   000FEC                     PREINC0         equ	4076	;# 
   553   000FED                     POSTDEC0        equ	4077	;# 
   554   000FEE                     POSTINC0        equ	4078	;# 
   555   000FEF                     INDF0           equ	4079	;# 
   556   000FF0                     INTCON3         equ	4080	;# 
   557   000FF1                     INTCON2         equ	4081	;# 
   558   000FF2                     INTCON          equ	4082	;# 
   559   000FF2                     INTCON1         equ	4082	;# 
   560   000FF3                     PROD            equ	4083	;# 
   561   000FF3                     PRODL           equ	4083	;# 
   562   000FF4                     PRODH           equ	4084	;# 
   563   000FF5                     TABLAT          equ	4085	;# 
   564   000FF6                     TBLPTR          equ	4086	;# 
   565   000FF6                     TBLPTRL         equ	4086	;# 
   566   000FF7                     TBLPTRH         equ	4087	;# 
   567   000FF8                     TBLPTRU         equ	4088	;# 
   568   000FF9                     PCLAT           equ	4089	;# 
   569   000FF9                     PC              equ	4089	;# 
   570   000FF9                     PCL             equ	4089	;# 
   571   000FFA                     PCLATH          equ	4090	;# 
   572   000FFB                     PCLATU          equ	4091	;# 
   573   000FFC                     STKPTR          equ	4092	;# 
   574   000FFD                     TOS             equ	4093	;# 
   575   000FFD                     TOSL            equ	4093	;# 
   576   000FFE                     TOSH            equ	4094	;# 
   577   000FFF                     TOSU            equ	4095	;# 
   578   000E41                     RXERRCNT        equ	3649	;# 
   579   000E42                     TXERRCNT        equ	3650	;# 
   580   000E43                     BRGCON1         equ	3651	;# 
   581   000E44                     BRGCON2         equ	3652	;# 
   582   000E45                     BRGCON3         equ	3653	;# 
   583   000E46                     RXFCON0         equ	3654	;# 
   584   000E47                     RXFCON1         equ	3655	;# 
   585   000E48                     RXF6SIDH        equ	3656	;# 
   586   000E49                     RXF6SIDL        equ	3657	;# 
   587   000E4A                     RXF6EIDH        equ	3658	;# 
   588   000E4B                     RXF6EIDL        equ	3659	;# 
   589   000E4C                     RXF7SIDH        equ	3660	;# 
   590   000E4D                     RXF7SIDL        equ	3661	;# 
   591   000E4E                     RXF7EIDH        equ	3662	;# 
   592   000E4F                     RXF7EIDL        equ	3663	;# 
   593   000E50                     RXF8SIDH        equ	3664	;# 
   594   000E51                     RXF8SIDL        equ	3665	;# 
   595   000E52                     RXF8EIDH        equ	3666	;# 
   596   000E53                     RXF8EIDL        equ	3667	;# 
   597   000E54                     RXF9SIDH        equ	3668	;# 
   598   000E55                     RXF9SIDL        equ	3669	;# 
   599   000E56                     RXF9EIDH        equ	3670	;# 
   600   000E57                     RXF9EIDL        equ	3671	;# 
   601   000E58                     RXF10SIDH       equ	3672	;# 
   602   000E59                     RXF10SIDL       equ	3673	;# 
   603   000E5A                     RXF10EIDH       equ	3674	;# 
   604   000E5B                     RXF10EIDL       equ	3675	;# 
   605   000E5C                     RXF11SIDH       equ	3676	;# 
   606   000E5D                     RXF11SIDL       equ	3677	;# 
   607   000E5E                     RXF11EIDH       equ	3678	;# 
   608   000E5F                     RXF11EIDL       equ	3679	;# 
   609   000E60                     RXF12SIDH       equ	3680	;# 
   610   000E61                     RXF12SIDL       equ	3681	;# 
   611   000E62                     RXF12EIDH       equ	3682	;# 
   612   000E63                     RXF12EIDL       equ	3683	;# 
   613   000E64                     RXF13SIDH       equ	3684	;# 
   614   000E65                     RXF13SIDL       equ	3685	;# 
   615   000E66                     RXF13EIDH       equ	3686	;# 
   616   000E67                     RXF13EIDL       equ	3687	;# 
   617   000E68                     RXF14SIDH       equ	3688	;# 
   618   000E69                     RXF14SIDL       equ	3689	;# 
   619   000E6A                     RXF14EIDH       equ	3690	;# 
   620   000E6B                     RXF14EIDL       equ	3691	;# 
   621   000E6C                     RXF15SIDH       equ	3692	;# 
   622   000E6D                     RXF15SIDL       equ	3693	;# 
   623   000E6E                     RXF15EIDH       equ	3694	;# 
   624   000E6F                     RXF15EIDL       equ	3695	;# 
   625   000E70                     SDFLC           equ	3696	;# 
   626   000E71                     RXFBCON0        equ	3697	;# 
   627   000E72                     RXFBCON1        equ	3698	;# 
   628   000E73                     RXFBCON2        equ	3699	;# 
   629   000E74                     RXFBCON3        equ	3700	;# 
   630   000E75                     RXFBCON4        equ	3701	;# 
   631   000E76                     RXFBCON5        equ	3702	;# 
   632   000E77                     RXFBCON6        equ	3703	;# 
   633   000E78                     RXFBCON7        equ	3704	;# 
   634   000E79                     MSEL0           equ	3705	;# 
   635   000E7A                     MSEL1           equ	3706	;# 
   636   000E7B                     MSEL2           equ	3707	;# 
   637   000E7C                     MSEL3           equ	3708	;# 
   638   000E7D                     BSEL0           equ	3709	;# 
   639   000E7E                     BIE0            equ	3710	;# 
   640   000E7F                     TXBIE           equ	3711	;# 
   641   000E80                     B0CON           equ	3712	;# 
   642   000E81                     B0SIDH          equ	3713	;# 
   643   000E82                     B0SIDL          equ	3714	;# 
   644   000E83                     B0EIDH          equ	3715	;# 
   645   000E84                     B0EIDL          equ	3716	;# 
   646   000E85                     B0DLC           equ	3717	;# 
   647   000E86                     B0D0            equ	3718	;# 
   648   000E87                     B0D1            equ	3719	;# 
   649   000E88                     B0D2            equ	3720	;# 
   650   000E89                     B0D3            equ	3721	;# 
   651   000E8A                     B0D4            equ	3722	;# 
   652   000E8B                     B0D5            equ	3723	;# 
   653   000E8C                     B0D6            equ	3724	;# 
   654   000E8D                     B0D7            equ	3725	;# 
   655   000E8E                     CANSTAT_RO9     equ	3726	;# 
   656   000E8F                     CANCON_RO9      equ	3727	;# 
   657   000E90                     B1CON           equ	3728	;# 
   658   000E91                     B1SIDH          equ	3729	;# 
   659   000E92                     B1SIDL          equ	3730	;# 
   660   000E93                     B1EIDH          equ	3731	;# 
   661   000E94                     B1EIDL          equ	3732	;# 
   662   000E95                     B1DLC           equ	3733	;# 
   663   000E96                     B1D0            equ	3734	;# 
   664   000E97                     B1D1            equ	3735	;# 
   665   000E98                     B1D2            equ	3736	;# 
   666   000E99                     B1D3            equ	3737	;# 
   667   000E9A                     B1D4            equ	3738	;# 
   668   000E9B                     B1D5            equ	3739	;# 
   669   000E9C                     B1D6            equ	3740	;# 
   670   000E9D                     B1D7            equ	3741	;# 
   671   000E9E                     CANSTAT_RO8     equ	3742	;# 
   672   000E9F                     CANCON_RO8      equ	3743	;# 
   673   000EA0                     B2CON           equ	3744	;# 
   674   000EA1                     B2SIDH          equ	3745	;# 
   675   000EA2                     B2SIDL          equ	3746	;# 
   676   000EA3                     B2EIDH          equ	3747	;# 
   677   000EA4                     B2EIDL          equ	3748	;# 
   678   000EA5                     B2DLC           equ	3749	;# 
   679   000EA6                     B2D0            equ	3750	;# 
   680   000EA7                     B2D1            equ	3751	;# 
   681   000EA8                     B2D2            equ	3752	;# 
   682   000EA9                     B2D3            equ	3753	;# 
   683   000EAA                     B2D4            equ	3754	;# 
   684   000EAB                     B2D5            equ	3755	;# 
   685   000EAC                     B2D6            equ	3756	;# 
   686   000EAD                     B2D7            equ	3757	;# 
   687   000EAE                     CANSTAT_RO7     equ	3758	;# 
   688   000EAF                     CANCON_RO7      equ	3759	;# 
   689   000EB0                     B3CON           equ	3760	;# 
   690   000EB1                     B3SIDH          equ	3761	;# 
   691   000EB2                     B3SIDL          equ	3762	;# 
   692   000EB3                     B3EIDH          equ	3763	;# 
   693   000EB4                     B3EIDL          equ	3764	;# 
   694   000EB5                     B3DLC           equ	3765	;# 
   695   000EB6                     B3D0            equ	3766	;# 
   696   000EB7                     B3D1            equ	3767	;# 
   697   000EB8                     B3D2            equ	3768	;# 
   698   000EB9                     B3D3            equ	3769	;# 
   699   000EBA                     B3D4            equ	3770	;# 
   700   000EBB                     B3D5            equ	3771	;# 
   701   000EBC                     B3D6            equ	3772	;# 
   702   000EBD                     B3D7            equ	3773	;# 
   703   000EBE                     CANSTAT_RO6     equ	3774	;# 
   704   000EBF                     CANCON_RO6      equ	3775	;# 
   705   000EC0                     B4CON           equ	3776	;# 
   706   000EC1                     B4SIDH          equ	3777	;# 
   707   000EC2                     B4SIDL          equ	3778	;# 
   708   000EC3                     B4EIDH          equ	3779	;# 
   709   000EC4                     B4EIDL          equ	3780	;# 
   710   000EC5                     B4DLC           equ	3781	;# 
   711   000EC6                     B4D0            equ	3782	;# 
   712   000EC7                     B4D1            equ	3783	;# 
   713   000EC8                     B4D2            equ	3784	;# 
   714   000EC9                     B4D3            equ	3785	;# 
   715   000ECA                     B4D4            equ	3786	;# 
   716   000ECB                     B4D5            equ	3787	;# 
   717   000ECC                     B4D6            equ	3788	;# 
   718   000ECD                     B4D7            equ	3789	;# 
   719   000ECE                     CANSTAT_RO5     equ	3790	;# 
   720   000ECF                     CANCON_RO5      equ	3791	;# 
   721   000ED0                     B5CON           equ	3792	;# 
   722   000ED1                     B5SIDH          equ	3793	;# 
   723   000ED2                     B5SIDL          equ	3794	;# 
   724   000ED3                     B5EIDH          equ	3795	;# 
   725   000ED4                     B5EIDL          equ	3796	;# 
   726   000ED5                     B5DLC           equ	3797	;# 
   727   000ED6                     B5D0            equ	3798	;# 
   728   000ED7                     B5D1            equ	3799	;# 
   729   000ED8                     B5D2            equ	3800	;# 
   730   000ED9                     B5D3            equ	3801	;# 
   731   000EDA                     B5D4            equ	3802	;# 
   732   000EDB                     B5D5            equ	3803	;# 
   733   000EDC                     B5D6            equ	3804	;# 
   734   000EDD                     B5D7            equ	3805	;# 
   735   000EDE                     CANSTAT_RO4     equ	3806	;# 
   736   000EDF                     CANCON_RO4      equ	3807	;# 
   737   000EE0                     RXF0SIDH        equ	3808	;# 
   738   000EE1                     RXF0SIDL        equ	3809	;# 
   739   000EE2                     RXF0EIDH        equ	3810	;# 
   740   000EE3                     RXF0EIDL        equ	3811	;# 
   741   000EE4                     RXF1SIDH        equ	3812	;# 
   742   000EE5                     RXF1SIDL        equ	3813	;# 
   743   000EE6                     RXF1EIDH        equ	3814	;# 
   744   000EE7                     RXF1EIDL        equ	3815	;# 
   745   000EE8                     RXF2SIDH        equ	3816	;# 
   746   000EE9                     RXF2SIDL        equ	3817	;# 
   747   000EEA                     RXF2EIDH        equ	3818	;# 
   748   000EEB                     RXF2EIDL        equ	3819	;# 
   749   000EEC                     RXF3SIDH        equ	3820	;# 
   750   000EED                     RXF3SIDL        equ	3821	;# 
   751   000EEE                     RXF3EIDH        equ	3822	;# 
   752   000EEF                     RXF3EIDL        equ	3823	;# 
   753   000EF0                     RXF4SIDH        equ	3824	;# 
   754   000EF1                     RXF4SIDL        equ	3825	;# 
   755   000EF2                     RXF4EIDH        equ	3826	;# 
   756   000EF3                     RXF4EIDL        equ	3827	;# 
   757   000EF4                     RXF5SIDH        equ	3828	;# 
   758   000EF5                     RXF5SIDL        equ	3829	;# 
   759   000EF6                     RXF5EIDH        equ	3830	;# 
   760   000EF7                     RXF5EIDL        equ	3831	;# 
   761   000EF8                     RXM0SIDH        equ	3832	;# 
   762   000EF9                     RXM0SIDL        equ	3833	;# 
   763   000EFA                     RXM0EIDH        equ	3834	;# 
   764   000EFB                     RXM0EIDL        equ	3835	;# 
   765   000EFC                     RXM1SIDH        equ	3836	;# 
   766   000EFD                     RXM1SIDL        equ	3837	;# 
   767   000EFE                     RXM1EIDH        equ	3838	;# 
   768   000EFF                     RXM1EIDL        equ	3839	;# 
   769   000F00                     TXB2CON         equ	3840	;# 
   770   000F01                     TXB2SIDH        equ	3841	;# 
   771   000F02                     TXB2SIDL        equ	3842	;# 
   772   000F03                     TXB2EIDH        equ	3843	;# 
   773   000F04                     TXB2EIDL        equ	3844	;# 
   774   000F05                     TXB2DLC         equ	3845	;# 
   775   000F06                     TXB2D0          equ	3846	;# 
   776   000F07                     TXB2D1          equ	3847	;# 
   777   000F08                     TXB2D2          equ	3848	;# 
   778   000F09                     TXB2D3          equ	3849	;# 
   779   000F0A                     TXB2D4          equ	3850	;# 
   780   000F0B                     TXB2D5          equ	3851	;# 
   781   000F0C                     TXB2D6          equ	3852	;# 
   782   000F0D                     TXB2D7          equ	3853	;# 
   783   000F0E                     CANSTAT_RO3     equ	3854	;# 
   784   000F0F                     CANCON_RO3      equ	3855	;# 
   785   000F10                     TXB1CON         equ	3856	;# 
   786   000F11                     TXB1SIDH        equ	3857	;# 
   787   000F12                     TXB1SIDL        equ	3858	;# 
   788   000F13                     TXB1EIDH        equ	3859	;# 
   789   000F14                     TXB1EIDL        equ	3860	;# 
   790   000F15                     TXB1DLC         equ	3861	;# 
   791   000F16                     TXB1D0          equ	3862	;# 
   792   000F17                     TXB1D1          equ	3863	;# 
   793   000F18                     TXB1D2          equ	3864	;# 
   794   000F19                     TXB1D3          equ	3865	;# 
   795   000F1A                     TXB1D4          equ	3866	;# 
   796   000F1B                     TXB1D5          equ	3867	;# 
   797   000F1C                     TXB1D6          equ	3868	;# 
   798   000F1D                     TXB1D7          equ	3869	;# 
   799   000F1E                     CANSTAT_RO2     equ	3870	;# 
   800   000F1F                     CANCON_RO2      equ	3871	;# 
   801   000F20                     TXB0CON         equ	3872	;# 
   802   000F21                     TXB0SIDH        equ	3873	;# 
   803   000F22                     TXB0SIDL        equ	3874	;# 
   804   000F23                     TXB0EIDH        equ	3875	;# 
   805   000F24                     TXB0EIDL        equ	3876	;# 
   806   000F25                     TXB0DLC         equ	3877	;# 
   807   000F26                     TXB0D0          equ	3878	;# 
   808   000F27                     TXB0D1          equ	3879	;# 
   809   000F28                     TXB0D2          equ	3880	;# 
   810   000F29                     TXB0D3          equ	3881	;# 
   811   000F2A                     TXB0D4          equ	3882	;# 
   812   000F2B                     TXB0D5          equ	3883	;# 
   813   000F2C                     TXB0D6          equ	3884	;# 
   814   000F2D                     TXB0D7          equ	3885	;# 
   815   000F2E                     CANSTAT_RO1     equ	3886	;# 
   816   000F2F                     CANCON_RO1      equ	3887	;# 
   817   000F30                     RXB1CON         equ	3888	;# 
   818   000F31                     RXB1SIDH        equ	3889	;# 
   819   000F32                     RXB1SIDL        equ	3890	;# 
   820   000F33                     RXB1EIDH        equ	3891	;# 
   821   000F34                     RXB1EIDL        equ	3892	;# 
   822   000F35                     RXB1DLC         equ	3893	;# 
   823   000F36                     RXB1D0          equ	3894	;# 
   824   000F37                     RXB1D1          equ	3895	;# 
   825   000F38                     RXB1D2          equ	3896	;# 
   826   000F39                     RXB1D3          equ	3897	;# 
   827   000F3A                     RXB1D4          equ	3898	;# 
   828   000F3B                     RXB1D5          equ	3899	;# 
   829   000F3C                     RXB1D6          equ	3900	;# 
   830   000F3D                     RXB1D7          equ	3901	;# 
   831   000F3E                     CANSTAT_RO0     equ	3902	;# 
   832   000F3F                     CANCON_RO0      equ	3903	;# 
   833   000F47                     CCP5CON         equ	3911	;# 
   834   000F48                     CCPR5           equ	3912	;# 
   835   000F48                     CCPR5L          equ	3912	;# 
   836   000F49                     CCPR5H          equ	3913	;# 
   837   000F4A                     CCP4CON         equ	3914	;# 
   838   000F4B                     CCPR4           equ	3915	;# 
   839   000F4B                     CCPR4L          equ	3915	;# 
   840   000F4C                     CCPR4H          equ	3916	;# 
   841   000F4D                     CCP3CON         equ	3917	;# 
   842   000F4E                     CCPR3           equ	3918	;# 
   843   000F4E                     CCPR3L          equ	3918	;# 
   844   000F4F                     CCPR3H          equ	3919	;# 
   845   000F50                     CCP2CON         equ	3920	;# 
   846   000F50                     ECCP2CON        equ	3920	;# 
   847   000F51                     CCPR2           equ	3921	;# 
   848   000F51                     CCPR2L          equ	3921	;# 
   849   000F52                     CCPR2H          equ	3922	;# 
   850   000F53                     CTMUICON        equ	3923	;# 
   851   000F54                     CTMUCONL        equ	3924	;# 
   852   000F55                     CTMUCONH        equ	3925	;# 
   853   000F56                     PADCFG1         equ	3926	;# 
   854   000F57                     PMD2            equ	3927	;# 
   855   000F58                     PMD1            equ	3928	;# 
   856   000F59                     PMD0            equ	3929	;# 
   857   000F5A                     IOCB            equ	3930	;# 
   858   000F5B                     WPUB            equ	3931	;# 
   859   000F5C                     ANCON1          equ	3932	;# 
   860   000F5D                     ANCON0          equ	3933	;# 
   861   000F5E                     CM2CON          equ	3934	;# 
   862   000F5E                     CM2CON1         equ	3934	;# 
   863   000F5F                     CM1CON          equ	3935	;# 
   864   000F5F                     CM1CON1         equ	3935	;# 
   865   000F60                     RXB0CON         equ	3936	;# 
   866   000F61                     RXB0SIDH        equ	3937	;# 
   867   000F62                     RXB0SIDL        equ	3938	;# 
   868   000F63                     RXB0EIDH        equ	3939	;# 
   869   000F64                     RXB0EIDL        equ	3940	;# 
   870   000F65                     RXB0DLC         equ	3941	;# 
   871   000F66                     RXB0D0          equ	3942	;# 
   872   000F67                     RXB0D1          equ	3943	;# 
   873   000F68                     RXB0D2          equ	3944	;# 
   874   000F69                     RXB0D3          equ	3945	;# 
   875   000F6A                     RXB0D4          equ	3946	;# 
   876   000F6B                     RXB0D5          equ	3947	;# 
   877   000F6C                     RXB0D6          equ	3948	;# 
   878   000F6D                     RXB0D7          equ	3949	;# 
   879   000F6E                     CANSTAT         equ	3950	;# 
   880   000F6F                     CANCON          equ	3951	;# 
   881   000F70                     CIOCON          equ	3952	;# 
   882   000F71                     COMSTAT         equ	3953	;# 
   883   000F72                     ECANCON         equ	3954	;# 
   884   000F73                     EEDATA          equ	3955	;# 
   885   000F74                     EEADR           equ	3956	;# 
   886   000F75                     EEADRH          equ	3957	;# 
   887   000F76                     PIE5            equ	3958	;# 
   888   000F77                     PIR5            equ	3959	;# 
   889   000F78                     IPR5            equ	3960	;# 
   890   000F79                     TXREG2          equ	3961	;# 
   891   000F7A                     RCREG2          equ	3962	;# 
   892   000F7B                     SPBRG2          equ	3963	;# 
   893   000F7C                     SPBRGH2         equ	3964	;# 
   894   000F7D                     SPBRGH1         equ	3965	;# 
   895   000F7E                     EECON2          equ	3966	;# 
   896   000F7F                     EECON1          equ	3967	;# 
   897   000F80                     PORTA           equ	3968	;# 
   898   000F81                     PORTB           equ	3969	;# 
   899   000F82                     PORTC           equ	3970	;# 
   900   000F84                     PORTE           equ	3972	;# 
   901   000F87                     TMR4            equ	3975	;# 
   902   000F88                     T4CON           equ	3976	;# 
   903   000F89                     LATA            equ	3977	;# 
   904   000F8A                     LATB            equ	3978	;# 
   905   000F8B                     LATC            equ	3979	;# 
   906   000F90                     SLRCON          equ	3984	;# 
   907   000F91                     ODCON           equ	3985	;# 
   908   000F92                     TRISA           equ	3986	;# 
   909   000F93                     TRISB           equ	3987	;# 
   910   000F94                     TRISC           equ	3988	;# 
   911   000F99                     CCPTMRS         equ	3993	;# 
   912   000F9A                     REFOCON         equ	3994	;# 
   913   000F9B                     OSCTUNE         equ	3995	;# 
   914   000F9C                     PSTR1CON        equ	3996	;# 
   915   000F9D                     PIE1            equ	3997	;# 
   916   000F9E                     PIR1            equ	3998	;# 
   917   000F9F                     IPR1            equ	3999	;# 
   918   000FA0                     PIE2            equ	4000	;# 
   919   000FA1                     PIR2            equ	4001	;# 
   920   000FA2                     IPR2            equ	4002	;# 
   921   000FA3                     PIE3            equ	4003	;# 
   922   000FA4                     PIR3            equ	4004	;# 
   923   000FA5                     IPR3            equ	4005	;# 
   924   000FA6                     RCSTA2          equ	4006	;# 
   925   000FA7                     BAUDCON1        equ	4007	;# 
   926   000FA8                     HLVDCON         equ	4008	;# 
   927   000FA9                     PR4             equ	4009	;# 
   928   000FAA                     T1GCON          equ	4010	;# 
   929   000FAB                     RCSTA1          equ	4011	;# 
   930   000FAB                     RCSTA           equ	4011	;# 
   931   000FAC                     TXSTA1          equ	4012	;# 
   932   000FAC                     TXSTA           equ	4012	;# 
   933   000FAD                     TXREG1          equ	4013	;# 
   934   000FAD                     TXREG           equ	4013	;# 
   935   000FAE                     RCREG1          equ	4014	;# 
   936   000FAE                     RCREG           equ	4014	;# 
   937   000FAF                     SPBRG1          equ	4015	;# 
   938   000FAF                     SPBRG           equ	4015	;# 
   939   000FB0                     T3GCON          equ	4016	;# 
   940   000FB1                     T3CON           equ	4017	;# 
   941   000FB2                     TMR3            equ	4018	;# 
   942   000FB2                     TMR3L           equ	4018	;# 
   943   000FB3                     TMR3H           equ	4019	;# 
   944   000FB4                     CMSTAT          equ	4020	;# 
   945   000FB4                     CMSTATUS        equ	4020	;# 
   946   000FB5                     CVRCON          equ	4021	;# 
   947   000FB6                     PIE4            equ	4022	;# 
   948   000FB7                     PIR4            equ	4023	;# 
   949   000FB8                     IPR4            equ	4024	;# 
   950   000FB9                     BAUDCON2        equ	4025	;# 
   951   000FBA                     TXSTA2          equ	4026	;# 
   952   000FBB                     CCP1CON         equ	4027	;# 
   953   000FBB                     ECCP1CON        equ	4027	;# 
   954   000FBC                     CCPR1           equ	4028	;# 
   955   000FBC                     CCPR1L          equ	4028	;# 
   956   000FBD                     CCPR1H          equ	4029	;# 
   957   000FBE                     ECCP1DEL        equ	4030	;# 
   958   000FBE                     PWM1CON         equ	4030	;# 
   959   000FBF                     ECCP1AS         equ	4031	;# 
   960   000FC0                     ADCON2          equ	4032	;# 
   961   000FC1                     ADCON1          equ	4033	;# 
   962   000FC2                     ADCON0          equ	4034	;# 
   963   000FC3                     ADRES           equ	4035	;# 
   964   000FC3                     ADRESL          equ	4035	;# 
   965   000FC4                     ADRESH          equ	4036	;# 
   966   000FC5                     SSPCON2         equ	4037	;# 
   967   000FC6                     SSPCON1         equ	4038	;# 
   968   000FC7                     SSPSTAT         equ	4039	;# 
   969   000FC8                     SSPADD          equ	4040	;# 
   970   000FC9                     SSPBUF          equ	4041	;# 
   971   000FCA                     T2CON           equ	4042	;# 
   972   000FCB                     PR2             equ	4043	;# 
   973   000FCB                     MEMCON          equ	4043	;# 
   974   000FCC                     TMR2            equ	4044	;# 
   975   000FCD                     T1CON           equ	4045	;# 
   976   000FCE                     TMR1            equ	4046	;# 
   977   000FCE                     TMR1L           equ	4046	;# 
   978   000FCF                     TMR1H           equ	4047	;# 
   979   000FD0                     RCON            equ	4048	;# 
   980   000FD1                     WDTCON          equ	4049	;# 
   981   000FD2                     OSCCON2         equ	4050	;# 
   982   000FD3                     OSCCON          equ	4051	;# 
   983   000FD5                     T0CON           equ	4053	;# 
   984   000FD6                     TMR0            equ	4054	;# 
   985   000FD6                     TMR0L           equ	4054	;# 
   986   000FD7                     TMR0H           equ	4055	;# 
   987   000FD8                     STATUS          equ	4056	;# 
   988   000FD9                     FSR2            equ	4057	;# 
   989   000FD9                     FSR2L           equ	4057	;# 
   990   000FDA                     FSR2H           equ	4058	;# 
   991   000FDB                     PLUSW2          equ	4059	;# 
   992   000FDC                     PREINC2         equ	4060	;# 
   993   000FDD                     POSTDEC2        equ	4061	;# 
   994   000FDE                     POSTINC2        equ	4062	;# 
   995   000FDF                     INDF2           equ	4063	;# 
   996   000FE0                     BSR             equ	4064	;# 
   997   000FE1                     FSR1            equ	4065	;# 
   998   000FE1                     FSR1L           equ	4065	;# 
   999   000FE2                     FSR1H           equ	4066	;# 
  1000   000FE3                     PLUSW1          equ	4067	;# 
  1001   000FE4                     PREINC1         equ	4068	;# 
  1002   000FE5                     POSTDEC1        equ	4069	;# 
  1003   000FE6                     POSTINC1        equ	4070	;# 
  1004   000FE7                     INDF1           equ	4071	;# 
  1005   000FE8                     WREG            equ	4072	;# 
  1006   000FE9                     FSR0            equ	4073	;# 
  1007   000FE9                     FSR0L           equ	4073	;# 
  1008   000FEA                     FSR0H           equ	4074	;# 
  1009   000FEB                     PLUSW0          equ	4075	;# 
  1010   000FEC                     PREINC0         equ	4076	;# 
  1011   000FED                     POSTDEC0        equ	4077	;# 
  1012   000FEE                     POSTINC0        equ	4078	;# 
  1013   000FEF                     INDF0           equ	4079	;# 
  1014   000FF0                     INTCON3         equ	4080	;# 
  1015   000FF1                     INTCON2         equ	4081	;# 
  1016   000FF2                     INTCON          equ	4082	;# 
  1017   000FF2                     INTCON1         equ	4082	;# 
  1018   000FF3                     PROD            equ	4083	;# 
  1019   000FF3                     PRODL           equ	4083	;# 
  1020   000FF4                     PRODH           equ	4084	;# 
  1021   000FF5                     TABLAT          equ	4085	;# 
  1022   000FF6                     TBLPTR          equ	4086	;# 
  1023   000FF6                     TBLPTRL         equ	4086	;# 
  1024   000FF7                     TBLPTRH         equ	4087	;# 
  1025   000FF8                     TBLPTRU         equ	4088	;# 
  1026   000FF9                     PCLAT           equ	4089	;# 
  1027   000FF9                     PC              equ	4089	;# 
  1028   000FF9                     PCL             equ	4089	;# 
  1029   000FFA                     PCLATH          equ	4090	;# 
  1030   000FFB                     PCLATU          equ	4091	;# 
  1031   000FFC                     STKPTR          equ	4092	;# 
  1032   000FFD                     TOS             equ	4093	;# 
  1033   000FFD                     TOSL            equ	4093	;# 
  1034   000FFE                     TOSH            equ	4094	;# 
  1035   000FFF                     TOSU            equ	4095	;# 
  1036   000E41                     RXERRCNT        equ	3649	;# 
  1037   000E42                     TXERRCNT        equ	3650	;# 
  1038   000E43                     BRGCON1         equ	3651	;# 
  1039   000E44                     BRGCON2         equ	3652	;# 
  1040   000E45                     BRGCON3         equ	3653	;# 
  1041   000E46                     RXFCON0         equ	3654	;# 
  1042   000E47                     RXFCON1         equ	3655	;# 
  1043   000E48                     RXF6SIDH        equ	3656	;# 
  1044   000E49                     RXF6SIDL        equ	3657	;# 
  1045   000E4A                     RXF6EIDH        equ	3658	;# 
  1046   000E4B                     RXF6EIDL        equ	3659	;# 
  1047   000E4C                     RXF7SIDH        equ	3660	;# 
  1048   000E4D                     RXF7SIDL        equ	3661	;# 
  1049   000E4E                     RXF7EIDH        equ	3662	;# 
  1050   000E4F                     RXF7EIDL        equ	3663	;# 
  1051   000E50                     RXF8SIDH        equ	3664	;# 
  1052   000E51                     RXF8SIDL        equ	3665	;# 
  1053   000E52                     RXF8EIDH        equ	3666	;# 
  1054   000E53                     RXF8EIDL        equ	3667	;# 
  1055   000E54                     RXF9SIDH        equ	3668	;# 
  1056   000E55                     RXF9SIDL        equ	3669	;# 
  1057   000E56                     RXF9EIDH        equ	3670	;# 
  1058   000E57                     RXF9EIDL        equ	3671	;# 
  1059   000E58                     RXF10SIDH       equ	3672	;# 
  1060   000E59                     RXF10SIDL       equ	3673	;# 
  1061   000E5A                     RXF10EIDH       equ	3674	;# 
  1062   000E5B                     RXF10EIDL       equ	3675	;# 
  1063   000E5C                     RXF11SIDH       equ	3676	;# 
  1064   000E5D                     RXF11SIDL       equ	3677	;# 
  1065   000E5E                     RXF11EIDH       equ	3678	;# 
  1066   000E5F                     RXF11EIDL       equ	3679	;# 
  1067   000E60                     RXF12SIDH       equ	3680	;# 
  1068   000E61                     RXF12SIDL       equ	3681	;# 
  1069   000E62                     RXF12EIDH       equ	3682	;# 
  1070   000E63                     RXF12EIDL       equ	3683	;# 
  1071   000E64                     RXF13SIDH       equ	3684	;# 
  1072   000E65                     RXF13SIDL       equ	3685	;# 
  1073   000E66                     RXF13EIDH       equ	3686	;# 
  1074   000E67                     RXF13EIDL       equ	3687	;# 
  1075   000E68                     RXF14SIDH       equ	3688	;# 
  1076   000E69                     RXF14SIDL       equ	3689	;# 
  1077   000E6A                     RXF14EIDH       equ	3690	;# 
  1078   000E6B                     RXF14EIDL       equ	3691	;# 
  1079   000E6C                     RXF15SIDH       equ	3692	;# 
  1080   000E6D                     RXF15SIDL       equ	3693	;# 
  1081   000E6E                     RXF15EIDH       equ	3694	;# 
  1082   000E6F                     RXF15EIDL       equ	3695	;# 
  1083   000E70                     SDFLC           equ	3696	;# 
  1084   000E71                     RXFBCON0        equ	3697	;# 
  1085   000E72                     RXFBCON1        equ	3698	;# 
  1086   000E73                     RXFBCON2        equ	3699	;# 
  1087   000E74                     RXFBCON3        equ	3700	;# 
  1088   000E75                     RXFBCON4        equ	3701	;# 
  1089   000E76                     RXFBCON5        equ	3702	;# 
  1090   000E77                     RXFBCON6        equ	3703	;# 
  1091   000E78                     RXFBCON7        equ	3704	;# 
  1092   000E79                     MSEL0           equ	3705	;# 
  1093   000E7A                     MSEL1           equ	3706	;# 
  1094   000E7B                     MSEL2           equ	3707	;# 
  1095   000E7C                     MSEL3           equ	3708	;# 
  1096   000E7D                     BSEL0           equ	3709	;# 
  1097   000E7E                     BIE0            equ	3710	;# 
  1098   000E7F                     TXBIE           equ	3711	;# 
  1099   000E80                     B0CON           equ	3712	;# 
  1100   000E81                     B0SIDH          equ	3713	;# 
  1101   000E82                     B0SIDL          equ	3714	;# 
  1102   000E83                     B0EIDH          equ	3715	;# 
  1103   000E84                     B0EIDL          equ	3716	;# 
  1104   000E85                     B0DLC           equ	3717	;# 
  1105   000E86                     B0D0            equ	3718	;# 
  1106   000E87                     B0D1            equ	3719	;# 
  1107   000E88                     B0D2            equ	3720	;# 
  1108   000E89                     B0D3            equ	3721	;# 
  1109   000E8A                     B0D4            equ	3722	;# 
  1110   000E8B                     B0D5            equ	3723	;# 
  1111   000E8C                     B0D6            equ	3724	;# 
  1112   000E8D                     B0D7            equ	3725	;# 
  1113   000E8E                     CANSTAT_RO9     equ	3726	;# 
  1114   000E8F                     CANCON_RO9      equ	3727	;# 
  1115   000E90                     B1CON           equ	3728	;# 
  1116   000E91                     B1SIDH          equ	3729	;# 
  1117   000E92                     B1SIDL          equ	3730	;# 
  1118   000E93                     B1EIDH          equ	3731	;# 
  1119   000E94                     B1EIDL          equ	3732	;# 
  1120   000E95                     B1DLC           equ	3733	;# 
  1121   000E96                     B1D0            equ	3734	;# 
  1122   000E97                     B1D1            equ	3735	;# 
  1123   000E98                     B1D2            equ	3736	;# 
  1124   000E99                     B1D3            equ	3737	;# 
  1125   000E9A                     B1D4            equ	3738	;# 
  1126   000E9B                     B1D5            equ	3739	;# 
  1127   000E9C                     B1D6            equ	3740	;# 
  1128   000E9D                     B1D7            equ	3741	;# 
  1129   000E9E                     CANSTAT_RO8     equ	3742	;# 
  1130   000E9F                     CANCON_RO8      equ	3743	;# 
  1131   000EA0                     B2CON           equ	3744	;# 
  1132   000EA1                     B2SIDH          equ	3745	;# 
  1133   000EA2                     B2SIDL          equ	3746	;# 
  1134   000EA3                     B2EIDH          equ	3747	;# 
  1135   000EA4                     B2EIDL          equ	3748	;# 
  1136   000EA5                     B2DLC           equ	3749	;# 
  1137   000EA6                     B2D0            equ	3750	;# 
  1138   000EA7                     B2D1            equ	3751	;# 
  1139   000EA8                     B2D2            equ	3752	;# 
  1140   000EA9                     B2D3            equ	3753	;# 
  1141   000EAA                     B2D4            equ	3754	;# 
  1142   000EAB                     B2D5            equ	3755	;# 
  1143   000EAC                     B2D6            equ	3756	;# 
  1144   000EAD                     B2D7            equ	3757	;# 
  1145   000EAE                     CANSTAT_RO7     equ	3758	;# 
  1146   000EAF                     CANCON_RO7      equ	3759	;# 
  1147   000EB0                     B3CON           equ	3760	;# 
  1148   000EB1                     B3SIDH          equ	3761	;# 
  1149   000EB2                     B3SIDL          equ	3762	;# 
  1150   000EB3                     B3EIDH          equ	3763	;# 
  1151   000EB4                     B3EIDL          equ	3764	;# 
  1152   000EB5                     B3DLC           equ	3765	;# 
  1153   000EB6                     B3D0            equ	3766	;# 
  1154   000EB7                     B3D1            equ	3767	;# 
  1155   000EB8                     B3D2            equ	3768	;# 
  1156   000EB9                     B3D3            equ	3769	;# 
  1157   000EBA                     B3D4            equ	3770	;# 
  1158   000EBB                     B3D5            equ	3771	;# 
  1159   000EBC                     B3D6            equ	3772	;# 
  1160   000EBD                     B3D7            equ	3773	;# 
  1161   000EBE                     CANSTAT_RO6     equ	3774	;# 
  1162   000EBF                     CANCON_RO6      equ	3775	;# 
  1163   000EC0                     B4CON           equ	3776	;# 
  1164   000EC1                     B4SIDH          equ	3777	;# 
  1165   000EC2                     B4SIDL          equ	3778	;# 
  1166   000EC3                     B4EIDH          equ	3779	;# 
  1167   000EC4                     B4EIDL          equ	3780	;# 
  1168   000EC5                     B4DLC           equ	3781	;# 
  1169   000EC6                     B4D0            equ	3782	;# 
  1170   000EC7                     B4D1            equ	3783	;# 
  1171   000EC8                     B4D2            equ	3784	;# 
  1172   000EC9                     B4D3            equ	3785	;# 
  1173   000ECA                     B4D4            equ	3786	;# 
  1174   000ECB                     B4D5            equ	3787	;# 
  1175   000ECC                     B4D6            equ	3788	;# 
  1176   000ECD                     B4D7            equ	3789	;# 
  1177   000ECE                     CANSTAT_RO5     equ	3790	;# 
  1178   000ECF                     CANCON_RO5      equ	3791	;# 
  1179   000ED0                     B5CON           equ	3792	;# 
  1180   000ED1                     B5SIDH          equ	3793	;# 
  1181   000ED2                     B5SIDL          equ	3794	;# 
  1182   000ED3                     B5EIDH          equ	3795	;# 
  1183   000ED4                     B5EIDL          equ	3796	;# 
  1184   000ED5                     B5DLC           equ	3797	;# 
  1185   000ED6                     B5D0            equ	3798	;# 
  1186   000ED7                     B5D1            equ	3799	;# 
  1187   000ED8                     B5D2            equ	3800	;# 
  1188   000ED9                     B5D3            equ	3801	;# 
  1189   000EDA                     B5D4            equ	3802	;# 
  1190   000EDB                     B5D5            equ	3803	;# 
  1191   000EDC                     B5D6            equ	3804	;# 
  1192   000EDD                     B5D7            equ	3805	;# 
  1193   000EDE                     CANSTAT_RO4     equ	3806	;# 
  1194   000EDF                     CANCON_RO4      equ	3807	;# 
  1195   000EE0                     RXF0SIDH        equ	3808	;# 
  1196   000EE1                     RXF0SIDL        equ	3809	;# 
  1197   000EE2                     RXF0EIDH        equ	3810	;# 
  1198   000EE3                     RXF0EIDL        equ	3811	;# 
  1199   000EE4                     RXF1SIDH        equ	3812	;# 
  1200   000EE5                     RXF1SIDL        equ	3813	;# 
  1201   000EE6                     RXF1EIDH        equ	3814	;# 
  1202   000EE7                     RXF1EIDL        equ	3815	;# 
  1203   000EE8                     RXF2SIDH        equ	3816	;# 
  1204   000EE9                     RXF2SIDL        equ	3817	;# 
  1205   000EEA                     RXF2EIDH        equ	3818	;# 
  1206   000EEB                     RXF2EIDL        equ	3819	;# 
  1207   000EEC                     RXF3SIDH        equ	3820	;# 
  1208   000EED                     RXF3SIDL        equ	3821	;# 
  1209   000EEE                     RXF3EIDH        equ	3822	;# 
  1210   000EEF                     RXF3EIDL        equ	3823	;# 
  1211   000EF0                     RXF4SIDH        equ	3824	;# 
  1212   000EF1                     RXF4SIDL        equ	3825	;# 
  1213   000EF2                     RXF4EIDH        equ	3826	;# 
  1214   000EF3                     RXF4EIDL        equ	3827	;# 
  1215   000EF4                     RXF5SIDH        equ	3828	;# 
  1216   000EF5                     RXF5SIDL        equ	3829	;# 
  1217   000EF6                     RXF5EIDH        equ	3830	;# 
  1218   000EF7                     RXF5EIDL        equ	3831	;# 
  1219   000EF8                     RXM0SIDH        equ	3832	;# 
  1220   000EF9                     RXM0SIDL        equ	3833	;# 
  1221   000EFA                     RXM0EIDH        equ	3834	;# 
  1222   000EFB                     RXM0EIDL        equ	3835	;# 
  1223   000EFC                     RXM1SIDH        equ	3836	;# 
  1224   000EFD                     RXM1SIDL        equ	3837	;# 
  1225   000EFE                     RXM1EIDH        equ	3838	;# 
  1226   000EFF                     RXM1EIDL        equ	3839	;# 
  1227   000F00                     TXB2CON         equ	3840	;# 
  1228   000F01                     TXB2SIDH        equ	3841	;# 
  1229   000F02                     TXB2SIDL        equ	3842	;# 
  1230   000F03                     TXB2EIDH        equ	3843	;# 
  1231   000F04                     TXB2EIDL        equ	3844	;# 
  1232   000F05                     TXB2DLC         equ	3845	;# 
  1233   000F06                     TXB2D0          equ	3846	;# 
  1234   000F07                     TXB2D1          equ	3847	;# 
  1235   000F08                     TXB2D2          equ	3848	;# 
  1236   000F09                     TXB2D3          equ	3849	;# 
  1237   000F0A                     TXB2D4          equ	3850	;# 
  1238   000F0B                     TXB2D5          equ	3851	;# 
  1239   000F0C                     TXB2D6          equ	3852	;# 
  1240   000F0D                     TXB2D7          equ	3853	;# 
  1241   000F0E                     CANSTAT_RO3     equ	3854	;# 
  1242   000F0F                     CANCON_RO3      equ	3855	;# 
  1243   000F10                     TXB1CON         equ	3856	;# 
  1244   000F11                     TXB1SIDH        equ	3857	;# 
  1245   000F12                     TXB1SIDL        equ	3858	;# 
  1246   000F13                     TXB1EIDH        equ	3859	;# 
  1247   000F14                     TXB1EIDL        equ	3860	;# 
  1248   000F15                     TXB1DLC         equ	3861	;# 
  1249   000F16                     TXB1D0          equ	3862	;# 
  1250   000F17                     TXB1D1          equ	3863	;# 
  1251   000F18                     TXB1D2          equ	3864	;# 
  1252   000F19                     TXB1D3          equ	3865	;# 
  1253   000F1A                     TXB1D4          equ	3866	;# 
  1254   000F1B                     TXB1D5          equ	3867	;# 
  1255   000F1C                     TXB1D6          equ	3868	;# 
  1256   000F1D                     TXB1D7          equ	3869	;# 
  1257   000F1E                     CANSTAT_RO2     equ	3870	;# 
  1258   000F1F                     CANCON_RO2      equ	3871	;# 
  1259   000F20                     TXB0CON         equ	3872	;# 
  1260   000F21                     TXB0SIDH        equ	3873	;# 
  1261   000F22                     TXB0SIDL        equ	3874	;# 
  1262   000F23                     TXB0EIDH        equ	3875	;# 
  1263   000F24                     TXB0EIDL        equ	3876	;# 
  1264   000F25                     TXB0DLC         equ	3877	;# 
  1265   000F26                     TXB0D0          equ	3878	;# 
  1266   000F27                     TXB0D1          equ	3879	;# 
  1267   000F28                     TXB0D2          equ	3880	;# 
  1268   000F29                     TXB0D3          equ	3881	;# 
  1269   000F2A                     TXB0D4          equ	3882	;# 
  1270   000F2B                     TXB0D5          equ	3883	;# 
  1271   000F2C                     TXB0D6          equ	3884	;# 
  1272   000F2D                     TXB0D7          equ	3885	;# 
  1273   000F2E                     CANSTAT_RO1     equ	3886	;# 
  1274   000F2F                     CANCON_RO1      equ	3887	;# 
  1275   000F30                     RXB1CON         equ	3888	;# 
  1276   000F31                     RXB1SIDH        equ	3889	;# 
  1277   000F32                     RXB1SIDL        equ	3890	;# 
  1278   000F33                     RXB1EIDH        equ	3891	;# 
  1279   000F34                     RXB1EIDL        equ	3892	;# 
  1280   000F35                     RXB1DLC         equ	3893	;# 
  1281   000F36                     RXB1D0          equ	3894	;# 
  1282   000F37                     RXB1D1          equ	3895	;# 
  1283   000F38                     RXB1D2          equ	3896	;# 
  1284   000F39                     RXB1D3          equ	3897	;# 
  1285   000F3A                     RXB1D4          equ	3898	;# 
  1286   000F3B                     RXB1D5          equ	3899	;# 
  1287   000F3C                     RXB1D6          equ	3900	;# 
  1288   000F3D                     RXB1D7          equ	3901	;# 
  1289   000F3E                     CANSTAT_RO0     equ	3902	;# 
  1290   000F3F                     CANCON_RO0      equ	3903	;# 
  1291   000F47                     CCP5CON         equ	3911	;# 
  1292   000F48                     CCPR5           equ	3912	;# 
  1293   000F48                     CCPR5L          equ	3912	;# 
  1294   000F49                     CCPR5H          equ	3913	;# 
  1295   000F4A                     CCP4CON         equ	3914	;# 
  1296   000F4B                     CCPR4           equ	3915	;# 
  1297   000F4B                     CCPR4L          equ	3915	;# 
  1298   000F4C                     CCPR4H          equ	3916	;# 
  1299   000F4D                     CCP3CON         equ	3917	;# 
  1300   000F4E                     CCPR3           equ	3918	;# 
  1301   000F4E                     CCPR3L          equ	3918	;# 
  1302   000F4F                     CCPR3H          equ	3919	;# 
  1303   000F50                     CCP2CON         equ	3920	;# 
  1304   000F50                     ECCP2CON        equ	3920	;# 
  1305   000F51                     CCPR2           equ	3921	;# 
  1306   000F51                     CCPR2L          equ	3921	;# 
  1307   000F52                     CCPR2H          equ	3922	;# 
  1308   000F53                     CTMUICON        equ	3923	;# 
  1309   000F54                     CTMUCONL        equ	3924	;# 
  1310   000F55                     CTMUCONH        equ	3925	;# 
  1311   000F56                     PADCFG1         equ	3926	;# 
  1312   000F57                     PMD2            equ	3927	;# 
  1313   000F58                     PMD1            equ	3928	;# 
  1314   000F59                     PMD0            equ	3929	;# 
  1315   000F5A                     IOCB            equ	3930	;# 
  1316   000F5B                     WPUB            equ	3931	;# 
  1317   000F5C                     ANCON1          equ	3932	;# 
  1318   000F5D                     ANCON0          equ	3933	;# 
  1319   000F5E                     CM2CON          equ	3934	;# 
  1320   000F5E                     CM2CON1         equ	3934	;# 
  1321   000F5F                     CM1CON          equ	3935	;# 
  1322   000F5F                     CM1CON1         equ	3935	;# 
  1323   000F60                     RXB0CON         equ	3936	;# 
  1324   000F61                     RXB0SIDH        equ	3937	;# 
  1325   000F62                     RXB0SIDL        equ	3938	;# 
  1326   000F63                     RXB0EIDH        equ	3939	;# 
  1327   000F64                     RXB0EIDL        equ	3940	;# 
  1328   000F65                     RXB0DLC         equ	3941	;# 
  1329   000F66                     RXB0D0          equ	3942	;# 
  1330   000F67                     RXB0D1          equ	3943	;# 
  1331   000F68                     RXB0D2          equ	3944	;# 
  1332   000F69                     RXB0D3          equ	3945	;# 
  1333   000F6A                     RXB0D4          equ	3946	;# 
  1334   000F6B                     RXB0D5          equ	3947	;# 
  1335   000F6C                     RXB0D6          equ	3948	;# 
  1336   000F6D                     RXB0D7          equ	3949	;# 
  1337   000F6E                     CANSTAT         equ	3950	;# 
  1338   000F6F                     CANCON          equ	3951	;# 
  1339   000F70                     CIOCON          equ	3952	;# 
  1340   000F71                     COMSTAT         equ	3953	;# 
  1341   000F72                     ECANCON         equ	3954	;# 
  1342   000F73                     EEDATA          equ	3955	;# 
  1343   000F74                     EEADR           equ	3956	;# 
  1344   000F75                     EEADRH          equ	3957	;# 
  1345   000F76                     PIE5            equ	3958	;# 
  1346   000F77                     PIR5            equ	3959	;# 
  1347   000F78                     IPR5            equ	3960	;# 
  1348   000F79                     TXREG2          equ	3961	;# 
  1349   000F7A                     RCREG2          equ	3962	;# 
  1350   000F7B                     SPBRG2          equ	3963	;# 
  1351   000F7C                     SPBRGH2         equ	3964	;# 
  1352   000F7D                     SPBRGH1         equ	3965	;# 
  1353   000F7E                     EECON2          equ	3966	;# 
  1354   000F7F                     EECON1          equ	3967	;# 
  1355   000F80                     PORTA           equ	3968	;# 
  1356   000F81                     PORTB           equ	3969	;# 
  1357   000F82                     PORTC           equ	3970	;# 
  1358   000F84                     PORTE           equ	3972	;# 
  1359   000F87                     TMR4            equ	3975	;# 
  1360   000F88                     T4CON           equ	3976	;# 
  1361   000F89                     LATA            equ	3977	;# 
  1362   000F8A                     LATB            equ	3978	;# 
  1363   000F8B                     LATC            equ	3979	;# 
  1364   000F90                     SLRCON          equ	3984	;# 
  1365   000F91                     ODCON           equ	3985	;# 
  1366   000F92                     TRISA           equ	3986	;# 
  1367   000F93                     TRISB           equ	3987	;# 
  1368   000F94                     TRISC           equ	3988	;# 
  1369   000F99                     CCPTMRS         equ	3993	;# 
  1370   000F9A                     REFOCON         equ	3994	;# 
  1371   000F9B                     OSCTUNE         equ	3995	;# 
  1372   000F9C                     PSTR1CON        equ	3996	;# 
  1373   000F9D                     PIE1            equ	3997	;# 
  1374   000F9E                     PIR1            equ	3998	;# 
  1375   000F9F                     IPR1            equ	3999	;# 
  1376   000FA0                     PIE2            equ	4000	;# 
  1377   000FA1                     PIR2            equ	4001	;# 
  1378   000FA2                     IPR2            equ	4002	;# 
  1379   000FA3                     PIE3            equ	4003	;# 
  1380   000FA4                     PIR3            equ	4004	;# 
  1381   000FA5                     IPR3            equ	4005	;# 
  1382   000FA6                     RCSTA2          equ	4006	;# 
  1383   000FA7                     BAUDCON1        equ	4007	;# 
  1384   000FA8                     HLVDCON         equ	4008	;# 
  1385   000FA9                     PR4             equ	4009	;# 
  1386   000FAA                     T1GCON          equ	4010	;# 
  1387   000FAB                     RCSTA1          equ	4011	;# 
  1388   000FAB                     RCSTA           equ	4011	;# 
  1389   000FAC                     TXSTA1          equ	4012	;# 
  1390   000FAC                     TXSTA           equ	4012	;# 
  1391   000FAD                     TXREG1          equ	4013	;# 
  1392   000FAD                     TXREG           equ	4013	;# 
  1393   000FAE                     RCREG1          equ	4014	;# 
  1394   000FAE                     RCREG           equ	4014	;# 
  1395   000FAF                     SPBRG1          equ	4015	;# 
  1396   000FAF                     SPBRG           equ	4015	;# 
  1397   000FB0                     T3GCON          equ	4016	;# 
  1398   000FB1                     T3CON           equ	4017	;# 
  1399   000FB2                     TMR3            equ	4018	;# 
  1400   000FB2                     TMR3L           equ	4018	;# 
  1401   000FB3                     TMR3H           equ	4019	;# 
  1402   000FB4                     CMSTAT          equ	4020	;# 
  1403   000FB4                     CMSTATUS        equ	4020	;# 
  1404   000FB5                     CVRCON          equ	4021	;# 
  1405   000FB6                     PIE4            equ	4022	;# 
  1406   000FB7                     PIR4            equ	4023	;# 
  1407   000FB8                     IPR4            equ	4024	;# 
  1408   000FB9                     BAUDCON2        equ	4025	;# 
  1409   000FBA                     TXSTA2          equ	4026	;# 
  1410   000FBB                     CCP1CON         equ	4027	;# 
  1411   000FBB                     ECCP1CON        equ	4027	;# 
  1412   000FBC                     CCPR1           equ	4028	;# 
  1413   000FBC                     CCPR1L          equ	4028	;# 
  1414   000FBD                     CCPR1H          equ	4029	;# 
  1415   000FBE                     ECCP1DEL        equ	4030	;# 
  1416   000FBE                     PWM1CON         equ	4030	;# 
  1417   000FBF                     ECCP1AS         equ	4031	;# 
  1418   000FC0                     ADCON2          equ	4032	;# 
  1419   000FC1                     ADCON1          equ	4033	;# 
  1420   000FC2                     ADCON0          equ	4034	;# 
  1421   000FC3                     ADRES           equ	4035	;# 
  1422   000FC3                     ADRESL          equ	4035	;# 
  1423   000FC4                     ADRESH          equ	4036	;# 
  1424   000FC5                     SSPCON2         equ	4037	;# 
  1425   000FC6                     SSPCON1         equ	4038	;# 
  1426   000FC7                     SSPSTAT         equ	4039	;# 
  1427   000FC8                     SSPADD          equ	4040	;# 
  1428   000FC9                     SSPBUF          equ	4041	;# 
  1429   000FCA                     T2CON           equ	4042	;# 
  1430   000FCB                     PR2             equ	4043	;# 
  1431   000FCB                     MEMCON          equ	4043	;# 
  1432   000FCC                     TMR2            equ	4044	;# 
  1433   000FCD                     T1CON           equ	4045	;# 
  1434   000FCE                     TMR1            equ	4046	;# 
  1435   000FCE                     TMR1L           equ	4046	;# 
  1436   000FCF                     TMR1H           equ	4047	;# 
  1437   000FD0                     RCON            equ	4048	;# 
  1438   000FD1                     WDTCON          equ	4049	;# 
  1439   000FD2                     OSCCON2         equ	4050	;# 
  1440   000FD3                     OSCCON          equ	4051	;# 
  1441   000FD5                     T0CON           equ	4053	;# 
  1442   000FD6                     TMR0            equ	4054	;# 
  1443   000FD6                     TMR0L           equ	4054	;# 
  1444   000FD7                     TMR0H           equ	4055	;# 
  1445   000FD8                     STATUS          equ	4056	;# 
  1446   000FD9                     FSR2            equ	4057	;# 
  1447   000FD9                     FSR2L           equ	4057	;# 
  1448   000FDA                     FSR2H           equ	4058	;# 
  1449   000FDB                     PLUSW2          equ	4059	;# 
  1450   000FDC                     PREINC2         equ	4060	;# 
  1451   000FDD                     POSTDEC2        equ	4061	;# 
  1452   000FDE                     POSTINC2        equ	4062	;# 
  1453   000FDF                     INDF2           equ	4063	;# 
  1454   000FE0                     BSR             equ	4064	;# 
  1455   000FE1                     FSR1            equ	4065	;# 
  1456   000FE1                     FSR1L           equ	4065	;# 
  1457   000FE2                     FSR1H           equ	4066	;# 
  1458   000FE3                     PLUSW1          equ	4067	;# 
  1459   000FE4                     PREINC1         equ	4068	;# 
  1460   000FE5                     POSTDEC1        equ	4069	;# 
  1461   000FE6                     POSTINC1        equ	4070	;# 
  1462   000FE7                     INDF1           equ	4071	;# 
  1463   000FE8                     WREG            equ	4072	;# 
  1464   000FE9                     FSR0            equ	4073	;# 
  1465   000FE9                     FSR0L           equ	4073	;# 
  1466   000FEA                     FSR0H           equ	4074	;# 
  1467   000FEB                     PLUSW0          equ	4075	;# 
  1468   000FEC                     PREINC0         equ	4076	;# 
  1469   000FED                     POSTDEC0        equ	4077	;# 
  1470   000FEE                     POSTINC0        equ	4078	;# 
  1471   000FEF                     INDF0           equ	4079	;# 
  1472   000FF0                     INTCON3         equ	4080	;# 
  1473   000FF1                     INTCON2         equ	4081	;# 
  1474   000FF2                     INTCON          equ	4082	;# 
  1475   000FF2                     INTCON1         equ	4082	;# 
  1476   000FF3                     PROD            equ	4083	;# 
  1477   000FF3                     PRODL           equ	4083	;# 
  1478   000FF4                     PRODH           equ	4084	;# 
  1479   000FF5                     TABLAT          equ	4085	;# 
  1480   000FF6                     TBLPTR          equ	4086	;# 
  1481   000FF6                     TBLPTRL         equ	4086	;# 
  1482   000FF7                     TBLPTRH         equ	4087	;# 
  1483   000FF8                     TBLPTRU         equ	4088	;# 
  1484   000FF9                     PCLAT           equ	4089	;# 
  1485   000FF9                     PC              equ	4089	;# 
  1486   000FF9                     PCL             equ	4089	;# 
  1487   000FFA                     PCLATH          equ	4090	;# 
  1488   000FFB                     PCLATU          equ	4091	;# 
  1489   000FFC                     STKPTR          equ	4092	;# 
  1490   000FFD                     TOS             equ	4093	;# 
  1491   000FFD                     TOSL            equ	4093	;# 
  1492   000FFE                     TOSH            equ	4094	;# 
  1493   000FFF                     TOSU            equ	4095	;# 
  1494   000E41                     RXERRCNT        equ	3649	;# 
  1495   000E42                     TXERRCNT        equ	3650	;# 
  1496   000E43                     BRGCON1         equ	3651	;# 
  1497   000E44                     BRGCON2         equ	3652	;# 
  1498   000E45                     BRGCON3         equ	3653	;# 
  1499   000E46                     RXFCON0         equ	3654	;# 
  1500   000E47                     RXFCON1         equ	3655	;# 
  1501   000E48                     RXF6SIDH        equ	3656	;# 
  1502   000E49                     RXF6SIDL        equ	3657	;# 
  1503   000E4A                     RXF6EIDH        equ	3658	;# 
  1504   000E4B                     RXF6EIDL        equ	3659	;# 
  1505   000E4C                     RXF7SIDH        equ	3660	;# 
  1506   000E4D                     RXF7SIDL        equ	3661	;# 
  1507   000E4E                     RXF7EIDH        equ	3662	;# 
  1508   000E4F                     RXF7EIDL        equ	3663	;# 
  1509   000E50                     RXF8SIDH        equ	3664	;# 
  1510   000E51                     RXF8SIDL        equ	3665	;# 
  1511   000E52                     RXF8EIDH        equ	3666	;# 
  1512   000E53                     RXF8EIDL        equ	3667	;# 
  1513   000E54                     RXF9SIDH        equ	3668	;# 
  1514   000E55                     RXF9SIDL        equ	3669	;# 
  1515   000E56                     RXF9EIDH        equ	3670	;# 
  1516   000E57                     RXF9EIDL        equ	3671	;# 
  1517   000E58                     RXF10SIDH       equ	3672	;# 
  1518   000E59                     RXF10SIDL       equ	3673	;# 
  1519   000E5A                     RXF10EIDH       equ	3674	;# 
  1520   000E5B                     RXF10EIDL       equ	3675	;# 
  1521   000E5C                     RXF11SIDH       equ	3676	;# 
  1522   000E5D                     RXF11SIDL       equ	3677	;# 
  1523   000E5E                     RXF11EIDH       equ	3678	;# 
  1524   000E5F                     RXF11EIDL       equ	3679	;# 
  1525   000E60                     RXF12SIDH       equ	3680	;# 
  1526   000E61                     RXF12SIDL       equ	3681	;# 
  1527   000E62                     RXF12EIDH       equ	3682	;# 
  1528   000E63                     RXF12EIDL       equ	3683	;# 
  1529   000E64                     RXF13SIDH       equ	3684	;# 
  1530   000E65                     RXF13SIDL       equ	3685	;# 
  1531   000E66                     RXF13EIDH       equ	3686	;# 
  1532   000E67                     RXF13EIDL       equ	3687	;# 
  1533   000E68                     RXF14SIDH       equ	3688	;# 
  1534   000E69                     RXF14SIDL       equ	3689	;# 
  1535   000E6A                     RXF14EIDH       equ	3690	;# 
  1536   000E6B                     RXF14EIDL       equ	3691	;# 
  1537   000E6C                     RXF15SIDH       equ	3692	;# 
  1538   000E6D                     RXF15SIDL       equ	3693	;# 
  1539   000E6E                     RXF15EIDH       equ	3694	;# 
  1540   000E6F                     RXF15EIDL       equ	3695	;# 
  1541   000E70                     SDFLC           equ	3696	;# 
  1542   000E71                     RXFBCON0        equ	3697	;# 
  1543   000E72                     RXFBCON1        equ	3698	;# 
  1544   000E73                     RXFBCON2        equ	3699	;# 
  1545   000E74                     RXFBCON3        equ	3700	;# 
  1546   000E75                     RXFBCON4        equ	3701	;# 
  1547   000E76                     RXFBCON5        equ	3702	;# 
  1548   000E77                     RXFBCON6        equ	3703	;# 
  1549   000E78                     RXFBCON7        equ	3704	;# 
  1550   000E79                     MSEL0           equ	3705	;# 
  1551   000E7A                     MSEL1           equ	3706	;# 
  1552   000E7B                     MSEL2           equ	3707	;# 
  1553   000E7C                     MSEL3           equ	3708	;# 
  1554   000E7D                     BSEL0           equ	3709	;# 
  1555   000E7E                     BIE0            equ	3710	;# 
  1556   000E7F                     TXBIE           equ	3711	;# 
  1557   000E80                     B0CON           equ	3712	;# 
  1558   000E81                     B0SIDH          equ	3713	;# 
  1559   000E82                     B0SIDL          equ	3714	;# 
  1560   000E83                     B0EIDH          equ	3715	;# 
  1561   000E84                     B0EIDL          equ	3716	;# 
  1562   000E85                     B0DLC           equ	3717	;# 
  1563   000E86                     B0D0            equ	3718	;# 
  1564   000E87                     B0D1            equ	3719	;# 
  1565   000E88                     B0D2            equ	3720	;# 
  1566   000E89                     B0D3            equ	3721	;# 
  1567   000E8A                     B0D4            equ	3722	;# 
  1568   000E8B                     B0D5            equ	3723	;# 
  1569   000E8C                     B0D6            equ	3724	;# 
  1570   000E8D                     B0D7            equ	3725	;# 
  1571   000E8E                     CANSTAT_RO9     equ	3726	;# 
  1572   000E8F                     CANCON_RO9      equ	3727	;# 
  1573   000E90                     B1CON           equ	3728	;# 
  1574   000E91                     B1SIDH          equ	3729	;# 
  1575   000E92                     B1SIDL          equ	3730	;# 
  1576   000E93                     B1EIDH          equ	3731	;# 
  1577   000E94                     B1EIDL          equ	3732	;# 
  1578   000E95                     B1DLC           equ	3733	;# 
  1579   000E96                     B1D0            equ	3734	;# 
  1580   000E97                     B1D1            equ	3735	;# 
  1581   000E98                     B1D2            equ	3736	;# 
  1582   000E99                     B1D3            equ	3737	;# 
  1583   000E9A                     B1D4            equ	3738	;# 
  1584   000E9B                     B1D5            equ	3739	;# 
  1585   000E9C                     B1D6            equ	3740	;# 
  1586   000E9D                     B1D7            equ	3741	;# 
  1587   000E9E                     CANSTAT_RO8     equ	3742	;# 
  1588   000E9F                     CANCON_RO8      equ	3743	;# 
  1589   000EA0                     B2CON           equ	3744	;# 
  1590   000EA1                     B2SIDH          equ	3745	;# 
  1591   000EA2                     B2SIDL          equ	3746	;# 
  1592   000EA3                     B2EIDH          equ	3747	;# 
  1593   000EA4                     B2EIDL          equ	3748	;# 
  1594   000EA5                     B2DLC           equ	3749	;# 
  1595   000EA6                     B2D0            equ	3750	;# 
  1596   000EA7                     B2D1            equ	3751	;# 
  1597   000EA8                     B2D2            equ	3752	;# 
  1598   000EA9                     B2D3            equ	3753	;# 
  1599   000EAA                     B2D4            equ	3754	;# 
  1600   000EAB                     B2D5            equ	3755	;# 
  1601   000EAC                     B2D6            equ	3756	;# 
  1602   000EAD                     B2D7            equ	3757	;# 
  1603   000EAE                     CANSTAT_RO7     equ	3758	;# 
  1604   000EAF                     CANCON_RO7      equ	3759	;# 
  1605   000EB0                     B3CON           equ	3760	;# 
  1606   000EB1                     B3SIDH          equ	3761	;# 
  1607   000EB2                     B3SIDL          equ	3762	;# 
  1608   000EB3                     B3EIDH          equ	3763	;# 
  1609   000EB4                     B3EIDL          equ	3764	;# 
  1610   000EB5                     B3DLC           equ	3765	;# 
  1611   000EB6                     B3D0            equ	3766	;# 
  1612   000EB7                     B3D1            equ	3767	;# 
  1613   000EB8                     B3D2            equ	3768	;# 
  1614   000EB9                     B3D3            equ	3769	;# 
  1615   000EBA                     B3D4            equ	3770	;# 
  1616   000EBB                     B3D5            equ	3771	;# 
  1617   000EBC                     B3D6            equ	3772	;# 
  1618   000EBD                     B3D7            equ	3773	;# 
  1619   000EBE                     CANSTAT_RO6     equ	3774	;# 
  1620   000EBF                     CANCON_RO6      equ	3775	;# 
  1621   000EC0                     B4CON           equ	3776	;# 
  1622   000EC1                     B4SIDH          equ	3777	;# 
  1623   000EC2                     B4SIDL          equ	3778	;# 
  1624   000EC3                     B4EIDH          equ	3779	;# 
  1625   000EC4                     B4EIDL          equ	3780	;# 
  1626   000EC5                     B4DLC           equ	3781	;# 
  1627   000EC6                     B4D0            equ	3782	;# 
  1628   000EC7                     B4D1            equ	3783	;# 
  1629   000EC8                     B4D2            equ	3784	;# 
  1630   000EC9                     B4D3            equ	3785	;# 
  1631   000ECA                     B4D4            equ	3786	;# 
  1632   000ECB                     B4D5            equ	3787	;# 
  1633   000ECC                     B4D6            equ	3788	;# 
  1634   000ECD                     B4D7            equ	3789	;# 
  1635   000ECE                     CANSTAT_RO5     equ	3790	;# 
  1636   000ECF                     CANCON_RO5      equ	3791	;# 
  1637   000ED0                     B5CON           equ	3792	;# 
  1638   000ED1                     B5SIDH          equ	3793	;# 
  1639   000ED2                     B5SIDL          equ	3794	;# 
  1640   000ED3                     B5EIDH          equ	3795	;# 
  1641   000ED4                     B5EIDL          equ	3796	;# 
  1642   000ED5                     B5DLC           equ	3797	;# 
  1643   000ED6                     B5D0            equ	3798	;# 
  1644   000ED7                     B5D1            equ	3799	;# 
  1645   000ED8                     B5D2            equ	3800	;# 
  1646   000ED9                     B5D3            equ	3801	;# 
  1647   000EDA                     B5D4            equ	3802	;# 
  1648   000EDB                     B5D5            equ	3803	;# 
  1649   000EDC                     B5D6            equ	3804	;# 
  1650   000EDD                     B5D7            equ	3805	;# 
  1651   000EDE                     CANSTAT_RO4     equ	3806	;# 
  1652   000EDF                     CANCON_RO4      equ	3807	;# 
  1653   000EE0                     RXF0SIDH        equ	3808	;# 
  1654   000EE1                     RXF0SIDL        equ	3809	;# 
  1655   000EE2                     RXF0EIDH        equ	3810	;# 
  1656   000EE3                     RXF0EIDL        equ	3811	;# 
  1657   000EE4                     RXF1SIDH        equ	3812	;# 
  1658   000EE5                     RXF1SIDL        equ	3813	;# 
  1659   000EE6                     RXF1EIDH        equ	3814	;# 
  1660   000EE7                     RXF1EIDL        equ	3815	;# 
  1661   000EE8                     RXF2SIDH        equ	3816	;# 
  1662   000EE9                     RXF2SIDL        equ	3817	;# 
  1663   000EEA                     RXF2EIDH        equ	3818	;# 
  1664   000EEB                     RXF2EIDL        equ	3819	;# 
  1665   000EEC                     RXF3SIDH        equ	3820	;# 
  1666   000EED                     RXF3SIDL        equ	3821	;# 
  1667   000EEE                     RXF3EIDH        equ	3822	;# 
  1668   000EEF                     RXF3EIDL        equ	3823	;# 
  1669   000EF0                     RXF4SIDH        equ	3824	;# 
  1670   000EF1                     RXF4SIDL        equ	3825	;# 
  1671   000EF2                     RXF4EIDH        equ	3826	;# 
  1672   000EF3                     RXF4EIDL        equ	3827	;# 
  1673   000EF4                     RXF5SIDH        equ	3828	;# 
  1674   000EF5                     RXF5SIDL        equ	3829	;# 
  1675   000EF6                     RXF5EIDH        equ	3830	;# 
  1676   000EF7                     RXF5EIDL        equ	3831	;# 
  1677   000EF8                     RXM0SIDH        equ	3832	;# 
  1678   000EF9                     RXM0SIDL        equ	3833	;# 
  1679   000EFA                     RXM0EIDH        equ	3834	;# 
  1680   000EFB                     RXM0EIDL        equ	3835	;# 
  1681   000EFC                     RXM1SIDH        equ	3836	;# 
  1682   000EFD                     RXM1SIDL        equ	3837	;# 
  1683   000EFE                     RXM1EIDH        equ	3838	;# 
  1684   000EFF                     RXM1EIDL        equ	3839	;# 
  1685   000F00                     TXB2CON         equ	3840	;# 
  1686   000F01                     TXB2SIDH        equ	3841	;# 
  1687   000F02                     TXB2SIDL        equ	3842	;# 
  1688   000F03                     TXB2EIDH        equ	3843	;# 
  1689   000F04                     TXB2EIDL        equ	3844	;# 
  1690   000F05                     TXB2DLC         equ	3845	;# 
  1691   000F06                     TXB2D0          equ	3846	;# 
  1692   000F07                     TXB2D1          equ	3847	;# 
  1693   000F08                     TXB2D2          equ	3848	;# 
  1694   000F09                     TXB2D3          equ	3849	;# 
  1695   000F0A                     TXB2D4          equ	3850	;# 
  1696   000F0B                     TXB2D5          equ	3851	;# 
  1697   000F0C                     TXB2D6          equ	3852	;# 
  1698   000F0D                     TXB2D7          equ	3853	;# 
  1699   000F0E                     CANSTAT_RO3     equ	3854	;# 
  1700   000F0F                     CANCON_RO3      equ	3855	;# 
  1701   000F10                     TXB1CON         equ	3856	;# 
  1702   000F11                     TXB1SIDH        equ	3857	;# 
  1703   000F12                     TXB1SIDL        equ	3858	;# 
  1704   000F13                     TXB1EIDH        equ	3859	;# 
  1705   000F14                     TXB1EIDL        equ	3860	;# 
  1706   000F15                     TXB1DLC         equ	3861	;# 
  1707   000F16                     TXB1D0          equ	3862	;# 
  1708   000F17                     TXB1D1          equ	3863	;# 
  1709   000F18                     TXB1D2          equ	3864	;# 
  1710   000F19                     TXB1D3          equ	3865	;# 
  1711   000F1A                     TXB1D4          equ	3866	;# 
  1712   000F1B                     TXB1D5          equ	3867	;# 
  1713   000F1C                     TXB1D6          equ	3868	;# 
  1714   000F1D                     TXB1D7          equ	3869	;# 
  1715   000F1E                     CANSTAT_RO2     equ	3870	;# 
  1716   000F1F                     CANCON_RO2      equ	3871	;# 
  1717   000F20                     TXB0CON         equ	3872	;# 
  1718   000F21                     TXB0SIDH        equ	3873	;# 
  1719   000F22                     TXB0SIDL        equ	3874	;# 
  1720   000F23                     TXB0EIDH        equ	3875	;# 
  1721   000F24                     TXB0EIDL        equ	3876	;# 
  1722   000F25                     TXB0DLC         equ	3877	;# 
  1723   000F26                     TXB0D0          equ	3878	;# 
  1724   000F27                     TXB0D1          equ	3879	;# 
  1725   000F28                     TXB0D2          equ	3880	;# 
  1726   000F29                     TXB0D3          equ	3881	;# 
  1727   000F2A                     TXB0D4          equ	3882	;# 
  1728   000F2B                     TXB0D5          equ	3883	;# 
  1729   000F2C                     TXB0D6          equ	3884	;# 
  1730   000F2D                     TXB0D7          equ	3885	;# 
  1731   000F2E                     CANSTAT_RO1     equ	3886	;# 
  1732   000F2F                     CANCON_RO1      equ	3887	;# 
  1733   000F30                     RXB1CON         equ	3888	;# 
  1734   000F31                     RXB1SIDH        equ	3889	;# 
  1735   000F32                     RXB1SIDL        equ	3890	;# 
  1736   000F33                     RXB1EIDH        equ	3891	;# 
  1737   000F34                     RXB1EIDL        equ	3892	;# 
  1738   000F35                     RXB1DLC         equ	3893	;# 
  1739   000F36                     RXB1D0          equ	3894	;# 
  1740   000F37                     RXB1D1          equ	3895	;# 
  1741   000F38                     RXB1D2          equ	3896	;# 
  1742   000F39                     RXB1D3          equ	3897	;# 
  1743   000F3A                     RXB1D4          equ	3898	;# 
  1744   000F3B                     RXB1D5          equ	3899	;# 
  1745   000F3C                     RXB1D6          equ	3900	;# 
  1746   000F3D                     RXB1D7          equ	3901	;# 
  1747   000F3E                     CANSTAT_RO0     equ	3902	;# 
  1748   000F3F                     CANCON_RO0      equ	3903	;# 
  1749   000F47                     CCP5CON         equ	3911	;# 
  1750   000F48                     CCPR5           equ	3912	;# 
  1751   000F48                     CCPR5L          equ	3912	;# 
  1752   000F49                     CCPR5H          equ	3913	;# 
  1753   000F4A                     CCP4CON         equ	3914	;# 
  1754   000F4B                     CCPR4           equ	3915	;# 
  1755   000F4B                     CCPR4L          equ	3915	;# 
  1756   000F4C                     CCPR4H          equ	3916	;# 
  1757   000F4D                     CCP3CON         equ	3917	;# 
  1758   000F4E                     CCPR3           equ	3918	;# 
  1759   000F4E                     CCPR3L          equ	3918	;# 
  1760   000F4F                     CCPR3H          equ	3919	;# 
  1761   000F50                     CCP2CON         equ	3920	;# 
  1762   000F50                     ECCP2CON        equ	3920	;# 
  1763   000F51                     CCPR2           equ	3921	;# 
  1764   000F51                     CCPR2L          equ	3921	;# 
  1765   000F52                     CCPR2H          equ	3922	;# 
  1766   000F53                     CTMUICON        equ	3923	;# 
  1767   000F54                     CTMUCONL        equ	3924	;# 
  1768   000F55                     CTMUCONH        equ	3925	;# 
  1769   000F56                     PADCFG1         equ	3926	;# 
  1770   000F57                     PMD2            equ	3927	;# 
  1771   000F58                     PMD1            equ	3928	;# 
  1772   000F59                     PMD0            equ	3929	;# 
  1773   000F5A                     IOCB            equ	3930	;# 
  1774   000F5B                     WPUB            equ	3931	;# 
  1775   000F5C                     ANCON1          equ	3932	;# 
  1776   000F5D                     ANCON0          equ	3933	;# 
  1777   000F5E                     CM2CON          equ	3934	;# 
  1778   000F5E                     CM2CON1         equ	3934	;# 
  1779   000F5F                     CM1CON          equ	3935	;# 
  1780   000F5F                     CM1CON1         equ	3935	;# 
  1781   000F60                     RXB0CON         equ	3936	;# 
  1782   000F61                     RXB0SIDH        equ	3937	;# 
  1783   000F62                     RXB0SIDL        equ	3938	;# 
  1784   000F63                     RXB0EIDH        equ	3939	;# 
  1785   000F64                     RXB0EIDL        equ	3940	;# 
  1786   000F65                     RXB0DLC         equ	3941	;# 
  1787   000F66                     RXB0D0          equ	3942	;# 
  1788   000F67                     RXB0D1          equ	3943	;# 
  1789   000F68                     RXB0D2          equ	3944	;# 
  1790   000F69                     RXB0D3          equ	3945	;# 
  1791   000F6A                     RXB0D4          equ	3946	;# 
  1792   000F6B                     RXB0D5          equ	3947	;# 
  1793   000F6C                     RXB0D6          equ	3948	;# 
  1794   000F6D                     RXB0D7          equ	3949	;# 
  1795   000F6E                     CANSTAT         equ	3950	;# 
  1796   000F6F                     CANCON          equ	3951	;# 
  1797   000F70                     CIOCON          equ	3952	;# 
  1798   000F71                     COMSTAT         equ	3953	;# 
  1799   000F72                     ECANCON         equ	3954	;# 
  1800   000F73                     EEDATA          equ	3955	;# 
  1801   000F74                     EEADR           equ	3956	;# 
  1802   000F75                     EEADRH          equ	3957	;# 
  1803   000F76                     PIE5            equ	3958	;# 
  1804   000F77                     PIR5            equ	3959	;# 
  1805   000F78                     IPR5            equ	3960	;# 
  1806   000F79                     TXREG2          equ	3961	;# 
  1807   000F7A                     RCREG2          equ	3962	;# 
  1808   000F7B                     SPBRG2          equ	3963	;# 
  1809   000F7C                     SPBRGH2         equ	3964	;# 
  1810   000F7D                     SPBRGH1         equ	3965	;# 
  1811   000F7E                     EECON2          equ	3966	;# 
  1812   000F7F                     EECON1          equ	3967	;# 
  1813   000F80                     PORTA           equ	3968	;# 
  1814   000F81                     PORTB           equ	3969	;# 
  1815   000F82                     PORTC           equ	3970	;# 
  1816   000F84                     PORTE           equ	3972	;# 
  1817   000F87                     TMR4            equ	3975	;# 
  1818   000F88                     T4CON           equ	3976	;# 
  1819   000F89                     LATA            equ	3977	;# 
  1820   000F8A                     LATB            equ	3978	;# 
  1821   000F8B                     LATC            equ	3979	;# 
  1822   000F90                     SLRCON          equ	3984	;# 
  1823   000F91                     ODCON           equ	3985	;# 
  1824   000F92                     TRISA           equ	3986	;# 
  1825   000F93                     TRISB           equ	3987	;# 
  1826   000F94                     TRISC           equ	3988	;# 
  1827   000F99                     CCPTMRS         equ	3993	;# 
  1828   000F9A                     REFOCON         equ	3994	;# 
  1829   000F9B                     OSCTUNE         equ	3995	;# 
  1830   000F9C                     PSTR1CON        equ	3996	;# 
  1831   000F9D                     PIE1            equ	3997	;# 
  1832   000F9E                     PIR1            equ	3998	;# 
  1833   000F9F                     IPR1            equ	3999	;# 
  1834   000FA0                     PIE2            equ	4000	;# 
  1835   000FA1                     PIR2            equ	4001	;# 
  1836   000FA2                     IPR2            equ	4002	;# 
  1837   000FA3                     PIE3            equ	4003	;# 
  1838   000FA4                     PIR3            equ	4004	;# 
  1839   000FA5                     IPR3            equ	4005	;# 
  1840   000FA6                     RCSTA2          equ	4006	;# 
  1841   000FA7                     BAUDCON1        equ	4007	;# 
  1842   000FA8                     HLVDCON         equ	4008	;# 
  1843   000FA9                     PR4             equ	4009	;# 
  1844   000FAA                     T1GCON          equ	4010	;# 
  1845   000FAB                     RCSTA1          equ	4011	;# 
  1846   000FAB                     RCSTA           equ	4011	;# 
  1847   000FAC                     TXSTA1          equ	4012	;# 
  1848   000FAC                     TXSTA           equ	4012	;# 
  1849   000FAD                     TXREG1          equ	4013	;# 
  1850   000FAD                     TXREG           equ	4013	;# 
  1851   000FAE                     RCREG1          equ	4014	;# 
  1852   000FAE                     RCREG           equ	4014	;# 
  1853   000FAF                     SPBRG1          equ	4015	;# 
  1854   000FAF                     SPBRG           equ	4015	;# 
  1855   000FB0                     T3GCON          equ	4016	;# 
  1856   000FB1                     T3CON           equ	4017	;# 
  1857   000FB2                     TMR3            equ	4018	;# 
  1858   000FB2                     TMR3L           equ	4018	;# 
  1859   000FB3                     TMR3H           equ	4019	;# 
  1860   000FB4                     CMSTAT          equ	4020	;# 
  1861   000FB4                     CMSTATUS        equ	4020	;# 
  1862   000FB5                     CVRCON          equ	4021	;# 
  1863   000FB6                     PIE4            equ	4022	;# 
  1864   000FB7                     PIR4            equ	4023	;# 
  1865   000FB8                     IPR4            equ	4024	;# 
  1866   000FB9                     BAUDCON2        equ	4025	;# 
  1867   000FBA                     TXSTA2          equ	4026	;# 
  1868   000FBB                     CCP1CON         equ	4027	;# 
  1869   000FBB                     ECCP1CON        equ	4027	;# 
  1870   000FBC                     CCPR1           equ	4028	;# 
  1871   000FBC                     CCPR1L          equ	4028	;# 
  1872   000FBD                     CCPR1H          equ	4029	;# 
  1873   000FBE                     ECCP1DEL        equ	4030	;# 
  1874   000FBE                     PWM1CON         equ	4030	;# 
  1875   000FBF                     ECCP1AS         equ	4031	;# 
  1876   000FC0                     ADCON2          equ	4032	;# 
  1877   000FC1                     ADCON1          equ	4033	;# 
  1878   000FC2                     ADCON0          equ	4034	;# 
  1879   000FC3                     ADRES           equ	4035	;# 
  1880   000FC3                     ADRESL          equ	4035	;# 
  1881   000FC4                     ADRESH          equ	4036	;# 
  1882   000FC5                     SSPCON2         equ	4037	;# 
  1883   000FC6                     SSPCON1         equ	4038	;# 
  1884   000FC7                     SSPSTAT         equ	4039	;# 
  1885   000FC8                     SSPADD          equ	4040	;# 
  1886   000FC9                     SSPBUF          equ	4041	;# 
  1887   000FCA                     T2CON           equ	4042	;# 
  1888   000FCB                     PR2             equ	4043	;# 
  1889   000FCB                     MEMCON          equ	4043	;# 
  1890   000FCC                     TMR2            equ	4044	;# 
  1891   000FCD                     T1CON           equ	4045	;# 
  1892   000FCE                     TMR1            equ	4046	;# 
  1893   000FCE                     TMR1L           equ	4046	;# 
  1894   000FCF                     TMR1H           equ	4047	;# 
  1895   000FD0                     RCON            equ	4048	;# 
  1896   000FD1                     WDTCON          equ	4049	;# 
  1897   000FD2                     OSCCON2         equ	4050	;# 
  1898   000FD3                     OSCCON          equ	4051	;# 
  1899   000FD5                     T0CON           equ	4053	;# 
  1900   000FD6                     TMR0            equ	4054	;# 
  1901   000FD6                     TMR0L           equ	4054	;# 
  1902   000FD7                     TMR0H           equ	4055	;# 
  1903   000FD8                     STATUS          equ	4056	;# 
  1904   000FD9                     FSR2            equ	4057	;# 
  1905   000FD9                     FSR2L           equ	4057	;# 
  1906   000FDA                     FSR2H           equ	4058	;# 
  1907   000FDB                     PLUSW2          equ	4059	;# 
  1908   000FDC                     PREINC2         equ	4060	;# 
  1909   000FDD                     POSTDEC2        equ	4061	;# 
  1910   000FDE                     POSTINC2        equ	4062	;# 
  1911   000FDF                     INDF2           equ	4063	;# 
  1912   000FE0                     BSR             equ	4064	;# 
  1913   000FE1                     FSR1            equ	4065	;# 
  1914   000FE1                     FSR1L           equ	4065	;# 
  1915   000FE2                     FSR1H           equ	4066	;# 
  1916   000FE3                     PLUSW1          equ	4067	;# 
  1917   000FE4                     PREINC1         equ	4068	;# 
  1918   000FE5                     POSTDEC1        equ	4069	;# 
  1919   000FE6                     POSTINC1        equ	4070	;# 
  1920   000FE7                     INDF1           equ	4071	;# 
  1921   000FE8                     WREG            equ	4072	;# 
  1922   000FE9                     FSR0            equ	4073	;# 
  1923   000FE9                     FSR0L           equ	4073	;# 
  1924   000FEA                     FSR0H           equ	4074	;# 
  1925   000FEB                     PLUSW0          equ	4075	;# 
  1926   000FEC                     PREINC0         equ	4076	;# 
  1927   000FED                     POSTDEC0        equ	4077	;# 
  1928   000FEE                     POSTINC0        equ	4078	;# 
  1929   000FEF                     INDF0           equ	4079	;# 
  1930   000FF0                     INTCON3         equ	4080	;# 
  1931   000FF1                     INTCON2         equ	4081	;# 
  1932   000FF2                     INTCON          equ	4082	;# 
  1933   000FF2                     INTCON1         equ	4082	;# 
  1934   000FF3                     PROD            equ	4083	;# 
  1935   000FF3                     PRODL           equ	4083	;# 
  1936   000FF4                     PRODH           equ	4084	;# 
  1937   000FF5                     TABLAT          equ	4085	;# 
  1938   000FF6                     TBLPTR          equ	4086	;# 
  1939   000FF6                     TBLPTRL         equ	4086	;# 
  1940   000FF7                     TBLPTRH         equ	4087	;# 
  1941   000FF8                     TBLPTRU         equ	4088	;# 
  1942   000FF9                     PCLAT           equ	4089	;# 
  1943   000FF9                     PC              equ	4089	;# 
  1944   000FF9                     PCL             equ	4089	;# 
  1945   000FFA                     PCLATH          equ	4090	;# 
  1946   000FFB                     PCLATU          equ	4091	;# 
  1947   000FFC                     STKPTR          equ	4092	;# 
  1948   000FFD                     TOS             equ	4093	;# 
  1949   000FFD                     TOSL            equ	4093	;# 
  1950   000FFE                     TOSH            equ	4094	;# 
  1951   000FFF                     TOSU            equ	4095	;# 
  1952   000F5C                     _ANCON1         set	3932
  1953   000F5D                     _ANCON0         set	3933
  1954   000FF6                     _TBLPTR         set	4086
  1955   000F82                     _PORTCbits      set	3970
  1956   000FB2                     _TMR3L          set	4018
  1957   000FB3                     _TMR3H          set	4019
  1958   000FA1                     _PIR2bits       set	4001
  1959   000FB0                     _T3GCONbits     set	4016
  1960   000FB1                     _T3CONbits      set	4017
  1961   000FA2                     _IPR2bits       set	4002
  1962   000FA0                     _PIE2bits       set	4000
  1963   000F7F                     _EECON1         set	3967
  1964   000FF5                     _TABLAT         set	4085
  1965   000F7E                     _EECON2         set	3966
  1966   000F73                     _EEDATA         set	3955
  1967   000F74                     _EEADR          set	3956
  1968   000F75                     _EEADRH         set	3957
  1969   000F7F                     _EECON1bits     set	3967
  1970   000FF8                     _TBLPTRU        set	4088
  1971   000FF1                     _INTCON2bits    set	4081
  1972   000FD6                     _TMR0L          set	4054
  1973   000FD7                     _TMR0H          set	4055
  1974   000FD5                     _T0CONbits      set	4053
  1975   000FD5                     _T0CON          set	4053
  1976   000F80                     _PORTAbits      set	3968
  1977   000F92                     _TRISA          set	3986
  1978   000FD0                     _RCONbits       set	4048
  1979   000FF2                     _INTCONbits     set	4082
  1980   000F8B                     _LATCbits       set	3979
  1981   000F8A                     _LATBbits       set	3978
  1982   000F94                     _TRISC          set	3988
  1983   000F93                     _TRISB          set	3987
  1984   007DBE                     _EEIF           set	32190
  1985                           
  1986                           ; #config settings
  1987                           
  1988                           	psect	cinit
  1989   00228C                     __pcinit:
  1990                           	callstack 0
  1991   00228C                     start_initialization:
  1992                           	callstack 0
  1993   00228C                     __initialization:
  1994                           	callstack 0
  1995                           
  1996                           ; Clear objects allocated to BANK1 (205 bytes)
  1997   00228C  EE01  F000         	lfsr	0,__pbssBANK1
  1998   002290  0ECD               	movlw	205
  1999   002292                     clear_0:
  2000   002292  6AEE               	clrf	postinc0,c
  2001   002294  06E8               	decf	wreg,f,c
  2002   002296  E1FD               	bnz	clear_0
  2003                           
  2004                           ; Clear objects allocated to BANK0 (90 bytes)
  2005   002298  EE00  F060         	lfsr	0,__pbssBANK0
  2006   00229C  0E5A               	movlw	90
  2007   00229E                     clear_1:
  2008   00229E  6AEE               	clrf	postinc0,c
  2009   0022A0  06E8               	decf	wreg,f,c
  2010   0022A2  E1FD               	bnz	clear_1
  2011                           
  2012                           ; Clear objects allocated to COMRAM (7 bytes)
  2013   0022A4  EE00  F052         	lfsr	0,__pbssCOMRAM
  2014   0022A8  0E07               	movlw	7
  2015   0022AA                     clear_2:
  2016   0022AA  6AEE               	clrf	postinc0,c
  2017   0022AC  06E8               	decf	wreg,f,c
  2018   0022AE  E1FD               	bnz	clear_2
  2019   0022B0                     end_of_initialization:
  2020                           	callstack 0
  2021   0022B0                     __end_of__initialization:
  2022                           	callstack 0
  2023   0022B0  9059               	bcf	int$flags,0,c	;clear compiler interrupt flag (level 1)
  2024   0022B2  9259               	bcf	int$flags,1,c	;clear compiler interrupt flag (level 2)
  2025   0022B4  0E00               	movlw	low (__Lmediumconst shr (0+16))
  2026   0022B6  6EF8               	movwf	tblptru,c
  2027   0022B8  0100               	movlb	0
  2028   0022BA  EFC1  F010         	goto	_main	;jump to C main() function
  2029                           
  2030                           	psect	bssCOMRAM
  2031   000052                     __pbssCOMRAM:
  2032                           	callstack 0
  2033   000052                     _flashBlock:
  2034                           	callstack 0
  2035   000052                     	ds	2
  2036   000054                     _half_pwm:
  2037                           	callstack 0
  2038   000054                     	ds	1
  2039   000055                     _flashFlags:
  2040                           	callstack 0
  2041   000055                     	ds	1
  2042   000056                     _timerExtension2:
  2043                           	callstack 0
  2044   000056                     	ds	1
  2045   000057                     _timerExtension1:
  2046                           	callstack 0
  2047   000057                     	ds	1
  2048   000058                     _configState:
  2049                           	callstack 0
  2050   000058                     	ds	1
  2051                           
  2052                           	psect	bssBANK0
  2053   000060                     __pbssBANK0:
  2054                           	callstack 0
  2055   000060                     _flashBuffer:
  2056                           	callstack 0
  2057   000060                     	ds	64
  2058   0000A0                     _code2_hash:
  2059                           	callstack 0
  2060   0000A0                     	ds	4
  2061   0000A4                     _code1_hash:
  2062                           	callstack 0
  2063   0000A4                     	ds	4
  2064   0000A8                     _onTime:
  2065                           	callstack 0
  2066   0000A8                     	ds	4
  2067   0000AC                     _ir_results:
  2068                           	callstack 0
  2069   0000AC                     	ds	14
  2070                           
  2071                           	psect	bssBANK1
  2072   000100                     __pbssBANK1:
  2073                           	callstack 0
  2074   000100                     _irparams:
  2075                           	callstack 0
  2076   000100                     	ds	205
  2077                           
  2078                           	psect	cstackBANK0
  2079   0000BA                     __pcstackBANK0:
  2080                           	callstack 0
  2081   0000BA                     ??_loop:
  2082                           
  2083                           ; 1 bytes @ 0x0
  2084   0000BA                     	ds	4
  2085   0000BE                     loop@ready:
  2086                           	callstack 0
  2087                           
  2088                           ; 1 bytes @ 0x4
  2089   0000BE                     	ds	1
  2090   0000BF                     main@t1:
  2091                           	callstack 0
  2092                           
  2093                           ; 1 bytes @ 0x5
  2094   0000BF                     	ds	1
  2095   0000C0                     main@t2:
  2096                           	callstack 0
  2097                           
  2098                           ; 1 bytes @ 0x6
  2099   0000C0                     	ds	1
  2100   0000C1                     main@i:
  2101                           	callstack 0
  2102                           
  2103                           ; 1 bytes @ 0x7
  2104   0000C1                     	ds	1
  2105                           
  2106                           	psect	cstackCOMRAM
  2107   000001                     __pcstackCOMRAM:
  2108                           	callstack 0
  2109   000001                     ir_interruptService@irdata:
  2110                           	callstack 0
  2111   000001                     
  2112                           ; 1 bytes @ 0x0
  2113   000001                     	ds	1
  2114   000002                     ??_isrHigh:
  2115                           
  2116                           ; 1 bytes @ 0x1
  2117   000002                     	ds	2
  2118   000004                     ??_isrLow:
  2119                           
  2120                           ; 1 bytes @ 0x3
  2121   000004                     	ds	3
  2122   000007                     ?_tickGet:
  2123                           	callstack 0
  2124   000007                     ?___lmul:
  2125                           	callstack 0
  2126   000007                     ?___xxtofl:
  2127                           	callstack 0
  2128   000007                     initTicker@priority:
  2129                           	callstack 0
  2130   000007                     EEPROM_Read@index:
  2131                           	callstack 0
  2132   000007                     EEPROM_WriteNoVerify@index:
  2133                           	callstack 0
  2134   000007                     ___lmul@multiplier:
  2135                           	callstack 0
  2136   000007                     ___xxtofl@val:
  2137                           	callstack 0
  2138   000007                     
  2139                           ; 1 bytes @ 0x6
  2140   000007                     	ds	1
  2141   000008                     initTicker@divider:
  2142                           	callstack 0
  2143                           
  2144                           ; 1 bytes @ 0x7
  2145   000008                     	ds	1
  2146   000009                     ?_loadCode:
  2147                           	callstack 0
  2148   000009                     initTicker@i:
  2149                           	callstack 0
  2150   000009                     EEPROM_WriteNoVerify@value:
  2151                           	callstack 0
  2152   000009                     
  2153                           ; 1 bytes @ 0x8
  2154   000009                     	ds	1
  2155   00000A                     ??_EEPROM_WriteNoVerify:
  2156                           
  2157                           ; 1 bytes @ 0x9
  2158   00000A                     	ds	1
  2159   00000B                     tickGet@IntFlag2:
  2160                           	callstack 0
  2161   00000B                     EEPROM_WriteNoVerify@interruptEnabled:
  2162                           	callstack 0
  2163   00000B                     ___lmul@multiplicand:
  2164                           	callstack 0
  2165   00000B                     ??___xxtofl:
  2166                           
  2167                           ; 1 bytes @ 0xA
  2168   00000B                     	ds	1
  2169   00000C                     tickGet@IntFlag1:
  2170                           	callstack 0
  2171   00000C                     EEPROM_Write@index:
  2172                           	callstack 0
  2173                           
  2174                           ; 2 bytes @ 0xB
  2175   00000C                     	ds	1
  2176   00000D                     tickGet@currentTime:
  2177                           	callstack 0
  2178   00000D                     ??_loadCode:
  2179                           
  2180                           ; 1 bytes @ 0xC
  2181   00000D                     	ds	1
  2182   00000E                     EEPROM_Write@value:
  2183                           	callstack 0
  2184                           
  2185                           ; 1 bytes @ 0xD
  2186   00000E                     	ds	1
  2187   00000F                     ___xxtofl@sign:
  2188                           	callstack 0
  2189   00000F                     saveCode@code:
  2190                           	callstack 0
  2191   00000F                     ___lmul@product:
  2192                           	callstack 0
  2193   00000F                     
  2194                           ; 1 bytes @ 0xE
  2195   00000F                     	ds	1
  2196   000010                     ___xxtofl@exp:
  2197                           	callstack 0
  2198                           
  2199                           ; 1 bytes @ 0xF
  2200   000010                     	ds	1
  2201   000011                     loadCode@codeNo:
  2202                           	callstack 0
  2203   000011                     ___xxtofl@arg:
  2204                           	callstack 0
  2205                           
  2206                           ; 4 bytes @ 0x10
  2207   000011                     	ds	1
  2208   000012                     loadCode@res:
  2209                           	callstack 0
  2210                           
  2211                           ; 4 bytes @ 0x11
  2212   000012                     	ds	1
  2213   000013                     ??_saveCode:
  2214                           
  2215                           ; 1 bytes @ 0x12
  2216   000013                     	ds	2
  2217   000015                     ?___flmul:
  2218                           	callstack 0
  2219   000015                     ___flmul@b:
  2220                           	callstack 0
  2221                           
  2222                           ; 4 bytes @ 0x14
  2223   000015                     	ds	1
  2224   000016                     
  2225                           ; 1 bytes @ 0x15
  2226   000016                     	ds	1
  2227   000017                     saveCode@codeNo:
  2228                           	callstack 0
  2229                           
  2230                           ; 1 bytes @ 0x16
  2231   000017                     	ds	2
  2232   000019                     ___flmul@a:
  2233                           	callstack 0
  2234                           
  2235                           ; 4 bytes @ 0x18
  2236   000019                     	ds	4
  2237   00001D                     ??___flmul:
  2238                           
  2239                           ; 1 bytes @ 0x1C
  2240   00001D                     	ds	4
  2241   000021                     ___flmul@sign:
  2242                           	callstack 0
  2243                           
  2244                           ; 1 bytes @ 0x20
  2245   000021                     	ds	1
  2246   000022                     ___flmul@aexp:
  2247                           	callstack 0
  2248                           
  2249                           ; 1 bytes @ 0x21
  2250   000022                     	ds	1
  2251   000023                     ___flmul@grs:
  2252                           	callstack 0
  2253                           
  2254                           ; 4 bytes @ 0x22
  2255   000023                     	ds	4
  2256   000027                     ___flmul@bexp:
  2257                           	callstack 0
  2258                           
  2259                           ; 1 bytes @ 0x26
  2260   000027                     	ds	1
  2261   000028                     ___flmul@prod:
  2262                           	callstack 0
  2263                           
  2264                           ; 4 bytes @ 0x27
  2265   000028                     	ds	4
  2266   00002C                     ___flmul@temp:
  2267                           	callstack 0
  2268                           
  2269                           ; 2 bytes @ 0x2B
  2270   00002C                     	ds	2
  2271   00002E                     ___flge@ff1:
  2272                           	callstack 0
  2273                           
  2274                           ; 4 bytes @ 0x2D
  2275   00002E                     	ds	4
  2276   000032                     ___flge@ff2:
  2277                           	callstack 0
  2278                           
  2279                           ; 4 bytes @ 0x31
  2280   000032                     	ds	4
  2281   000036                     ??___flge:
  2282                           
  2283                           ; 1 bytes @ 0x35
  2284   000036                     	ds	4
  2285   00003A                     ir_compare@oldval:
  2286                           	callstack 0
  2287                           
  2288                           ; 2 bytes @ 0x39
  2289   00003A                     	ds	2
  2290   00003C                     ir_compare@newval:
  2291                           	callstack 0
  2292                           
  2293                           ; 2 bytes @ 0x3B
  2294   00003C                     	ds	2
  2295   00003E                     ?_ir_decodeHash:
  2296                           	callstack 0
  2297   00003E                     ir_decodeHash@results:
  2298                           	callstack 0
  2299   00003E                     
  2300                           ; 1 bytes @ 0x3D
  2301   00003E                     	ds	4
  2302   000042                     ??_ir_decodeHash:
  2303                           
  2304                           ; 1 bytes @ 0x41
  2305   000042                     	ds	8
  2306   00004A                     ir_decodeHash@value:
  2307                           	callstack 0
  2308                           
  2309                           ; 1 bytes @ 0x49
  2310   00004A                     	ds	1
  2311   00004B                     ir_decodeHash@hash:
  2312                           	callstack 0
  2313                           
  2314                           ; 4 bytes @ 0x4A
  2315   00004B                     	ds	4
  2316   00004F                     ir_decodeHash@i:
  2317                           	callstack 0
  2318                           
  2319                           ; 2 bytes @ 0x4E
  2320   00004F                     	ds	2
  2321   000051                     ir_decode@results:
  2322                           	callstack 0
  2323                           
  2324                           ; 1 bytes @ 0x50
  2325   000051                     	ds	1
  2326   000052                     
  2327                           ; 1 bytes @ 0x51
  2328 ;;
  2329 ;;Main: autosize = 0, tempsize = 0, incstack = 0, save=0
  2330 ;;
  2331 ;; *************** function _main *****************
  2332 ;; Defined at:
  2333 ;;		line 127 in file "IRswitchMain.c"
  2334 ;; Parameters:    Size  Location     Type
  2335 ;;		None
  2336 ;; Auto vars:     Size  Location     Type
  2337 ;;  i               1    7[BANK0 ] unsigned char 
  2338 ;;  t2              1    6[BANK0 ] unsigned char 
  2339 ;;  t1              1    5[BANK0 ] unsigned char 
  2340 ;; Return value:  Size  Location     Type
  2341 ;;                  1    wreg      void 
  2342 ;; Registers used:
  2343 ;;		wreg, fsr2l, fsr2h, status,2, status,0, prodl, prodh, cstack
  2344 ;; Tracked objects:
  2345 ;;		On entry : 0/0
  2346 ;;		On exit  : 0/0
  2347 ;;		Unchanged: 0/0
  2348 ;; Data sizes:     COMRAM   BANK0   BANK1   BANK2   BANK3   BANK4   BANK5   BANK6   BANK7   BANK8   BANK9  BANK10  BANK1
      +1  BANK12  BANK13  BANK14
  2349 ;;      Params:         0       0       0       0       0       0       0       0       0       0       0       0       
      +0       0       0       0
  2350 ;;      Locals:         0       3       0       0       0       0       0       0       0       0       0       0       
      +0       0       0       0
  2351 ;;      Temps:          0       0       0       0       0       0       0       0       0       0       0       0       
      +0       0       0       0
  2352 ;;      Totals:         0       3       0       0       0       0       0       0       0       0       0       0       
      +0       0       0       0
  2353 ;;Total ram usage:        3 bytes
  2354 ;; Hardware stack levels required when called: 10
  2355 ;; This function calls:
  2356 ;;		_loop
  2357 ;;		_setup
  2358 ;; This function is called by:
  2359 ;;		Startup code after reset
  2360 ;; This function uses a non-reentrant model
  2361 ;;
  2362                           
  2363                           	psect	text0
  2364   002182                     __ptext0:
  2365                           	callstack 0
  2366   002182                     _main:
  2367                           	callstack 21
  2368   002182                     
  2369                           ;IRswitchMain.c: 128:                         configState = CONFIG_CODE1;;IRswitchMain.c
      +                          : 133:                     break;
  2370   002182  6A93               	clrf	147,c	;volatile
  2371                           
  2372                           ;IRswitchMain.c: 134:             }
  2373   002184  6A94               	clrf	148,c	;volatile
  2374                           
  2375                           ;IRswitchMain.c: 135:             ir_resume();
  2376   002186  8C8A               	bsf	138,6,c	;volatile
  2377                           
  2378                           ;IRswitchMain.c: 136:         }
  2379   002188  8E8A               	bsf	138,7,c	;volatile
  2380                           
  2381                           ;IRswitchMain.c: 137:     } else {
  2382   00218A  8E8B               	bsf	139,7,c	;volatile
  2383                           
  2384                           ;IRswitchMain.c: 139:         {LATBbits.LATB6 = 0;};
  2385   00218C  0100               	movlb	0	; () banked
  2386   00218E  6BBF               	clrf	main@t1& (0+255),b
  2387   002190                     l63:
  2388                           
  2389                           ; BSR set to: 0
  2390                           ;IRswitchMain.c: 140:         {LATBbits.LATB7 = 0;};
  2391   002190  6BC0               	clrf	main@t2& (0+255),b
  2392   002192                     l65:
  2393                           
  2394                           ; BSR set to: 0
  2395                           ;IRswitchMain.c: 141:         if (ready == 1) {
  2396   002192  6BC1               	clrf	main@i& (0+255),b
  2397   002194                     l67:
  2398                           
  2399                           ; BSR set to: 0
  2400                           ;IRswitchMain.c: 143:                 {LATCbits.LATC6 = 1;};
  2401   002194  948A               	bcf	138,2,c	;volatile
  2402   002196                     
  2403                           ; BSR set to: 0
  2404                           ;IRswitchMain.c: 144:                 {LATCbits.LATC5 = 0;};
  2405   002196  2BC1               	incf	main@i& (0+255),f,b
  2406   002198                     
  2407                           ; BSR set to: 0
  2408   002198  29C1               	incf	main@i& (0+255),w,b
  2409   00219A  A4D8               	btfss	status,2,c
  2410   00219C  EFD2  F010         	goto	u2671
  2411   0021A0  EFD4  F010         	goto	u2670
  2412   0021A4                     u2671:
  2413   0021A4  EFCA  F010         	goto	l67
  2414   0021A8                     u2670:
  2415   0021A8                     
  2416                           ; BSR set to: 0
  2417                           ;IRswitchMain.c: 145:                 onTime.val = tickGet();
  2418   0021A8  2BC0               	incf	main@t2& (0+255),f,b
  2419   0021AA                     
  2420                           ; BSR set to: 0
  2421   0021AA  29C0               	incf	main@t2& (0+255),w,b
  2422   0021AC  A4D8               	btfss	status,2,c
  2423   0021AE  EFDB  F010         	goto	u2681
  2424   0021B2  EFDD  F010         	goto	u2680
  2425   0021B6                     u2681:
  2426   0021B6  EFC9  F010         	goto	l65
  2427   0021BA                     u2680:
  2428   0021BA                     
  2429                           ; BSR set to: 0
  2430                           ;IRswitchMain.c: 146:                 {LATBbits.LATB2 = 1;};
  2431   0021BA  2BBF               	incf	main@t1& (0+255),f,b
  2432   0021BC                     
  2433                           ; BSR set to: 0
  2434   0021BC  0E3F               	movlw	63
  2435   0021BE  65BF               	cpfsgt	main@t1& (0+255),b
  2436   0021C0  EFE4  F010         	goto	u2691
  2437   0021C4  EFE6  F010         	goto	u2690
  2438   0021C8                     u2691:
  2439   0021C8  EFC8  F010         	goto	l63
  2440   0021CC                     u2690:
  2441   0021CC                     
  2442                           ; BSR set to: 0
  2443                           ;IRswitchMain.c: 147:             }
  2444   0021CC  EC8F  F010         	call	_setup	;wreg free
  2445   0021D0                     l3404:
  2446                           
  2447                           ;IRswitchMain.c: 150:                 {LATCbits.LATC6 = 0;};
  2448   0021D0  EC14  F00A         	call	_loop	;wreg free
  2449   0021D4  EFE8  F010         	goto	l3404
  2450   0021D8  EF0E  F000         	goto	start
  2451   0021DC                     __end_of_main:
  2452                           	callstack 0
  2453                           
  2454 ;; *************** function _setup *****************
  2455 ;; Defined at:
  2456 ;;		line 155 in file "IRswitchMain.c"
  2457 ;; Parameters:    Size  Location     Type
  2458 ;;		None
  2459 ;; Auto vars:     Size  Location     Type
  2460 ;;		None
  2461 ;; Return value:  Size  Location     Type
  2462 ;;                  1    wreg      void 
  2463 ;; Registers used:
  2464 ;;		wreg, status,2, status,0, prodl, prodh, cstack
  2465 ;; Tracked objects:
  2466 ;;		On entry : 0/0
  2467 ;;		On exit  : 0/0
  2468 ;;		Unchanged: 0/0
  2469 ;; Data sizes:     COMRAM   BANK0   BANK1   BANK2   BANK3   BANK4   BANK5   BANK6   BANK7   BANK8   BANK9  BANK10  BANK1
      +1  BANK12  BANK13  BANK14
  2470 ;;      Params:         0       0       0       0       0       0       0       0       0       0       0       0       
      +0       0       0       0
  2471 ;;      Locals:         0       0       0       0       0       0       0       0       0       0       0       0       
      +0       0       0       0
  2472 ;;      Temps:          0       0       0       0       0       0       0       0       0       0       0       0       
      +0       0       0       0
  2473 ;;      Totals:         0       0       0       0       0       0       0       0       0       0       0       0       
      +0       0       0       0
  2474 ;;Total ram usage:        0 bytes
  2475 ;; Hardware stack levels used: 1
  2476 ;; Hardware stack levels required when called: 8
  2477 ;; This function calls:
  2478 ;;		_initRomOps
  2479 ;;		_initTicker
  2480 ;;		_ir_enableIRIn
  2481 ;;		_loadCode
  2482 ;; This function is called by:
  2483 ;;		_main
  2484 ;; This function uses a non-reentrant model
  2485 ;;
  2486                           
  2487                           	psect	text1
  2488   00211E                     __ptext1:
  2489                           	callstack 0
  2490   00211E                     _setup:
  2491                           	callstack 22
  2492   00211E                     
  2493                           ;IRswitchMain.c: 157:     }
  2494   00211E  9CF2               	bcf	242,6,c	;volatile
  2495   002120  9EF2               	bcf	242,7,c	;volatile
  2496                           
  2497                           ;IRswitchMain.c: 158:     if ((tickGet() - onTime.val) > 4*(62500*5)) {
  2498   002122  8ED0               	bsf	208,7,c	;volatile
  2499   002124                     
  2500                           ;IRswitchMain.c: 160:         {LATCbits.LATC5 = 0;};
  2501   002124  0E00               	movlw	0
  2502   002126  ECEE  F010         	call	_initTicker
  2503   00212A                     
  2504                           ;IRswitchMain.c: 161:     }
  2505   00212A  ECB1  F011         	call	_initRomOps	;wreg free
  2506   00212E                     
  2507                           ;IRswitchMain.c: 163: 
  2508   00212E  010F               	movlb	15	; () banked
  2509   002130  6B5D               	clrf	93,b	;volatile
  2510   002132                     
  2511                           ; BSR set to: 15
  2512                           ;IRswitchMain.c: 164: 
  2513   002132  6B5C               	clrf	92,b	;volatile
  2514   002134                     
  2515                           ; BSR set to: 15
  2516                           ;IRswitchMain.c: 168: 
  2517   002134  0E04               	movlw	4
  2518   002136  6E92               	movwf	146,c	;volatile
  2519   002138                     
  2520                           ; BSR set to: 15
  2521                           ;IRswitchMain.c: 169: unsigned long loadCode(uint8_t codeNo) {
  2522   002138  6A93               	clrf	147,c	;volatile
  2523   00213A                     
  2524                           ; BSR set to: 15
  2525                           ;IRswitchMain.c: 170:     unsigned long res;
  2526   00213A  0E01               	movlw	1
  2527   00213C  6E94               	movwf	148,c	;volatile
  2528   00213E                     
  2529                           ; BSR set to: 15
  2530                           ;IRswitchMain.c: 172:     res = res << 8;
  2531   00213E  9C8A               	bcf	138,6,c	;volatile
  2532   002140                     
  2533                           ; BSR set to: 15
  2534                           ;IRswitchMain.c: 173:     res |= EEPROM_Read(1 + 4*codeNo);
  2535   002140  9E8A               	bcf	138,7,c	;volatile
  2536   002142                     
  2537                           ; BSR set to: 15
  2538                           ;IRswitchMain.c: 174:     res = res << 8;
  2539   002142  9C8B               	bcf	139,6,c	;volatile
  2540   002144                     
  2541                           ; BSR set to: 15
  2542                           ;IRswitchMain.c: 175:     res |= EEPROM_Read(2 + 4*codeNo);
  2543   002144  9A8B               	bcf	139,5,c	;volatile
  2544   002146                     
  2545                           ; BSR set to: 15
  2546                           ;IRswitchMain.c: 176:     res = res << 8;
  2547   002146  9E8B               	bcf	139,7,c	;volatile
  2548   002148                     
  2549                           ; BSR set to: 15
  2550                           ;IRswitchMain.c: 177:     res |= EEPROM_Read(3 + 4*codeNo);
  2551   002148  948A               	bcf	138,2,c	;volatile
  2552   00214A                     
  2553                           ; BSR set to: 15
  2554                           ;IRswitchMain.c: 180: 
  2555   00214A  EC8A  F011         	call	_ir_enableIRIn	;wreg free
  2556   00214E                     
  2557                           ;IRswitchMain.c: 183: 
  2558   00214E  6A58               	clrf	_configState^0,c
  2559   002150                     
  2560                           ;IRswitchMain.c: 186: void saveCode(uint8_t codeNo, unsigned long code) {
  2561   002150  0E00               	movlw	0
  2562   002152  EC2A  F00F         	call	_loadCode
  2563   002156  C009  F0A4         	movff	?_loadCode,_code1_hash
  2564   00215A  C00A  F0A5         	movff	?_loadCode+1,_code1_hash+1
  2565   00215E  C00B  F0A6         	movff	?_loadCode+2,_code1_hash+2
  2566   002162  C00C  F0A7         	movff	?_loadCode+3,_code1_hash+3
  2567   002166                     
  2568                           ;IRswitchMain.c: 187:     EEPROM_Write(3 + 4*codeNo, code & 0xFF);
  2569   002166  0E01               	movlw	1
  2570   002168  EC2A  F00F         	call	_loadCode
  2571   00216C  C009  F0A0         	movff	?_loadCode,_code2_hash
  2572   002170  C00A  F0A1         	movff	?_loadCode+1,_code2_hash+1
  2573   002174  C00B  F0A2         	movff	?_loadCode+2,_code2_hash+2
  2574   002178  C00C  F0A3         	movff	?_loadCode+3,_code2_hash+3
  2575   00217C                     
  2576                           ;IRswitchMain.c: 188:     code = code >> 8;
  2577   00217C  8CF2               	bsf	242,6,c	;volatile
  2578   00217E  8EF2               	bsf	242,7,c	;volatile
  2579   002180  0012               	return		;funcret
  2580   002182                     __end_of_setup:
  2581                           	callstack 0
  2582                           
  2583 ;; *************** function _loadCode *****************
  2584 ;; Defined at:
  2585 ;;		line 273 in file "IRswitchMain.c"
  2586 ;; Parameters:    Size  Location     Type
  2587 ;;  codeNo          1    wreg     unsigned char 
  2588 ;; Auto vars:     Size  Location     Type
  2589 ;;  codeNo          1   16[COMRAM] unsigned char 
  2590 ;;  res             4   17[COMRAM] unsigned long 
  2591 ;; Return value:  Size  Location     Type
  2592 ;;                  4    8[COMRAM] unsigned long 
  2593 ;; Registers used:
  2594 ;;		wreg, status,2, status,0, prodl, prodh, cstack
  2595 ;; Tracked objects:
  2596 ;;		On entry : 0/0
  2597 ;;		On exit  : 0/0
  2598 ;;		Unchanged: 0/0
  2599 ;; Data sizes:     COMRAM   BANK0   BANK1   BANK2   BANK3   BANK4   BANK5   BANK6   BANK7   BANK8   BANK9  BANK10  BANK1
      +1  BANK12  BANK13  BANK14
  2600 ;;      Params:         4       0       0       0       0       0       0       0       0       0       0       0       
      +0       0       0       0
  2601 ;;      Locals:         5       0       0       0       0       0       0       0       0       0       0       0       
      +0       0       0       0
  2602 ;;      Temps:          4       0       0       0       0       0       0       0       0       0       0       0       
      +0       0       0       0
  2603 ;;      Totals:        13       0       0       0       0       0       0       0       0       0       0       0       
      +0       0       0       0
  2604 ;;Total ram usage:       13 bytes
  2605 ;; Hardware stack levels used: 1
  2606 ;; Hardware stack levels required when called: 6
  2607 ;; This function calls:
  2608 ;;		_EEPROM_Read
  2609 ;; This function is called by:
  2610 ;;		_setup
  2611 ;; This function uses a non-reentrant model
  2612 ;;
  2613                           
  2614                           	psect	text2
  2615   001E54                     __ptext2:
  2616                           	callstack 0
  2617   001E54                     _loadCode:
  2618                           	callstack 23
  2619                           
  2620                           ;incstack = 0
  2621                           ;loadCode@codeNo stored from wreg
  2622   001E54  6E11               	movwf	loadCode@codeNo^0,c
  2623   001E56  5011               	movf	loadCode@codeNo^0,w,c
  2624   001E58  0D04               	mullw	4
  2625   001E5A  CFF3 F007          	movff	prodl,EEPROM_Read@index
  2626   001E5E  CFF4 F008          	movff	prodh,EEPROM_Read@index+1
  2627   001E62  EC5F  F011         	call	_EEPROM_Read	;wreg free
  2628   001E66  6E0D               	movwf	??_loadCode^0,c
  2629   001E68  500D               	movf	??_loadCode^0,w,c
  2630   001E6A  6E12               	movwf	loadCode@res^0,c
  2631   001E6C  6A13               	clrf	(loadCode@res+1)^0,c
  2632   001E6E  6A14               	clrf	(loadCode@res+2)^0,c
  2633   001E70  6A15               	clrf	(loadCode@res+3)^0,c
  2634   001E72  C012  F00E         	movff	loadCode@res,??_loadCode+1
  2635   001E76  C013  F00F         	movff	loadCode@res+1,??_loadCode+2
  2636   001E7A  C014  F010         	movff	loadCode@res+2,??_loadCode+3
  2637   001E7E  6A0D               	clrf	??_loadCode^0,c
  2638   001E80  C00D  F012         	movff	??_loadCode,loadCode@res
  2639   001E84  C00E  F013         	movff	??_loadCode+1,loadCode@res+1
  2640   001E88  C00F  F014         	movff	??_loadCode+2,loadCode@res+2
  2641   001E8C  C010  F015         	movff	??_loadCode+3,loadCode@res+3
  2642   001E90  5011               	movf	loadCode@codeNo^0,w,c
  2643   001E92  6E0D               	movwf	??_loadCode^0,c
  2644   001E94  6A0E               	clrf	(??_loadCode+1)^0,c
  2645   001E96  90D8               	bcf	status,0,c
  2646   001E98  360D               	rlcf	??_loadCode^0,f,c
  2647   001E9A  360E               	rlcf	(??_loadCode+1)^0,f,c
  2648   001E9C  90D8               	bcf	status,0,c
  2649   001E9E  360D               	rlcf	??_loadCode^0,f,c
  2650   001EA0  360E               	rlcf	(??_loadCode+1)^0,f,c
  2651   001EA2  0E01               	movlw	1
  2652   001EA4  240D               	addwf	??_loadCode^0,w,c
  2653   001EA6  6E07               	movwf	EEPROM_Read@index^0,c
  2654   001EA8  0E00               	movlw	0
  2655   001EAA  200E               	addwfc	(??_loadCode+1)^0,w,c
  2656   001EAC  6E08               	movwf	(EEPROM_Read@index+1)^0,c
  2657   001EAE  EC5F  F011         	call	_EEPROM_Read	;wreg free
  2658   001EB2  6E0F               	movwf	(??_loadCode+2)^0,c
  2659   001EB4  500F               	movf	(??_loadCode+2)^0,w,c
  2660   001EB6  1212               	iorwf	loadCode@res^0,f,c
  2661   001EB8  C012  F00E         	movff	loadCode@res,??_loadCode+1
  2662   001EBC  C013  F00F         	movff	loadCode@res+1,??_loadCode+2
  2663   001EC0  C014  F010         	movff	loadCode@res+2,??_loadCode+3
  2664   001EC4  6A0D               	clrf	??_loadCode^0,c
  2665   001EC6  C00D  F012         	movff	??_loadCode,loadCode@res
  2666   001ECA  C00E  F013         	movff	??_loadCode+1,loadCode@res+1
  2667   001ECE  C00F  F014         	movff	??_loadCode+2,loadCode@res+2
  2668   001ED2  C010  F015         	movff	??_loadCode+3,loadCode@res+3
  2669   001ED6  5011               	movf	loadCode@codeNo^0,w,c
  2670   001ED8  6E0D               	movwf	??_loadCode^0,c
  2671   001EDA  6A0E               	clrf	(??_loadCode+1)^0,c
  2672   001EDC  90D8               	bcf	status,0,c
  2673   001EDE  360D               	rlcf	??_loadCode^0,f,c
  2674   001EE0  360E               	rlcf	(??_loadCode+1)^0,f,c
  2675   001EE2  90D8               	bcf	status,0,c
  2676   001EE4  360D               	rlcf	??_loadCode^0,f,c
  2677   001EE6  360E               	rlcf	(??_loadCode+1)^0,f,c
  2678   001EE8  0E02               	movlw	2
  2679   001EEA  240D               	addwf	??_loadCode^0,w,c
  2680   001EEC  6E07               	movwf	EEPROM_Read@index^0,c
  2681   001EEE  0E00               	movlw	0
  2682   001EF0  200E               	addwfc	(??_loadCode+1)^0,w,c
  2683   001EF2  6E08               	movwf	(EEPROM_Read@index+1)^0,c
  2684   001EF4  EC5F  F011         	call	_EEPROM_Read	;wreg free
  2685   001EF8  6E0F               	movwf	(??_loadCode+2)^0,c
  2686   001EFA  500F               	movf	(??_loadCode+2)^0,w,c
  2687   001EFC  1212               	iorwf	loadCode@res^0,f,c
  2688   001EFE  C012  F00E         	movff	loadCode@res,??_loadCode+1
  2689   001F02  C013  F00F         	movff	loadCode@res+1,??_loadCode+2
  2690   001F06  C014  F010         	movff	loadCode@res+2,??_loadCode+3
  2691   001F0A  6A0D               	clrf	??_loadCode^0,c
  2692   001F0C  C00D  F012         	movff	??_loadCode,loadCode@res
  2693   001F10  C00E  F013         	movff	??_loadCode+1,loadCode@res+1
  2694   001F14  C00F  F014         	movff	??_loadCode+2,loadCode@res+2
  2695   001F18  C010  F015         	movff	??_loadCode+3,loadCode@res+3
  2696   001F1C  5011               	movf	loadCode@codeNo^0,w,c
  2697   001F1E  6E0D               	movwf	??_loadCode^0,c
  2698   001F20  6A0E               	clrf	(??_loadCode+1)^0,c
  2699   001F22  90D8               	bcf	status,0,c
  2700   001F24  360D               	rlcf	??_loadCode^0,f,c
  2701   001F26  360E               	rlcf	(??_loadCode+1)^0,f,c
  2702   001F28  90D8               	bcf	status,0,c
  2703   001F2A  360D               	rlcf	??_loadCode^0,f,c
  2704   001F2C  360E               	rlcf	(??_loadCode+1)^0,f,c
  2705   001F2E  0E03               	movlw	3
  2706   001F30  240D               	addwf	??_loadCode^0,w,c
  2707   001F32  6E07               	movwf	EEPROM_Read@index^0,c
  2708   001F34  0E00               	movlw	0
  2709   001F36  200E               	addwfc	(??_loadCode+1)^0,w,c
  2710   001F38  6E08               	movwf	(EEPROM_Read@index+1)^0,c
  2711   001F3A  EC5F  F011         	call	_EEPROM_Read	;wreg free
  2712   001F3E  6E0F               	movwf	(??_loadCode+2)^0,c
  2713   001F40  500F               	movf	(??_loadCode+2)^0,w,c
  2714   001F42  1212               	iorwf	loadCode@res^0,f,c
  2715   001F44  C012  F009         	movff	loadCode@res,?_loadCode
  2716   001F48  C013  F00A         	movff	loadCode@res+1,?_loadCode+1
  2717   001F4C  C014  F00B         	movff	loadCode@res+2,?_loadCode+2
  2718   001F50  C015  F00C         	movff	loadCode@res+3,?_loadCode+3
  2719   001F54  0012               	return		;funcret
  2720   001F56                     __end_of_loadCode:
  2721                           	callstack 0
  2722                           
  2723 ;; *************** function _ir_enableIRIn *****************
  2724 ;; Defined at:
  2725 ;;		line 40 in file "ir.c"
  2726 ;; Parameters:    Size  Location     Type
  2727 ;;		None
  2728 ;; Auto vars:     Size  Location     Type
  2729 ;;		None
  2730 ;; Return value:  Size  Location     Type
  2731 ;;                  1    wreg      void 
  2732 ;; Registers used:
  2733 ;;		wreg, status,2, cstack
  2734 ;; Tracked objects:
  2735 ;;		On entry : 0/0
  2736 ;;		On exit  : 0/0
  2737 ;;		Unchanged: 0/0
  2738 ;; Data sizes:     COMRAM   BANK0   BANK1   BANK2   BANK3   BANK4   BANK5   BANK6   BANK7   BANK8   BANK9  BANK10  BANK1
      +1  BANK12  BANK13  BANK14
  2739 ;;      Params:         0       0       0       0       0       0       0       0       0       0       0       0       
      +0       0       0       0
  2740 ;;      Locals:         0       0       0       0       0       0       0       0       0       0       0       0       
      +0       0       0       0
  2741 ;;      Temps:          0       0       0       0       0       0       0       0       0       0       0       0       
      +0       0       0       0
  2742 ;;      Totals:         0       0       0       0       0       0       0       0       0       0       0       0       
      +0       0       0       0
  2743 ;;Total ram usage:        0 bytes
  2744 ;; Hardware stack levels used: 1
  2745 ;; Hardware stack levels required when called: 7
  2746 ;; This function calls:
  2747 ;;		_ir_timerCfgNorm
  2748 ;;		_ir_timerRst
  2749 ;; This function is called by:
  2750 ;;		_setup
  2751 ;; This function uses a non-reentrant model
  2752 ;;
  2753                           
  2754                           	psect	text3
  2755   002314                     __ptext3:
  2756                           	callstack 0
  2757   002314                     _ir_enableIRIn:
  2758                           	callstack 22
  2759   002314                     
  2760                           ;ir.c: 41:     {LATCbits.LATC7 = 0;};
  2761   002314  9E8B               	bcf	139,7,c	;volatile
  2762   002316                     
  2763                           ;ir.c: 43:     irparams.rcvstate = 2;
  2764   002316  0E02               	movlw	2
  2765   002318  0101               	movlb	1	; () banked
  2766   00231A  6F00               	movwf	_irparams& (0+255),b	;volatile
  2767                           
  2768                           ;ir.c: 44:     irparams.rawlen = 0;
  2769   00231C  0E00               	movlw	0
  2770   00231E  6FCC               	movwf	(_irparams+204)& (0+255),b	;volatile
  2771   002320  0E00               	movlw	0
  2772   002322  6FCB               	movwf	(_irparams+203)& (0+255),b	;volatile
  2773   002324                     
  2774                           ; BSR set to: 1
  2775                           ;ir.c: 46:     (INTCONbits.GIEH = 0);
  2776   002324  9EF2               	bcf	242,7,c	;volatile
  2777   002326                     
  2778                           ; BSR set to: 1
  2779                           ;ir.c: 48:     ir_timerCfgNorm();
  2780   002326  EC9A  F011         	call	_ir_timerCfgNorm	;wreg free
  2781   00232A                     
  2782                           ;ir.c: 49:     ir_timerRst();
  2783   00232A  ECB8  F011         	call	_ir_timerRst	;wreg free
  2784   00232E                     
  2785                           ;ir.c: 52:     (PIE2bits.TMR3IE=1);
  2786   00232E  82A0               	bsf	160,1,c	;volatile
  2787   002330                     
  2788                           ;ir.c: 54:     (INTCONbits.GIEH = 1);
  2789   002330  8EF2               	bsf	242,7,c	;volatile
  2790   002332  0012               	return		;funcret
  2791   002334                     __end_of_ir_enableIRIn:
  2792                           	callstack 0
  2793                           
  2794 ;; *************** function _ir_timerCfgNorm *****************
  2795 ;; Defined at:
  2796 ;;		line 63 in file "ir.c"
  2797 ;; Parameters:    Size  Location     Type
  2798 ;;		None
  2799 ;; Auto vars:     Size  Location     Type
  2800 ;;		None
  2801 ;; Return value:  Size  Location     Type
  2802 ;;                  1    wreg      void 
  2803 ;; Registers used:
  2804 ;;		wreg, status,2, cstack
  2805 ;; Tracked objects:
  2806 ;;		On entry : 0/0
  2807 ;;		On exit  : 0/0
  2808 ;;		Unchanged: 0/0
  2809 ;; Data sizes:     COMRAM   BANK0   BANK1   BANK2   BANK3   BANK4   BANK5   BANK6   BANK7   BANK8   BANK9  BANK10  BANK1
      +1  BANK12  BANK13  BANK14
  2810 ;;      Params:         0       0       0       0       0       0       0       0       0       0       0       0       
      +0       0       0       0
  2811 ;;      Locals:         0       0       0       0       0       0       0       0       0       0       0       0       
      +0       0       0       0
  2812 ;;      Temps:          0       0       0       0       0       0       0       0       0       0       0       0       
      +0       0       0       0
  2813 ;;      Totals:         0       0       0       0       0       0       0       0       0       0       0       0       
      +0       0       0       0
  2814 ;;Total ram usage:        0 bytes
  2815 ;; Hardware stack levels used: 1
  2816 ;; Hardware stack levels required when called: 6
  2817 ;; This function calls:
  2818 ;;		_ir_timerRst
  2819 ;; This function is called by:
  2820 ;;		_ir_enableIRIn
  2821 ;; This function uses a non-reentrant model
  2822 ;;
  2823                           
  2824                           	psect	text4
  2825   002334                     __ptext4:
  2826                           	callstack 0
  2827   002334                     _ir_timerCfgNorm:
  2828                           	callstack 22
  2829   002334                     
  2830                           ;ir.c: 65:   IPR2bits.TMR3IP = 1;
  2831   002334  82A2               	bsf	162,1,c	;volatile
  2832                           
  2833                           ;ir.c: 67:   T3CONbits.TMR3ON = 0;
  2834   002336  90B1               	bcf	177,0,c	;volatile
  2835   002338                     
  2836                           ;ir.c: 68:   T3CONbits.TMR3CS = 0;
  2837   002338  0E3F               	movlw	-193
  2838   00233A  16B1               	andwf	177,f,c	;volatile
  2839                           
  2840                           ;ir.c: 69:   T3CONbits.T3CKPS = 0;
  2841   00233C  0ECF               	movlw	-49
  2842   00233E  16B1               	andwf	177,f,c	;volatile
  2843   002340                     
  2844                           ;ir.c: 70:   T3CONbits.SOSCEN = 0;
  2845   002340  96B1               	bcf	177,3,c	;volatile
  2846   002342                     
  2847                           ;ir.c: 71:   T3CONbits.nT3SYNC = 1;
  2848   002342  84B1               	bsf	177,2,c	;volatile
  2849   002344                     
  2850                           ;ir.c: 72:   T3CONbits.RD16 = 1;
  2851   002344  82B1               	bsf	177,1,c	;volatile
  2852   002346                     
  2853                           ;ir.c: 73:   T3GCONbits.TMR3GE = 0;
  2854   002346  9EB0               	bcf	176,7,c	;volatile
  2855   002348                     
  2856                           ;ir.c: 75:   ir_timerRst();
  2857   002348  ECB8  F011         	call	_ir_timerRst	;wreg free
  2858   00234C                     
  2859                           ;ir.c: 77:   PIR2bits.TMR3IF = 0;
  2860   00234C  92A1               	bcf	161,1,c	;volatile
  2861   00234E                     
  2862                           ;ir.c: 78:   T3CONbits.TMR3ON = 1;
  2863   00234E  80B1               	bsf	177,0,c	;volatile
  2864   002350  0012               	return		;funcret
  2865   002352                     __end_of_ir_timerCfgNorm:
  2866                           	callstack 0
  2867                           
  2868 ;; *************** function _ir_timerRst *****************
  2869 ;; Defined at:
  2870 ;;		line 84 in file "ir.c"
  2871 ;; Parameters:    Size  Location     Type
  2872 ;;		None
  2873 ;; Auto vars:     Size  Location     Type
  2874 ;;		None
  2875 ;; Return value:  Size  Location     Type
  2876 ;;                  1    wreg      void 
  2877 ;; Registers used:
  2878 ;;		wreg, status,2
  2879 ;; Tracked objects:
  2880 ;;		On entry : 0/0
  2881 ;;		On exit  : 0/0
  2882 ;;		Unchanged: 0/0
  2883 ;; Data sizes:     COMRAM   BANK0   BANK1   BANK2   BANK3   BANK4   BANK5   BANK6   BANK7   BANK8   BANK9  BANK10  BANK1
      +1  BANK12  BANK13  BANK14
  2884 ;;      Params:         0       0       0       0       0       0       0       0       0       0       0       0       
      +0       0       0       0
  2885 ;;      Locals:         0       0       0       0       0       0       0       0       0       0       0       0       
      +0       0       0       0
  2886 ;;      Temps:          0       0       0       0       0       0       0       0       0       0       0       0       
      +0       0       0       0
  2887 ;;      Totals:         0       0       0       0       0       0       0       0       0       0       0       0       
      +0       0       0       0
  2888 ;;Total ram usage:        0 bytes
  2889 ;; Hardware stack levels used: 1
  2890 ;; Hardware stack levels required when called: 5
  2891 ;; This function calls:
  2892 ;;		Nothing
  2893 ;; This function is called by:
  2894 ;;		_ir_enableIRIn
  2895 ;;		_ir_timerCfgNorm
  2896 ;; This function uses a non-reentrant model
  2897 ;;
  2898                           
  2899                           	psect	text5
  2900   002370                     __ptext5:
  2901                           	callstack 0
  2902   002370                     _ir_timerRst:
  2903                           	callstack 23
  2904   002370                     
  2905                           ;ir.c: 86:     TMR3H = (65535 - (50*(16000000/1000000)))/256;
  2906   002370  0EFC               	movlw	252
  2907   002372  6EB3               	movwf	179,c	;volatile
  2908                           
  2909                           ;ir.c: 87:     TMR3L = (65535 - (50*(16000000/1000000)))%256;
  2910   002374  0EDF               	movlw	223
  2911   002376  6EB2               	movwf	178,c	;volatile
  2912   002378  0012               	return		;funcret
  2913   00237A                     __end_of_ir_timerRst:
  2914                           	callstack 0
  2915                           
  2916 ;; *************** function _initTicker *****************
  2917 ;; Defined at:
  2918 ;;		line 37 in file "ticker.c"
  2919 ;; Parameters:    Size  Location     Type
  2920 ;;  priority        1    wreg     unsigned char 
  2921 ;; Auto vars:     Size  Location     Type
  2922 ;;  priority        1    6[COMRAM] unsigned char 
  2923 ;;  i               1    8[COMRAM] unsigned char 
  2924 ;;  divider         1    7[COMRAM] unsigned char 
  2925 ;; Return value:  Size  Location     Type
  2926 ;;                  1    wreg      void 
  2927 ;; Registers used:
  2928 ;;		wreg, status,2, status,0
  2929 ;; Tracked objects:
  2930 ;;		On entry : 0/0
  2931 ;;		On exit  : 0/0
  2932 ;;		Unchanged: 0/0
  2933 ;; Data sizes:     COMRAM   BANK0   BANK1   BANK2   BANK3   BANK4   BANK5   BANK6   BANK7   BANK8   BANK9  BANK10  BANK1
      +1  BANK12  BANK13  BANK14
  2934 ;;      Params:         0       0       0       0       0       0       0       0       0       0       0       0       
      +0       0       0       0
  2935 ;;      Locals:         3       0       0       0       0       0       0       0       0       0       0       0       
      +0       0       0       0
  2936 ;;      Temps:          0       0       0       0       0       0       0       0       0       0       0       0       
      +0       0       0       0
  2937 ;;      Totals:         3       0       0       0       0       0       0       0       0       0       0       0       
      +0       0       0       0
  2938 ;;Total ram usage:        3 bytes
  2939 ;; Hardware stack levels used: 1
  2940 ;; Hardware stack levels required when called: 5
  2941 ;; This function calls:
  2942 ;;		Nothing
  2943 ;; This function is called by:
  2944 ;;		_setup
  2945 ;; This function uses a non-reentrant model
  2946 ;;
  2947                           
  2948                           	psect	text6
  2949   0021DC                     __ptext6:
  2950                           	callstack 0
  2951   0021DC                     _initTicker:
  2952                           	callstack 24
  2953                           
  2954                           ;incstack = 0
  2955                           ;initTicker@priority stored from wreg
  2956   0021DC  6E07               	movwf	initTicker@priority^0,c
  2957   0021DE                     
  2958                           ;ticker.c: 38:     uint8_t divider, i;;ticker.c: 40:     divider = 0;
  2959   0021DE  6A08               	clrf	initTicker@divider^0,c
  2960   0021E0                     
  2961                           ;ticker.c: 41:     for (i=16;i>0;i>>=1)
  2962   0021E0  0E10               	movlw	16
  2963   0021E2  6E09               	movwf	initTicker@i^0,c
  2964   0021E4                     l2362:
  2965                           
  2966                           ;ticker.c: 42:         divider++;
  2967   0021E4  2A08               	incf	initTicker@divider^0,f,c
  2968   0021E6  90D8               	bcf	status,0,c
  2969   0021E8  3209               	rrcf	initTicker@i^0,f,c
  2970   0021EA  5009               	movf	initTicker@i^0,w,c
  2971   0021EC  A4D8               	btfss	status,2,c
  2972   0021EE  EFFB  F010         	goto	u1611
  2973   0021F2  EFFD  F010         	goto	u1610
  2974   0021F6                     u1611:
  2975   0021F6  EFF2  F010         	goto	l2362
  2976   0021FA                     u1610:
  2977   0021FA                     
  2978                           ;ticker.c: 45:     T0CON = (uint8_t)(0b00000000 | divider);
  2979   0021FA  C008  FFD5         	movff	initTicker@divider,4053	;volatile
  2980                           
  2981                           ;ticker.c: 46:     T0CONbits.T08BIT = 0;
  2982   0021FE  9CD5               	bcf	213,6,c	;volatile
  2983                           
  2984                           ;ticker.c: 47:     T0CONbits.T0CS = 0;
  2985   002200  9AD5               	bcf	213,5,c	;volatile
  2986                           
  2987                           ;ticker.c: 48:     TMR0H = 0;
  2988   002202  6AD7               	clrf	215,c	;volatile
  2989                           
  2990                           ;ticker.c: 49:     TMR0L = 0;
  2991   002204  6AD6               	clrf	214,c	;volatile
  2992                           
  2993                           ;ticker.c: 50:     INTCON2bits.TMR0IP = priority;
  2994   002206  B007               	btfsc	initTicker@priority^0,0,c
  2995   002208  D002               	bra	u1625
  2996   00220A  94F1               	bcf	241,2,c	;volatile
  2997   00220C  D001               	bra	u1626
  2998   00220E                     u1625:
  2999   00220E  84F1               	bsf	241,2,c	;volatile
  3000   002210                     u1626:
  3001                           
  3002                           ;ticker.c: 51:     INTCONbits.TMR0IF = 0;
  3003   002210  94F2               	bcf	242,2,c	;volatile
  3004                           
  3005                           ;ticker.c: 52:     INTCONbits.TMR0IE = 1;
  3006   002212  8AF2               	bsf	242,5,c	;volatile
  3007                           
  3008                           ;ticker.c: 53:     T0CONbits.TMR0ON = 1;
  3009   002214  8ED5               	bsf	213,7,c	;volatile
  3010                           
  3011                           ;ticker.c: 55:     timerExtension1 = 0;
  3012   002216  6A57               	clrf	_timerExtension1^0,c	;volatile
  3013                           
  3014                           ;ticker.c: 56:     timerExtension2 = 0;
  3015   002218  6A56               	clrf	_timerExtension2^0,c	;volatile
  3016   00221A  0012               	return		;funcret
  3017   00221C                     __end_of_initTicker:
  3018                           	callstack 0
  3019                           
  3020 ;; *************** function _initRomOps *****************
  3021 ;; Defined at:
  3022 ;;		line 157 in file "nvm.c"
  3023 ;; Parameters:    Size  Location     Type
  3024 ;;		None
  3025 ;; Auto vars:     Size  Location     Type
  3026 ;;		None
  3027 ;; Return value:  Size  Location     Type
  3028 ;;                  1    wreg      void 
  3029 ;; Registers used:
  3030 ;;		wreg, status,2
  3031 ;; Tracked objects:
  3032 ;;		On entry : 0/0
  3033 ;;		On exit  : 0/0
  3034 ;;		Unchanged: 0/0
  3035 ;; Data sizes:     COMRAM   BANK0   BANK1   BANK2   BANK3   BANK4   BANK5   BANK6   BANK7   BANK8   BANK9  BANK10  BANK1
      +1  BANK12  BANK13  BANK14
  3036 ;;      Params:         0       0       0       0       0       0       0       0       0       0       0       0       
      +0       0       0       0
  3037 ;;      Locals:         0       0       0       0       0       0       0       0       0       0       0       0       
      +0       0       0       0
  3038 ;;      Temps:          0       0       0       0       0       0       0       0       0       0       0       0       
      +0       0       0       0
  3039 ;;      Totals:         0       0       0       0       0       0       0       0       0       0       0       0       
      +0       0       0       0
  3040 ;;Total ram usage:        0 bytes
  3041 ;; Hardware stack levels used: 1
  3042 ;; Hardware stack levels required when called: 5
  3043 ;; This function calls:
  3044 ;;		Nothing
  3045 ;; This function is called by:
  3046 ;;		_setup
  3047 ;; This function uses a non-reentrant model
  3048 ;;
  3049                           
  3050                           	psect	text7
  3051   002362                     __ptext7:
  3052                           	callstack 0
  3053   002362                     _initRomOps:
  3054                           	callstack 24
  3055   002362                     
  3056                           ;nvm.c: 158:     flashFlags.asByte = 0;
  3057   002362  6A55               	clrf	_flashFlags^0,c
  3058   002364                     
  3059                           ;nvm.c: 159:     flashBlock = 0x0800;
  3060   002364  0E08               	movlw	8
  3061   002366  6E53               	movwf	(_flashBlock+1)^0,c
  3062   002368  0E00               	movlw	0
  3063   00236A  6E52               	movwf	_flashBlock^0,c
  3064   00236C                     
  3065                           ;nvm.c: 161:     TBLPTRU = 0;
  3066   00236C  6AF8               	clrf	248,c	;volatile
  3067   00236E  0012               	return		;funcret
  3068   002370                     __end_of_initRomOps:
  3069                           	callstack 0
  3070                           
  3071 ;; *************** function _loop *****************
  3072 ;; Defined at:
  3073 ;;		line 191 in file "IRswitchMain.c"
  3074 ;; Parameters:    Size  Location     Type
  3075 ;;		None
  3076 ;; Auto vars:     Size  Location     Type
  3077 ;;  ready           1    4[BANK0 ] unsigned char 
  3078 ;; Return value:  Size  Location     Type
  3079 ;;                  1    wreg      void 
  3080 ;; Registers used:
  3081 ;;		wreg, fsr2l, fsr2h, status,2, status,0, prodl, prodh, cstack
  3082 ;; Tracked objects:
  3083 ;;		On entry : 0/0
  3084 ;;		On exit  : 0/0
  3085 ;;		Unchanged: 0/0
  3086 ;; Data sizes:     COMRAM   BANK0   BANK1   BANK2   BANK3   BANK4   BANK5   BANK6   BANK7   BANK8   BANK9  BANK10  BANK1
      +1  BANK12  BANK13  BANK14
  3087 ;;      Params:         0       0       0       0       0       0       0       0       0       0       0       0       
      +0       0       0       0
  3088 ;;      Locals:         0       1       0       0       0       0       0       0       0       0       0       0       
      +0       0       0       0
  3089 ;;      Temps:          0       4       0       0       0       0       0       0       0       0       0       0       
      +0       0       0       0
  3090 ;;      Totals:         0       5       0       0       0       0       0       0       0       0       0       0       
      +0       0       0       0
  3091 ;;Total ram usage:        5 bytes
  3092 ;; Hardware stack levels used: 1
  3093 ;; Hardware stack levels required when called: 9
  3094 ;; This function calls:
  3095 ;;		_ir_decode
  3096 ;;		_ir_resume
  3097 ;;		_saveCode
  3098 ;;		_tickGet
  3099 ;; This function is called by:
  3100 ;;		_main
  3101 ;; This function uses a non-reentrant model
  3102 ;;
  3103                           
  3104                           	psect	text8
  3105   001428                     __ptext8:
  3106                           	callstack 0
  3107   001428                     _loop:
  3108                           	callstack 21
  3109   001428                     
  3110                           ;IRswitchMain.c: 192:     code = code >> 8;;IRswitchMain.c: 194: }
  3111   001428  0EAC               	movlw	low _ir_results
  3112   00142A  6E51               	movwf	ir_decode@results^0,c
  3113   00142C  EC24  F010         	call	_ir_decode	;wreg free
  3114   001430  0100               	movlb	0	; () banked
  3115   001432  6FBE               	movwf	loop@ready& (0+255),b
  3116   001434                     
  3117                           ; BSR set to: 0
  3118                           ;IRswitchMain.c: 196: 
  3119   001434  B480               	btfsc	128,2,c	;volatile
  3120   001436  EF1F  F00A         	goto	u2571
  3121   00143A  EF21  F00A         	goto	u2570
  3122   00143E                     u2571:
  3123   00143E  EFCF  F00A         	goto	l78
  3124   001442                     u2570:
  3125   001442  EF3D  F00A         	goto	l3300
  3126   001446                     l3292:
  3127                           
  3128                           ; BSR set to: 0
  3129                           ;IRswitchMain.c: 204: 
  3130   001446  0E00               	movlw	0
  3131   001448  6FA0               	movwf	_code2_hash& (0+255),b
  3132   00144A  0E00               	movlw	0
  3133   00144C  6FA1               	movwf	(_code2_hash+1)& (0+255),b
  3134   00144E  0E00               	movlw	0
  3135   001450  6FA2               	movwf	(_code2_hash+2)& (0+255),b
  3136   001452  0E00               	movlw	0
  3137   001454  6FA3               	movwf	(_code2_hash+3)& (0+255),b
  3138   001456  C0A0  F0A4         	movff	_code2_hash,_code1_hash
  3139   00145A  C0A1  F0A5         	movff	_code2_hash+1,_code1_hash+1
  3140   00145E  C0A2  F0A6         	movff	_code2_hash+2,_code1_hash+2
  3141   001462  C0A3  F0A7         	movff	_code2_hash+3,_code1_hash+3
  3142                           
  3143                           ;IRswitchMain.c: 205: 
  3144   001466  0E01               	movlw	1
  3145   001468  6E58               	movwf	_configState^0,c
  3146   00146A                     l3294:
  3147                           
  3148                           ; BSR set to: 0
  3149                           ;IRswitchMain.c: 208: }
  3150   00146A  8C8A               	bsf	138,6,c	;volatile
  3151   00146C                     
  3152                           ; BSR set to: 0
  3153   00146C  9E8A               	bcf	138,7,c	;volatile
  3154   00146E  EF56  F00A         	goto	l3302
  3155   001472                     l83:
  3156                           
  3157                           ; BSR set to: 0
  3158   001472  9C8A               	bcf	138,6,c	;volatile
  3159   001474  8E8A               	bsf	138,7,c	;volatile
  3160   001476  EF56  F00A         	goto	l3302
  3161   00147A                     l3300:
  3162                           
  3163                           ; BSR set to: 0
  3164   00147A  5058               	movf	_configState^0,w,c
  3165   00147C  6FBA               	movwf	??_loop& (0+255),b
  3166   00147E  6BBB               	clrf	(??_loop+1)& (0+255),b
  3167                           
  3168                           ; Switch on 2 bytes has been partitioned into a top level switch of size 1, and 1 sub-sw
      +                          itches
  3169                           ; Switch size 1, requested type "simple"
  3170                           ; Number of cases is 1, Range of values is 0 to 0
  3171                           ; switch strategies available:
  3172                           ; Name         Instructions Cycles
  3173                           ; simple_byte            4     3 (average)
  3174                           ;	Chosen strategy is simple_byte
  3175   001480  51BB               	movf	(??_loop+1)& (0+255),w,b
  3176   001482  0A00               	xorlw	0	; case 0
  3177   001484  B4D8               	btfsc	status,2,c
  3178   001486  EF47  F00A         	goto	l3546
  3179   00148A  EF56  F00A         	goto	l3302
  3180   00148E                     l3546:
  3181                           
  3182                           ; BSR set to: 0
  3183                           ; Switch size 1, requested type "simple"
  3184                           ; Number of cases is 3, Range of values is 0 to 2
  3185                           ; switch strategies available:
  3186                           ; Name         Instructions Cycles
  3187                           ; simple_byte           10     6 (average)
  3188                           ;	Chosen strategy is simple_byte
  3189   00148E  51BA               	movf	??_loop& (0+255),w,b
  3190   001490  0A00               	xorlw	0	; case 0
  3191   001492  B4D8               	btfsc	status,2,c
  3192   001494  EF23  F00A         	goto	l3292
  3193   001498  0A01               	xorlw	1	; case 1
  3194   00149A  B4D8               	btfsc	status,2,c
  3195   00149C  EF35  F00A         	goto	l3294
  3196   0014A0  0A03               	xorlw	3	; case 2
  3197   0014A2  B4D8               	btfsc	status,2,c
  3198   0014A4  EF39  F00A         	goto	l83
  3199   0014A8  EF56  F00A         	goto	l3302
  3200   0014AC                     l3302:
  3201                           
  3202                           ; BSR set to: 0
  3203   0014AC  05BE               	decf	loop@ready& (0+255),w,b
  3204   0014AE  A4D8               	btfss	status,2,c
  3205   0014B0  EF5C  F00A         	goto	u2581
  3206   0014B4  EF5E  F00A         	goto	u2580
  3207   0014B8                     u2581:
  3208   0014B8  EF1B  F00B         	goto	l3348
  3209   0014BC                     u2580:
  3210   0014BC  EFB2  F00A         	goto	l3324
  3211   0014C0                     l3306:
  3212                           
  3213                           ; BSR set to: 0
  3214   0014C0  51A0               	movf	_code2_hash& (0+255),w,b
  3215   0014C2  19B0               	xorwf	(_ir_results+4)& (0+255),w,b
  3216   0014C4  E10F               	bnz	u2590
  3217   0014C6  51A1               	movf	(_code2_hash+1)& (0+255),w,b
  3218   0014C8  19B1               	xorwf	(_ir_results+5)& (0+255),w,b
  3219   0014CA  E10C               	bnz	u2590
  3220   0014CC  51A2               	movf	(_code2_hash+2)& (0+255),w,b
  3221   0014CE  19B2               	xorwf	(_ir_results+6)& (0+255),w,b
  3222   0014D0  E109               	bnz	u2590
  3223   0014D2  51A3               	movf	(_code2_hash+3)& (0+255),w,b
  3224   0014D4  19B3               	xorwf	(_ir_results+7)& (0+255),w,b
  3225   0014D6  B4D8               	btfsc	status,2,c
  3226   0014D8  EF70  F00A         	goto	u2591
  3227   0014DC  EF72  F00A         	goto	u2590
  3228   0014E0                     u2591:
  3229   0014E0  EFCB  F00A         	goto	l3326
  3230   0014E4                     u2590:
  3231   0014E4                     
  3232                           ; BSR set to: 0
  3233   0014E4  C0B0  F0A4         	movff	_ir_results+4,_code1_hash
  3234   0014E8  C0B1  F0A5         	movff	_ir_results+5,_code1_hash+1
  3235   0014EC  C0B2  F0A6         	movff	_ir_results+6,_code1_hash+2
  3236   0014F0  C0B3  F0A7         	movff	_ir_results+7,_code1_hash+3
  3237   0014F4                     
  3238                           ; BSR set to: 0
  3239   0014F4  C0A4  F00F         	movff	_code1_hash,saveCode@code
  3240   0014F8  C0A5  F010         	movff	_code1_hash+1,saveCode@code+1
  3241   0014FC  C0A6  F011         	movff	_code1_hash+2,saveCode@code+2
  3242   001500  C0A7  F012         	movff	_code1_hash+3,saveCode@code+3
  3243   001504  0E00               	movlw	0
  3244   001506  EC9C  F00D         	call	_saveCode
  3245   00150A  0E02               	movlw	2
  3246   00150C  6E58               	movwf	_configState^0,c
  3247   00150E  EFCB  F00A         	goto	l3326
  3248   001512                     l3314:
  3249                           
  3250                           ; BSR set to: 0
  3251   001512  51A4               	movf	_code1_hash& (0+255),w,b
  3252   001514  19B0               	xorwf	(_ir_results+4)& (0+255),w,b
  3253   001516  E10F               	bnz	u2600
  3254   001518  51A5               	movf	(_code1_hash+1)& (0+255),w,b
  3255   00151A  19B1               	xorwf	(_ir_results+5)& (0+255),w,b
  3256   00151C  E10C               	bnz	u2600
  3257   00151E  51A6               	movf	(_code1_hash+2)& (0+255),w,b
  3258   001520  19B2               	xorwf	(_ir_results+6)& (0+255),w,b
  3259   001522  E109               	bnz	u2600
  3260   001524  51A7               	movf	(_code1_hash+3)& (0+255),w,b
  3261   001526  19B3               	xorwf	(_ir_results+7)& (0+255),w,b
  3262   001528  B4D8               	btfsc	status,2,c
  3263   00152A  EF99  F00A         	goto	u2601
  3264   00152E  EF9B  F00A         	goto	u2600
  3265   001532                     u2601:
  3266   001532  EFCB  F00A         	goto	l3326
  3267   001536                     u2600:
  3268   001536                     
  3269                           ; BSR set to: 0
  3270   001536  C0B0  F0A0         	movff	_ir_results+4,_code2_hash
  3271   00153A  C0B1  F0A1         	movff	_ir_results+5,_code2_hash+1
  3272   00153E  C0B2  F0A2         	movff	_ir_results+6,_code2_hash+2
  3273   001542  C0B3  F0A3         	movff	_ir_results+7,_code2_hash+3
  3274   001546                     
  3275                           ; BSR set to: 0
  3276   001546  C0A0  F00F         	movff	_code2_hash,saveCode@code
  3277   00154A  C0A1  F010         	movff	_code2_hash+1,saveCode@code+1
  3278   00154E  C0A2  F011         	movff	_code2_hash+2,saveCode@code+2
  3279   001552  C0A3  F012         	movff	_code2_hash+3,saveCode@code+3
  3280   001556  0E01               	movlw	1
  3281   001558  EC9C  F00D         	call	_saveCode
  3282   00155C  0E01               	movlw	1
  3283   00155E  6E58               	movwf	_configState^0,c
  3284   001560  EFCB  F00A         	goto	l3326
  3285   001564                     l3324:
  3286                           
  3287                           ; BSR set to: 0
  3288   001564  5058               	movf	_configState^0,w,c
  3289   001566  6FBA               	movwf	??_loop& (0+255),b
  3290   001568  6BBB               	clrf	(??_loop+1)& (0+255),b
  3291                           
  3292                           ; Switch on 2 bytes has been partitioned into a top level switch of size 1, and 1 sub-sw
      +                          itches
  3293                           ; Switch size 1, requested type "simple"
  3294                           ; Number of cases is 1, Range of values is 0 to 0
  3295                           ; switch strategies available:
  3296                           ; Name         Instructions Cycles
  3297                           ; simple_byte            4     3 (average)
  3298                           ;	Chosen strategy is simple_byte
  3299   00156A  51BB               	movf	(??_loop+1)& (0+255),w,b
  3300   00156C  0A00               	xorlw	0	; case 0
  3301   00156E  B4D8               	btfsc	status,2,c
  3302   001570  EFBC  F00A         	goto	l3548
  3303   001574  EFCB  F00A         	goto	l3326
  3304   001578                     l3548:
  3305                           
  3306                           ; BSR set to: 0
  3307                           ; Switch size 1, requested type "simple"
  3308                           ; Number of cases is 3, Range of values is 0 to 2
  3309                           ; switch strategies available:
  3310                           ; Name         Instructions Cycles
  3311                           ; simple_byte           10     6 (average)
  3312                           ;	Chosen strategy is simple_byte
  3313   001578  51BA               	movf	??_loop& (0+255),w,b
  3314   00157A  0A00               	xorlw	0	; case 0
  3315   00157C  B4D8               	btfsc	status,2,c
  3316   00157E  EFCB  F00A         	goto	l3326
  3317   001582  0A01               	xorlw	1	; case 1
  3318   001584  B4D8               	btfsc	status,2,c
  3319   001586  EF60  F00A         	goto	l3306
  3320   00158A  0A03               	xorlw	3	; case 2
  3321   00158C  B4D8               	btfsc	status,2,c
  3322   00158E  EF89  F00A         	goto	l3314
  3323   001592  EFCB  F00A         	goto	l3326
  3324   001596                     l3326:
  3325   001596  ECA9  F011         	call	_ir_resume	;wreg free
  3326   00159A  EF1B  F00B         	goto	l3348
  3327   00159E                     l78:
  3328                           
  3329                           ; BSR set to: 0
  3330   00159E  6A58               	clrf	_configState^0,c
  3331   0015A0  9C8A               	bcf	138,6,c	;volatile
  3332   0015A2  9E8A               	bcf	138,7,c	;volatile
  3333   0015A4                     
  3334                           ; BSR set to: 0
  3335   0015A4  05BE               	decf	loop@ready& (0+255),w,b
  3336   0015A6  A4D8               	btfss	status,2,c
  3337   0015A8  EFD8  F00A         	goto	u2611
  3338   0015AC  EFDA  F00A         	goto	u2610
  3339   0015B0                     u2611:
  3340   0015B0  EF1B  F00B         	goto	l3348
  3341   0015B4                     u2610:
  3342   0015B4                     
  3343                           ; BSR set to: 0
  3344   0015B4  51A4               	movf	_code1_hash& (0+255),w,b
  3345   0015B6  19B0               	xorwf	(_ir_results+4)& (0+255),w,b
  3346   0015B8  E10D               	bnz	u2621
  3347   0015BA  51A5               	movf	(_code1_hash+1)& (0+255),w,b
  3348   0015BC  19B1               	xorwf	(_ir_results+5)& (0+255),w,b
  3349   0015BE  E10A               	bnz	u2621
  3350   0015C0  51A6               	movf	(_code1_hash+2)& (0+255),w,b
  3351   0015C2  19B2               	xorwf	(_ir_results+6)& (0+255),w,b
  3352   0015C4  E107               	bnz	u2621
  3353   0015C6  51A7               	movf	(_code1_hash+3)& (0+255),w,b
  3354   0015C8  19B3               	xorwf	(_ir_results+7)& (0+255),w,b
  3355   0015CA  A4D8               	btfss	status,2,c
  3356   0015CC  EFEA  F00A         	goto	u2621
  3357   0015D0  EFEC  F00A         	goto	u2620
  3358   0015D4                     u2621:
  3359   0015D4  EFF9  F00A         	goto	l3338
  3360   0015D8                     u2620:
  3361   0015D8                     
  3362                           ; BSR set to: 0
  3363   0015D8  8C8B               	bsf	139,6,c	;volatile
  3364   0015DA  9A8B               	bcf	139,5,c	;volatile
  3365   0015DC                     
  3366                           ; BSR set to: 0
  3367   0015DC  ECEB  F00F         	call	_tickGet	;wreg free
  3368   0015E0  C007  F0A8         	movff	?_tickGet,_onTime
  3369   0015E4  C008  F0A9         	movff	?_tickGet+1,_onTime+1
  3370   0015E8  C009  F0AA         	movff	?_tickGet+2,_onTime+2
  3371   0015EC  C00A  F0AB         	movff	?_tickGet+3,_onTime+3
  3372   0015F0  848A               	bsf	138,2,c	;volatile
  3373   0015F2                     l3338:
  3374   0015F2  0100               	movlb	0	; () banked
  3375   0015F4  51A0               	movf	_code2_hash& (0+255),w,b
  3376   0015F6  19B0               	xorwf	(_ir_results+4)& (0+255),w,b
  3377   0015F8  E10D               	bnz	u2631
  3378   0015FA  51A1               	movf	(_code2_hash+1)& (0+255),w,b
  3379   0015FC  19B1               	xorwf	(_ir_results+5)& (0+255),w,b
  3380   0015FE  E10A               	bnz	u2631
  3381   001600  51A2               	movf	(_code2_hash+2)& (0+255),w,b
  3382   001602  19B2               	xorwf	(_ir_results+6)& (0+255),w,b
  3383   001604  E107               	bnz	u2631
  3384   001606  51A3               	movf	(_code2_hash+3)& (0+255),w,b
  3385   001608  19B3               	xorwf	(_ir_results+7)& (0+255),w,b
  3386   00160A  A4D8               	btfss	status,2,c
  3387   00160C  EF0A  F00B         	goto	u2631
  3388   001610  EF0C  F00B         	goto	u2630
  3389   001614                     u2631:
  3390   001614  EFCB  F00A         	goto	l3326
  3391   001618                     u2630:
  3392   001618                     
  3393                           ; BSR set to: 0
  3394   001618  8A8B               	bsf	139,5,c	;volatile
  3395   00161A  9C8B               	bcf	139,6,c	;volatile
  3396   00161C                     
  3397                           ; BSR set to: 0
  3398   00161C  ECEB  F00F         	call	_tickGet	;wreg free
  3399   001620  C007  F0A8         	movff	?_tickGet,_onTime
  3400   001624  C008  F0A9         	movff	?_tickGet+1,_onTime+1
  3401   001628  C009  F0AA         	movff	?_tickGet+2,_onTime+2
  3402   00162C  C00A  F0AB         	movff	?_tickGet+3,_onTime+3
  3403   001630  948A               	bcf	138,2,c	;volatile
  3404   001632  EFCB  F00A         	goto	l3326
  3405   001636                     l3348:
  3406   001636  ECEB  F00F         	call	_tickGet	;wreg free
  3407   00163A  0100               	movlb	0	; () banked
  3408   00163C  51A8               	movf	_onTime& (0+255),w,b
  3409   00163E  5C07               	subwf	?_tickGet^0,w,c
  3410   001640  6FBA               	movwf	??_loop& (0+255),b
  3411   001642  51A9               	movf	(_onTime+1)& (0+255),w,b
  3412   001644  5808               	subwfb	(?_tickGet+1)^0,w,c
  3413   001646  6FBB               	movwf	(??_loop+1)& (0+255),b
  3414   001648  51AA               	movf	(_onTime+2)& (0+255),w,b
  3415   00164A  5809               	subwfb	(?_tickGet+2)^0,w,c
  3416   00164C  6FBC               	movwf	(??_loop+2)& (0+255),b
  3417   00164E  51AB               	movf	(_onTime+3)& (0+255),w,b
  3418   001650  580A               	subwfb	(?_tickGet+3)^0,w,c
  3419   001652  6FBD               	movwf	(??_loop+3)& (0+255),b
  3420   001654  51BD               	movf	(??_loop+3)& (0+255),w,b
  3421   001656  E10D               	bnz	u2640
  3422   001658  0ED1               	movlw	209
  3423   00165A  5DBA               	subwf	??_loop& (0+255),w,b
  3424   00165C  0E12               	movlw	18
  3425   00165E  59BB               	subwfb	(??_loop+1)& (0+255),w,b
  3426   001660  0E13               	movlw	19
  3427   001662  59BC               	subwfb	(??_loop+2)& (0+255),w,b
  3428   001664  A0D8               	btfss	status,0,c
  3429   001666  EF37  F00B         	goto	u2641
  3430   00166A  EF39  F00B         	goto	u2640
  3431   00166E                     u2641:
  3432   00166E  EF3B  F00B         	goto	l97
  3433   001672                     u2640:
  3434   001672                     
  3435                           ; BSR set to: 0
  3436   001672  9C8B               	bcf	139,6,c	;volatile
  3437   001674  9A8B               	bcf	139,5,c	;volatile
  3438   001676                     l97:
  3439                           
  3440                           ; BSR set to: 0
  3441   001676  0012               	return		;funcret
  3442   001678                     __end_of_loop:
  3443                           	callstack 0
  3444                           
  3445 ;; *************** function _tickGet *****************
  3446 ;; Defined at:
  3447 ;;		line 94 in file "ticker.c"
  3448 ;; Parameters:    Size  Location     Type
  3449 ;;		None
  3450 ;; Auto vars:     Size  Location     Type
  3451 ;;  currentTime     4   12[COMRAM] struct _TickValue
  3452 ;;  IntFlag1        1   11[COMRAM] unsigned char 
  3453 ;;  IntFlag2        1   10[COMRAM] unsigned char 
  3454 ;; Return value:  Size  Location     Type
  3455 ;;                  4    6[COMRAM] unsigned long 
  3456 ;; Registers used:
  3457 ;;		wreg, status,2, status,0
  3458 ;; Tracked objects:
  3459 ;;		On entry : 0/0
  3460 ;;		On exit  : 0/0
  3461 ;;		Unchanged: 0/0
  3462 ;; Data sizes:     COMRAM   BANK0   BANK1   BANK2   BANK3   BANK4   BANK5   BANK6   BANK7   BANK8   BANK9  BANK10  BANK1
      +1  BANK12  BANK13  BANK14
  3463 ;;      Params:         4       0       0       0       0       0       0       0       0       0       0       0       
      +0       0       0       0
  3464 ;;      Locals:         6       0       0       0       0       0       0       0       0       0       0       0       
      +0       0       0       0
  3465 ;;      Temps:          0       0       0       0       0       0       0       0       0       0       0       0       
      +0       0       0       0
  3466 ;;      Totals:        10       0       0       0       0       0       0       0       0       0       0       0       
      +0       0       0       0
  3467 ;;Total ram usage:       10 bytes
  3468 ;; Hardware stack levels used: 1
  3469 ;; Hardware stack levels required when called: 5
  3470 ;; This function calls:
  3471 ;;		Nothing
  3472 ;; This function is called by:
  3473 ;;		_loop
  3474 ;; This function uses a non-reentrant model
  3475 ;;
  3476                           
  3477                           	psect	text9
  3478   001FD6                     __ptext9:
  3479                           	callstack 0
  3480   001FD6                     _tickGet:
  3481                           	callstack 24
  3482   001FD6                     
  3483                           ;ticker.c: 95:     TickValue currentTime;;ticker.c: 98:     uint8_t IntFlag1;;ticker.c: 
      +                          99:     uint8_t IntFlag2;;ticker.c: 102:     currentTime.byte.b2 = 0;
  3484   001FD6  6A0F               	clrf	(tickGet@currentTime+2)^0,c
  3485                           
  3486                           ;ticker.c: 103:     currentTime.byte.b3 = 0;
  3487   001FD8  6A10               	clrf	(tickGet@currentTime+3)^0,c
  3488                           
  3489                           ;ticker.c: 105:     INTCONbits.TMR0IE = 0;
  3490   001FDA  9AF2               	bcf	242,5,c	;volatile
  3491   001FDC                     l3220:
  3492                           
  3493                           ;ticker.c: 107:         IntFlag1 = INTCONbits.TMR0IF;
  3494   001FDC  0E00               	movlw	0
  3495   001FDE  B4F2               	btfsc	242,2,c	;volatile
  3496   001FE0  0E01               	movlw	1
  3497   001FE2  6E0C               	movwf	tickGet@IntFlag1^0,c
  3498   001FE4                     
  3499                           ;ticker.c: 108:         currentTime.byte.b0 = TMR0L;
  3500   001FE4  CFD6 F00D          	movff	4054,tickGet@currentTime	;volatile
  3501   001FE8                     
  3502                           ;ticker.c: 109:         currentTime.byte.b1 = TMR0H;
  3503   001FE8  CFD7 F00E          	movff	4055,tickGet@currentTime+1	;volatile
  3504                           
  3505                           ;ticker.c: 110:         IntFlag2 = INTCONbits.TMR0IF;
  3506   001FEC  0E00               	movlw	0
  3507   001FEE  B4F2               	btfsc	242,2,c	;volatile
  3508   001FF0  0E01               	movlw	1
  3509   001FF2  6E0B               	movwf	tickGet@IntFlag2^0,c
  3510   001FF4                     
  3511                           ;ticker.c: 111:     } while(IntFlag1 != IntFlag2);
  3512   001FF4  500B               	movf	tickGet@IntFlag2^0,w,c
  3513   001FF6  180C               	xorwf	tickGet@IntFlag1^0,w,c
  3514   001FF8  A4D8               	btfss	status,2,c
  3515   001FFA  EF01  F010         	goto	u2541
  3516   001FFE  EF03  F010         	goto	u2540
  3517   002002                     u2541:
  3518   002002  EFEE  F00F         	goto	l3220
  3519   002006                     u2540:
  3520   002006                     
  3521                           ;ticker.c: 113:     if( IntFlag1 > 0 ) {
  3522   002006  500C               	movf	tickGet@IntFlag1^0,w,c
  3523   002008  B4D8               	btfsc	status,2,c
  3524   00200A  EF09  F010         	goto	u2551
  3525   00200E  EF0B  F010         	goto	u2550
  3526   002012                     u2551:
  3527   002012  EF16  F010         	goto	l3238
  3528   002016                     u2550:
  3529   002016                     
  3530                           ;ticker.c: 114:         INTCONbits.TMR0IF = 0;
  3531   002016  94F2               	bcf	242,2,c	;volatile
  3532   002018                     
  3533                           ;ticker.c: 115:         timerExtension1++;
  3534   002018  2A57               	incf	_timerExtension1^0,f,c	;volatile
  3535   00201A                     
  3536                           ;ticker.c: 116:         if(timerExtension1 == 0)
  3537   00201A  5057               	movf	_timerExtension1^0,w,c	;volatile
  3538   00201C  A4D8               	btfss	status,2,c
  3539   00201E  EF13  F010         	goto	u2561
  3540   002022  EF15  F010         	goto	u2560
  3541   002026                     u2561:
  3542   002026  EF16  F010         	goto	l3238
  3543   00202A                     u2560:
  3544   00202A                     
  3545                           ;ticker.c: 117:         {;ticker.c: 118:             timerExtension2++;
  3546   00202A  2A56               	incf	_timerExtension2^0,f,c	;volatile
  3547   00202C                     l3238:
  3548                           
  3549                           ;ticker.c: 123:     currentTime.byte.b2 += timerExtension1;
  3550   00202C  5057               	movf	_timerExtension1^0,w,c	;volatile
  3551   00202E  260F               	addwf	(tickGet@currentTime+2)^0,f,c
  3552   002030                     
  3553                           ;ticker.c: 124:     currentTime.byte.b3 += timerExtension2;
  3554   002030  5056               	movf	_timerExtension2^0,w,c	;volatile
  3555   002032  2610               	addwf	(tickGet@currentTime+3)^0,f,c
  3556   002034                     
  3557                           ;ticker.c: 127:     INTCONbits.TMR0IE = 1;
  3558   002034  8AF2               	bsf	242,5,c	;volatile
  3559   002036                     
  3560                           ;ticker.c: 129:     return currentTime.val;
  3561   002036  C00D  F007         	movff	tickGet@currentTime,?_tickGet
  3562   00203A  C00E  F008         	movff	tickGet@currentTime+1,?_tickGet+1
  3563   00203E  C00F  F009         	movff	tickGet@currentTime+2,?_tickGet+2
  3564   002042  C010  F00A         	movff	tickGet@currentTime+3,?_tickGet+3
  3565   002046  0012               	return		;funcret
  3566   002048                     __end_of_tickGet:
  3567                           	callstack 0
  3568                           
  3569 ;; *************** function _saveCode *****************
  3570 ;; Defined at:
  3571 ;;		line 290 in file "IRswitchMain.c"
  3572 ;; Parameters:    Size  Location     Type
  3573 ;;  codeNo          1    wreg     unsigned char 
  3574 ;;  code            4   14[COMRAM] unsigned long 
  3575 ;; Auto vars:     Size  Location     Type
  3576 ;;  codeNo          1   22[COMRAM] unsigned char 
  3577 ;; Return value:  Size  Location     Type
  3578 ;;                  1    wreg      void 
  3579 ;; Registers used:
  3580 ;;		wreg, status,2, status,0, prodl, prodh, cstack
  3581 ;; Tracked objects:
  3582 ;;		On entry : 0/0
  3583 ;;		On exit  : 0/0
  3584 ;;		Unchanged: 0/0
  3585 ;; Data sizes:     COMRAM   BANK0   BANK1   BANK2   BANK3   BANK4   BANK5   BANK6   BANK7   BANK8   BANK9  BANK10  BANK1
      +1  BANK12  BANK13  BANK14
  3586 ;;      Params:         4       0       0       0       0       0       0       0       0       0       0       0       
      +0       0       0       0
  3587 ;;      Locals:         1       0       0       0       0       0       0       0       0       0       0       0       
      +0       0       0       0
  3588 ;;      Temps:          4       0       0       0       0       0       0       0       0       0       0       0       
      +0       0       0       0
  3589 ;;      Totals:         9       0       0       0       0       0       0       0       0       0       0       0       
      +0       0       0       0
  3590 ;;Total ram usage:        9 bytes
  3591 ;; Hardware stack levels used: 1
  3592 ;; Hardware stack levels required when called: 7
  3593 ;; This function calls:
  3594 ;;		_EEPROM_Write
  3595 ;; This function is called by:
  3596 ;;		_loop
  3597 ;; This function uses a non-reentrant model
  3598 ;;
  3599                           
  3600                           	psect	text10
  3601   001B38                     __ptext10:
  3602                           	callstack 0
  3603   001B38                     _saveCode:
  3604                           	callstack 22
  3605                           
  3606                           ;incstack = 0
  3607                           ;saveCode@codeNo stored from wreg
  3608   001B38  6E17               	movwf	saveCode@codeNo^0,c
  3609   001B3A  5017               	movf	saveCode@codeNo^0,w,c
  3610   001B3C  6E13               	movwf	??_saveCode^0,c
  3611   001B3E  6A14               	clrf	(??_saveCode+1)^0,c
  3612   001B40  90D8               	bcf	status,0,c
  3613   001B42  3613               	rlcf	??_saveCode^0,f,c
  3614   001B44  3614               	rlcf	(??_saveCode+1)^0,f,c
  3615   001B46  90D8               	bcf	status,0,c
  3616   001B48  3613               	rlcf	??_saveCode^0,f,c
  3617   001B4A  3614               	rlcf	(??_saveCode+1)^0,f,c
  3618   001B4C  0E03               	movlw	3
  3619   001B4E  2413               	addwf	??_saveCode^0,w,c
  3620   001B50  6E0C               	movwf	EEPROM_Write@index^0,c
  3621   001B52  0E00               	movlw	0
  3622   001B54  2014               	addwfc	(??_saveCode+1)^0,w,c
  3623   001B56  6E0D               	movwf	(EEPROM_Write@index+1)^0,c
  3624   001B58  C00F  F00E         	movff	saveCode@code,EEPROM_Write@value
  3625   001B5C  EC2C  F011         	call	_EEPROM_Write	;wreg free
  3626   001B60  C00F  F013         	movff	saveCode@code,??_saveCode
  3627   001B64  C010  F014         	movff	saveCode@code+1,??_saveCode+1
  3628   001B68  C011  F015         	movff	saveCode@code+2,??_saveCode+2
  3629   001B6C  C012  F016         	movff	saveCode@code+3,??_saveCode+3
  3630   001B70  C014  F013         	movff	??_saveCode+1,??_saveCode
  3631   001B74  C015  F014         	movff	??_saveCode+2,??_saveCode+1
  3632   001B78  C016  F015         	movff	??_saveCode+3,??_saveCode+2
  3633   001B7C  6A16               	clrf	(??_saveCode+3)^0,c
  3634   001B7E  C013  F00F         	movff	??_saveCode,saveCode@code
  3635   001B82  C014  F010         	movff	??_saveCode+1,saveCode@code+1
  3636   001B86  C015  F011         	movff	??_saveCode+2,saveCode@code+2
  3637   001B8A  C016  F012         	movff	??_saveCode+3,saveCode@code+3
  3638   001B8E  5017               	movf	saveCode@codeNo^0,w,c
  3639   001B90  6E13               	movwf	??_saveCode^0,c
  3640   001B92  6A14               	clrf	(??_saveCode+1)^0,c
  3641   001B94  90D8               	bcf	status,0,c
  3642   001B96  3613               	rlcf	??_saveCode^0,f,c
  3643   001B98  3614               	rlcf	(??_saveCode+1)^0,f,c
  3644   001B9A  90D8               	bcf	status,0,c
  3645   001B9C  3613               	rlcf	??_saveCode^0,f,c
  3646   001B9E  3614               	rlcf	(??_saveCode+1)^0,f,c
  3647   001BA0  0E02               	movlw	2
  3648   001BA2  2413               	addwf	??_saveCode^0,w,c
  3649   001BA4  6E0C               	movwf	EEPROM_Write@index^0,c
  3650   001BA6  0E00               	movlw	0
  3651   001BA8  2014               	addwfc	(??_saveCode+1)^0,w,c
  3652   001BAA  6E0D               	movwf	(EEPROM_Write@index+1)^0,c
  3653   001BAC  C00F  F00E         	movff	saveCode@code,EEPROM_Write@value
  3654   001BB0  EC2C  F011         	call	_EEPROM_Write	;wreg free
  3655   001BB4  C00F  F013         	movff	saveCode@code,??_saveCode
  3656   001BB8  C010  F014         	movff	saveCode@code+1,??_saveCode+1
  3657   001BBC  C011  F015         	movff	saveCode@code+2,??_saveCode+2
  3658   001BC0  C012  F016         	movff	saveCode@code+3,??_saveCode+3
  3659   001BC4  C014  F013         	movff	??_saveCode+1,??_saveCode
  3660   001BC8  C015  F014         	movff	??_saveCode+2,??_saveCode+1
  3661   001BCC  C016  F015         	movff	??_saveCode+3,??_saveCode+2
  3662   001BD0  6A16               	clrf	(??_saveCode+3)^0,c
  3663   001BD2  C013  F00F         	movff	??_saveCode,saveCode@code
  3664   001BD6  C014  F010         	movff	??_saveCode+1,saveCode@code+1
  3665   001BDA  C015  F011         	movff	??_saveCode+2,saveCode@code+2
  3666   001BDE  C016  F012         	movff	??_saveCode+3,saveCode@code+3
  3667   001BE2  5017               	movf	saveCode@codeNo^0,w,c
  3668   001BE4  6E13               	movwf	??_saveCode^0,c
  3669   001BE6  6A14               	clrf	(??_saveCode+1)^0,c
  3670   001BE8  90D8               	bcf	status,0,c
  3671   001BEA  3613               	rlcf	??_saveCode^0,f,c
  3672   001BEC  3614               	rlcf	(??_saveCode+1)^0,f,c
  3673   001BEE  90D8               	bcf	status,0,c
  3674   001BF0  3613               	rlcf	??_saveCode^0,f,c
  3675   001BF2  3614               	rlcf	(??_saveCode+1)^0,f,c
  3676   001BF4  0E01               	movlw	1
  3677   001BF6  2413               	addwf	??_saveCode^0,w,c
  3678   001BF8  6E0C               	movwf	EEPROM_Write@index^0,c
  3679   001BFA  0E00               	movlw	0
  3680   001BFC  2014               	addwfc	(??_saveCode+1)^0,w,c
  3681   001BFE  6E0D               	movwf	(EEPROM_Write@index+1)^0,c
  3682   001C00  C00F  F00E         	movff	saveCode@code,EEPROM_Write@value
  3683   001C04  EC2C  F011         	call	_EEPROM_Write	;wreg free
  3684   001C08  C00F  F013         	movff	saveCode@code,??_saveCode
  3685   001C0C  C010  F014         	movff	saveCode@code+1,??_saveCode+1
  3686   001C10  C011  F015         	movff	saveCode@code+2,??_saveCode+2
  3687   001C14  C012  F016         	movff	saveCode@code+3,??_saveCode+3
  3688   001C18  C014  F013         	movff	??_saveCode+1,??_saveCode
  3689   001C1C  C015  F014         	movff	??_saveCode+2,??_saveCode+1
  3690   001C20  C016  F015         	movff	??_saveCode+3,??_saveCode+2
  3691   001C24  6A16               	clrf	(??_saveCode+3)^0,c
  3692   001C26  C013  F00F         	movff	??_saveCode,saveCode@code
  3693   001C2A  C014  F010         	movff	??_saveCode+1,saveCode@code+1
  3694   001C2E  C015  F011         	movff	??_saveCode+2,saveCode@code+2
  3695   001C32  C016  F012         	movff	??_saveCode+3,saveCode@code+3
  3696   001C36  5017               	movf	saveCode@codeNo^0,w,c
  3697   001C38  0D04               	mullw	4
  3698   001C3A  CFF3 F00C          	movff	prodl,EEPROM_Write@index
  3699   001C3E  CFF4 F00D          	movff	prodh,EEPROM_Write@index+1
  3700   001C42  C00F  F00E         	movff	saveCode@code,EEPROM_Write@value
  3701   001C46  EC2C  F011         	call	_EEPROM_Write	;wreg free
  3702   001C4A  0012               	return		;funcret
  3703   001C4C                     __end_of_saveCode:
  3704                           	callstack 0
  3705                           
  3706 ;; *************** function _EEPROM_Write *****************
  3707 ;; Defined at:
  3708 ;;		line 219 in file "nvm.c"
  3709 ;; Parameters:    Size  Location     Type
  3710 ;;  index           2   11[COMRAM] unsigned short 
  3711 ;;  value           1   13[COMRAM] unsigned char 
  3712 ;; Auto vars:     Size  Location     Type
  3713 ;;  interruptEna    1    0        unsigned char 
  3714 ;; Return value:  Size  Location     Type
  3715 ;;                  1    wreg      unsigned char 
  3716 ;; Registers used:
  3717 ;;		wreg, status,2, status,0, cstack
  3718 ;; Tracked objects:
  3719 ;;		On entry : 0/0
  3720 ;;		On exit  : 0/0
  3721 ;;		Unchanged: 0/0
  3722 ;; Data sizes:     COMRAM   BANK0   BANK1   BANK2   BANK3   BANK4   BANK5   BANK6   BANK7   BANK8   BANK9  BANK10  BANK1
      +1  BANK12  BANK13  BANK14
  3723 ;;      Params:         3       0       0       0       0       0       0       0       0       0       0       0       
      +0       0       0       0
  3724 ;;      Locals:         0       0       0       0       0       0       0       0       0       0       0       0       
      +0       0       0       0
  3725 ;;      Temps:          0       0       0       0       0       0       0       0       0       0       0       0       
      +0       0       0       0
  3726 ;;      Totals:         3       0       0       0       0       0       0       0       0       0       0       0       
      +0       0       0       0
  3727 ;;Total ram usage:        3 bytes
  3728 ;; Hardware stack levels used: 1
  3729 ;; Hardware stack levels required when called: 6
  3730 ;; This function calls:
  3731 ;;		_EEPROM_Read
  3732 ;;		_EEPROM_WriteNoVerify
  3733 ;; This function is called by:
  3734 ;;		_saveCode
  3735 ;;		_writeNVM
  3736 ;; This function uses a non-reentrant model
  3737 ;;
  3738                           
  3739                           	psect	text11
  3740   002258                     __ptext11:
  3741                           	callstack 0
  3742   002258                     _EEPROM_Write:
  3743                           	callstack 22
  3744   002258  50F2               	movf	242,w,c	;volatile
  3745   00225A  50F2               	movf	242,w,c	;volatile
  3746   00225C                     l3132:
  3747                           
  3748                           ;nvm.c: 224:         EEPROM_WriteNoVerify(index, value);
  3749   00225C  C00C  F007         	movff	EEPROM_Write@index,EEPROM_WriteNoVerify@index
  3750   002260  C00D  F008         	movff	EEPROM_Write@index+1,EEPROM_WriteNoVerify@index+1
  3751   002264  C00E  F009         	movff	EEPROM_Write@value,EEPROM_WriteNoVerify@value
  3752   002268  ECAB  F00F         	call	_EEPROM_WriteNoVerify	;wreg free
  3753   00226C                     
  3754                           ;nvm.c: 227:         if (EEPROM_Read(index) == value) {
  3755   00226C  C00C  F007         	movff	EEPROM_Write@index,EEPROM_Read@index
  3756   002270  C00D  F008         	movff	EEPROM_Write@index+1,EEPROM_Read@index+1
  3757   002274  EC5F  F011         	call	_EEPROM_Read	;wreg free
  3758   002278  180E               	xorwf	EEPROM_Write@value^0,w,c
  3759   00227A  A4D8               	btfss	status,2,c
  3760   00227C  EF42  F011         	goto	u2491
  3761   002280  EF44  F011         	goto	u2490
  3762   002284                     u2491:
  3763   002284  EF2E  F011         	goto	l3132
  3764   002288                     u2490:
  3765   002288                     
  3766                           ;nvm.c: 240:     return 0;
  3767   002288  0E00               	movlw	0
  3768   00228A  0012               	return		;funcret
  3769   00228C                     __end_of_EEPROM_Write:
  3770                           	callstack 0
  3771                           
  3772 ;; *************** function _EEPROM_WriteNoVerify *****************
  3773 ;; Defined at:
  3774 ;;		line 249 in file "nvm.c"
  3775 ;; Parameters:    Size  Location     Type
  3776 ;;  index           2    6[COMRAM] unsigned short 
  3777 ;;  value           1    8[COMRAM] unsigned char 
  3778 ;; Auto vars:     Size  Location     Type
  3779 ;;  interruptEna    1   10[COMRAM] unsigned char 
  3780 ;; Return value:  Size  Location     Type
  3781 ;;                  1    wreg      unsigned char 
  3782 ;; Registers used:
  3783 ;;		wreg, status,2, status,0
  3784 ;; Tracked objects:
  3785 ;;		On entry : 0/0
  3786 ;;		On exit  : 0/0
  3787 ;;		Unchanged: 0/0
  3788 ;; Data sizes:     COMRAM   BANK0   BANK1   BANK2   BANK3   BANK4   BANK5   BANK6   BANK7   BANK8   BANK9  BANK10  BANK1
      +1  BANK12  BANK13  BANK14
  3789 ;;      Params:         3       0       0       0       0       0       0       0       0       0       0       0       
      +0       0       0       0
  3790 ;;      Locals:         1       0       0       0       0       0       0       0       0       0       0       0       
      +0       0       0       0
  3791 ;;      Temps:          1       0       0       0       0       0       0       0       0       0       0       0       
      +0       0       0       0
  3792 ;;      Totals:         5       0       0       0       0       0       0       0       0       0       0       0       
      +0       0       0       0
  3793 ;;Total ram usage:        5 bytes
  3794 ;; Hardware stack levels used: 1
  3795 ;; Hardware stack levels required when called: 5
  3796 ;; This function calls:
  3797 ;;		Nothing
  3798 ;; This function is called by:
  3799 ;;		_EEPROM_Write
  3800 ;; This function uses a non-reentrant model
  3801 ;;
  3802                           
  3803                           	psect	text12
  3804   001F56                     __ptext12:
  3805                           	callstack 0
  3806   001F56                     _EEPROM_WriteNoVerify:
  3807                           	callstack 22
  3808   001F56                     
  3809                           ;nvm.c: 250:     uint8_t interruptEnabled;;nvm.c: 251:     interruptEnabled = (INTCONbit
      +                          s.GIEH | INTCONbits.GIEL);
  3810   001F56  BCF2               	btfsc	242,6,c	;volatile
  3811   001F58  EFB0  F00F         	goto	u2401
  3812   001F5C  EFB4  F00F         	goto	u2400
  3813   001F60                     u2401:
  3814   001F60  6A0A               	clrf	??_EEPROM_WriteNoVerify^0,c
  3815   001F62  2A0A               	incf	??_EEPROM_WriteNoVerify^0,f,c
  3816   001F64  EFB5  F00F         	goto	u2408
  3817   001F68                     u2400:
  3818   001F68  6A0A               	clrf	??_EEPROM_WriteNoVerify^0,c
  3819   001F6A                     u2408:
  3820   001F6A  BEF2               	btfsc	242,7,c	;volatile
  3821   001F6C  EFBA  F00F         	goto	u2411
  3822   001F70  EFBD  F00F         	goto	u2410
  3823   001F74                     u2411:
  3824   001F74  0E01               	movlw	1
  3825   001F76  EFBE  F00F         	goto	u2416
  3826   001F7A                     u2410:
  3827   001F7A  0E00               	movlw	0
  3828   001F7C                     u2416:
  3829   001F7C  100A               	iorwf	??_EEPROM_WriteNoVerify^0,w,c
  3830   001F7E  6E0B               	movwf	EEPROM_WriteNoVerify@interruptEnabled^0,c
  3831   001F80                     
  3832                           ;nvm.c: 253:     EEADRH = (index >> 8)&0xFF;
  3833   001F80  5008               	movf	(EEPROM_WriteNoVerify@index+1)^0,w,c
  3834   001F82  6E75               	movwf	117,c	;volatile
  3835   001F84                     
  3836                           ;nvm.c: 254:     EEADR = index & 0xFF;
  3837   001F84  C007  FF74         	movff	EEPROM_WriteNoVerify@index,3956	;volatile
  3838   001F88                     
  3839                           ;nvm.c: 255:     EEDATA = value;
  3840   001F88  C009  FF73         	movff	EEPROM_WriteNoVerify@value,3955	;volatile
  3841   001F8C                     
  3842                           ;nvm.c: 256:     EECON1bits.EEPGD = 0;
  3843   001F8C  9E7F               	bcf	127,7,c	;volsfr
  3844   001F8E                     
  3845                           ;nvm.c: 257:     EECON1bits.CFGS = 0;
  3846   001F8E  9C7F               	bcf	127,6,c	;volsfr
  3847   001F90                     
  3848                           ;nvm.c: 258:     EECON1bits.WREN = 1;
  3849   001F90  847F               	bsf	127,2,c	;volsfr
  3850   001F92                     
  3851                           ;nvm.c: 260:     {INTCONbits.GIEH = INTCONbits.GIEL = 0;};
  3852   001F92  9CF2               	bcf	242,6,c	;volatile
  3853   001F94  9EF2               	bcf	242,7,c	;volatile
  3854   001F96                     
  3855                           ;nvm.c: 261:     EECON2 = 0x55;
  3856   001F96  0E55               	movlw	85
  3857   001F98  6E7E               	movwf	126,c	;volsfr
  3858   001F9A                     
  3859                           ;nvm.c: 262:     EECON2 = 0xAA;
  3860   001F9A  0EAA               	movlw	170
  3861   001F9C  6E7E               	movwf	126,c	;volsfr
  3862   001F9E                     
  3863                           ;nvm.c: 263:     EECON1bits.WR = 1;
  3864   001F9E  827F               	bsf	127,1,c	;volsfr
  3865   001FA0                     l201:
  3866                           
  3867                           ;nvm.c: 264:     while (EECON1bits.WR)
  3868   001FA0  B27F               	btfsc	127,1,c	;volsfr
  3869   001FA2  EFD5  F00F         	goto	u2421
  3870   001FA6  EFD7  F00F         	goto	u2420
  3871   001FAA                     u2421:
  3872   001FAA  EFD0  F00F         	goto	l201
  3873   001FAE                     u2420:
  3874   001FAE                     l204:
  3875                           
  3876                           ;nvm.c: 266:     while (!EEIF)
  3877   001FAE  ACB7               	btfss	4023,6,c	;volatile
  3878   001FB0  EFDC  F00F         	goto	u2431
  3879   001FB4  EFDE  F00F         	goto	u2430
  3880   001FB8                     u2431:
  3881   001FB8  EFD7  F00F         	goto	l204
  3882   001FBC                     u2430:
  3883   001FBC                     
  3884                           ;nvm.c: 268:     EEIF = 0;
  3885   001FBC  9CB7               	bcf	4023,6,c	;volatile
  3886   001FBE                     
  3887                           ;nvm.c: 269:     if (interruptEnabled) {
  3888   001FBE  500B               	movf	EEPROM_WriteNoVerify@interruptEnabled^0,w,c
  3889   001FC0  B4D8               	btfsc	status,2,c
  3890   001FC2  EFE5  F00F         	goto	u2441
  3891   001FC6  EFE7  F00F         	goto	u2440
  3892   001FCA                     u2441:
  3893   001FCA  EFE9  F00F         	goto	l207
  3894   001FCE                     u2440:
  3895   001FCE                     
  3896                           ;nvm.c: 271:         {INTCONbits.GIEH = INTCONbits.GIEL = 1;};
  3897   001FCE  8CF2               	bsf	242,6,c	;volatile
  3898   001FD0  8EF2               	bsf	242,7,c	;volatile
  3899   001FD2                     l207:
  3900                           
  3901                           ;nvm.c: 273:     EECON1bits.WREN = 0;
  3902   001FD2  947F               	bcf	127,2,c	;volsfr
  3903   001FD4  0012               	return		;funcret
  3904   001FD6                     __end_of_EEPROM_WriteNoVerify:
  3905                           	callstack 0
  3906                           
  3907 ;; *************** function _EEPROM_Read *****************
  3908 ;; Defined at:
  3909 ;;		line 172 in file "nvm.c"
  3910 ;; Parameters:    Size  Location     Type
  3911 ;;  index           2    6[COMRAM] unsigned short 
  3912 ;; Auto vars:     Size  Location     Type
  3913 ;;		None
  3914 ;; Return value:  Size  Location     Type
  3915 ;;                  1    wreg      unsigned char 
  3916 ;; Registers used:
  3917 ;;		wreg, status,2
  3918 ;; Tracked objects:
  3919 ;;		On entry : 0/0
  3920 ;;		On exit  : 0/0
  3921 ;;		Unchanged: 0/0
  3922 ;; Data sizes:     COMRAM   BANK0   BANK1   BANK2   BANK3   BANK4   BANK5   BANK6   BANK7   BANK8   BANK9  BANK10  BANK1
      +1  BANK12  BANK13  BANK14
  3923 ;;      Params:         2       0       0       0       0       0       0       0       0       0       0       0       
      +0       0       0       0
  3924 ;;      Locals:         0       0       0       0       0       0       0       0       0       0       0       0       
      +0       0       0       0
  3925 ;;      Temps:          0       0       0       0       0       0       0       0       0       0       0       0       
      +0       0       0       0
  3926 ;;      Totals:         2       0       0       0       0       0       0       0       0       0       0       0       
      +0       0       0       0
  3927 ;;Total ram usage:        2 bytes
  3928 ;; Hardware stack levels used: 1
  3929 ;; Hardware stack levels required when called: 5
  3930 ;; This function calls:
  3931 ;;		Nothing
  3932 ;; This function is called by:
  3933 ;;		_loadCode
  3934 ;;		_EEPROM_Write
  3935 ;;		_readNVM
  3936 ;; This function uses a non-reentrant model
  3937 ;;
  3938                           
  3939                           	psect	text13
  3940   0022BE                     __ptext13:
  3941                           	callstack 0
  3942   0022BE                     _EEPROM_Read:
  3943                           	callstack 23
  3944   0022BE                     l186:
  3945                           
  3946                           ;nvm.c: 175:     while (EECON1bits.WR)
  3947   0022BE  B27F               	btfsc	127,1,c	;volsfr
  3948   0022C0  EF64  F011         	goto	u2381
  3949   0022C4  EF66  F011         	goto	u2380
  3950   0022C8                     u2381:
  3951   0022C8  EF5F  F011         	goto	l186
  3952   0022CC                     u2380:
  3953   0022CC                     
  3954                           ;nvm.c: 178:     EEADRH = (index >> 8)&0xFF;
  3955   0022CC  5008               	movf	(EEPROM_Read@index+1)^0,w,c
  3956   0022CE  6E75               	movwf	117,c	;volatile
  3957   0022D0                     
  3958                           ;nvm.c: 179:     EEADR = index & 0xFF;
  3959   0022D0  C007  FF74         	movff	EEPROM_Read@index,3956	;volatile
  3960   0022D4                     
  3961                           ;nvm.c: 180:     EECON1bits.EEPGD = 0;
  3962   0022D4  9E7F               	bcf	127,7,c	;volsfr
  3963   0022D6                     
  3964                           ;nvm.c: 181:     EECON1bits.CFGS = 0;
  3965   0022D6  9C7F               	bcf	127,6,c	;volsfr
  3966   0022D8                     
  3967                           ;nvm.c: 182:     EECON1bits.RD = 1;
  3968   0022D8  807F               	bsf	127,0,c	;volsfr
  3969   0022DA                     l189:
  3970                           
  3971                           ;nvm.c: 183:     while (EECON1bits.RD)
  3972   0022DA  B07F               	btfsc	127,0,c	;volsfr
  3973   0022DC  EF72  F011         	goto	u2391
  3974   0022E0  EF74  F011         	goto	u2390
  3975   0022E4                     u2391:
  3976   0022E4  EF6D  F011         	goto	l189
  3977   0022E8                     u2390:
  3978   0022E8  0000               	nop		;# 
  3979   0022EA                     
  3980                           ;nvm.c: 188:     return EEDATA;
  3981   0022EA  5073               	movf	115,w,c	;volatile
  3982   0022EC  0012               	return		;funcret
  3983   0022EE                     __end_of_EEPROM_Read:
  3984                           	callstack 0
  3985                           
  3986 ;; *************** function _ir_decode *****************
  3987 ;; Defined at:
  3988 ;;		line 184 in file "ir.c"
  3989 ;; Parameters:    Size  Location     Type
  3990 ;;  results         1   80[COMRAM] PTR struct .
  3991 ;;		 -> ir_results(14), 
  3992 ;; Auto vars:     Size  Location     Type
  3993 ;;		None
  3994 ;; Return value:  Size  Location     Type
  3995 ;;                  1    wreg      unsigned char 
  3996 ;; Registers used:
  3997 ;;		wreg, fsr2l, fsr2h, status,2, status,0, prodl, prodh, cstack
  3998 ;; Tracked objects:
  3999 ;;		On entry : 0/0
  4000 ;;		On exit  : 0/0
  4001 ;;		Unchanged: 0/0
  4002 ;; Data sizes:     COMRAM   BANK0   BANK1   BANK2   BANK3   BANK4   BANK5   BANK6   BANK7   BANK8   BANK9  BANK10  BANK1
      +1  BANK12  BANK13  BANK14
  4003 ;;      Params:         1       0       0       0       0       0       0       0       0       0       0       0       
      +0       0       0       0
  4004 ;;      Locals:         0       0       0       0       0       0       0       0       0       0       0       0       
      +0       0       0       0
  4005 ;;      Temps:          0       0       0       0       0       0       0       0       0       0       0       0       
      +0       0       0       0
  4006 ;;      Totals:         1       0       0       0       0       0       0       0       0       0       0       0       
      +0       0       0       0
  4007 ;;Total ram usage:        1 bytes
  4008 ;; Hardware stack levels used: 1
  4009 ;; Hardware stack levels required when called: 8
  4010 ;; This function calls:
  4011 ;;		_ir_decodeHash
  4012 ;;		_ir_resume
  4013 ;; This function is called by:
  4014 ;;		_loop
  4015 ;; This function uses a non-reentrant model
  4016 ;;
  4017                           
  4018                           	psect	text14
  4019   002048                     __ptext14:
  4020                           	callstack 0
  4021   002048                     _ir_decode:
  4022                           	callstack 21
  4023   002048                     
  4024                           ;ir.c: 185:   results->rawlen = irparams.rawlen;
  4025   002048  5051               	movf	ir_decode@results^0,w,c
  4026   00204A  6ED9               	movwf	fsr2l,c
  4027   00204C  6ADA               	clrf	fsr2h,c
  4028   00204E  0E0C               	movlw	12
  4029   002050  26D9               	addwf	fsr2l,f,c
  4030   002052  C1CB  FFDE         	movff	_irparams+203,postinc2	;volatile
  4031   002056  C1CC  FFDD         	movff	_irparams+204,postdec2	;volatile
  4032                           
  4033                           ;ir.c: 186:   results->rawbuf = (volatile unsigned int *)&irparams.rawbuf[0];
  4034   00205A  5051               	movf	ir_decode@results^0,w,c
  4035   00205C  6ED9               	movwf	fsr2l,c
  4036   00205E  6ADA               	clrf	fsr2h,c
  4037   002060  0E0A               	movlw	10
  4038   002062  26D9               	addwf	fsr2l,f,c
  4039   002064  0E03               	movlw	low (_irparams+3)
  4040   002066  6EDE               	movwf	postinc2,c
  4041   002068  0E01               	movlw	high (_irparams+3)
  4042   00206A  6EDD               	movwf	postdec2,c
  4043   00206C                     
  4044                           ;ir.c: 187:   if (irparams.rcvstate != 5) {
  4045   00206C  0E05               	movlw	5
  4046   00206E  0101               	movlb	1	; () banked
  4047   002070  1900               	xorwf	_irparams& (0+255),w,b	;volatile
  4048   002072  B4D8               	btfsc	status,2,c
  4049   002074  EF3E  F010         	goto	u2521
  4050   002078  EF40  F010         	goto	u2520
  4051   00207C                     u2521:
  4052   00207C  EF43  F010         	goto	l3194
  4053   002080                     u2520:
  4054   002080                     l3190:
  4055                           
  4056                           ;ir.c: 188:     return 0;
  4057   002080  0E00               	movlw	0
  4058   002082  EF59  F010         	goto	l331
  4059   002086                     l3194:
  4060                           
  4061                           ; BSR set to: 1
  4062                           ;ir.c: 194:   if (ir_decodeHash(results)) {
  4063   002086  C051  F03E         	movff	ir_decode@results,ir_decodeHash@results
  4064   00208A  ECE1  F00C         	call	_ir_decodeHash	;wreg free
  4065   00208E  503E               	movf	?_ir_decodeHash^0,w,c
  4066   002090  103F               	iorwf	(?_ir_decodeHash+1)^0,w,c
  4067   002092  1040               	iorwf	(?_ir_decodeHash+2)^0,w,c
  4068   002094  1041               	iorwf	(?_ir_decodeHash+3)^0,w,c
  4069   002096  B4D8               	btfsc	status,2,c
  4070   002098  EF50  F010         	goto	u2531
  4071   00209C  EF52  F010         	goto	u2530
  4072   0020A0                     u2531:
  4073   0020A0  EF55  F010         	goto	l3200
  4074   0020A4                     u2530:
  4075   0020A4                     
  4076                           ;ir.c: 195:     return 1;
  4077   0020A4  0E01               	movlw	1
  4078   0020A6  EF59  F010         	goto	l331
  4079   0020AA                     l3200:
  4080                           
  4081                           ;ir.c: 198:   ir_resume();
  4082   0020AA  ECA9  F011         	call	_ir_resume	;wreg free
  4083   0020AE  EF40  F010         	goto	l3190
  4084   0020B2                     l331:
  4085   0020B2  0012               	return		;funcret
  4086   0020B4                     __end_of_ir_decode:
  4087                           	callstack 0
  4088                           
  4089 ;; *************** function _ir_resume *****************
  4090 ;; Defined at:
  4091 ;;		line 175 in file "ir.c"
  4092 ;; Parameters:    Size  Location     Type
  4093 ;;		None
  4094 ;; Auto vars:     Size  Location     Type
  4095 ;;		None
  4096 ;; Return value:  Size  Location     Type
  4097 ;;                  1    wreg      void 
  4098 ;; Registers used:
  4099 ;;		wreg, status,2
  4100 ;; Tracked objects:
  4101 ;;		On entry : 0/0
  4102 ;;		On exit  : 0/0
  4103 ;;		Unchanged: 0/0
  4104 ;; Data sizes:     COMRAM   BANK0   BANK1   BANK2   BANK3   BANK4   BANK5   BANK6   BANK7   BANK8   BANK9  BANK10  BANK1
      +1  BANK12  BANK13  BANK14
  4105 ;;      Params:         0       0       0       0       0       0       0       0       0       0       0       0       
      +0       0       0       0
  4106 ;;      Locals:         0       0       0       0       0       0       0       0       0       0       0       0       
      +0       0       0       0
  4107 ;;      Temps:          0       0       0       0       0       0       0       0       0       0       0       0       
      +0       0       0       0
  4108 ;;      Totals:         0       0       0       0       0       0       0       0       0       0       0       0       
      +0       0       0       0
  4109 ;;Total ram usage:        0 bytes
  4110 ;; Hardware stack levels used: 1
  4111 ;; Hardware stack levels required when called: 5
  4112 ;; This function calls:
  4113 ;;		Nothing
  4114 ;; This function is called by:
  4115 ;;		_loop
  4116 ;;		_ir_decode
  4117 ;; This function uses a non-reentrant model
  4118 ;;
  4119                           
  4120                           	psect	text15
  4121   002352                     __ptext15:
  4122                           	callstack 0
  4123   002352                     _ir_resume:
  4124                           	callstack 24
  4125   002352                     
  4126                           ;ir.c: 176:     irparams.rcvstate = 2;
  4127   002352  0E02               	movlw	2
  4128   002354  0101               	movlb	1	; () banked
  4129   002356  6F00               	movwf	_irparams& (0+255),b	;volatile
  4130                           
  4131                           ;ir.c: 177:     irparams.rawlen = 0;
  4132   002358  0E00               	movlw	0
  4133   00235A  6FCC               	movwf	(_irparams+204)& (0+255),b	;volatile
  4134   00235C  0E00               	movlw	0
  4135   00235E  6FCB               	movwf	(_irparams+203)& (0+255),b	;volatile
  4136   002360                     
  4137                           ; BSR set to: 1
  4138   002360  0012               	return		;funcret
  4139   002362                     __end_of_ir_resume:
  4140                           	callstack 0
  4141                           
  4142 ;; *************** function _ir_decodeHash *****************
  4143 ;; Defined at:
  4144 ;;		line 282 in file "ir.c"
  4145 ;; Parameters:    Size  Location     Type
  4146 ;;  results         1   61[COMRAM] PTR struct .
  4147 ;;		 -> ir_results(14), 
  4148 ;; Auto vars:     Size  Location     Type
  4149 ;;  value           1   73[COMRAM] unsigned char 
  4150 ;;  hash            4   74[COMRAM] unsigned long 
  4151 ;;  i               2   78[COMRAM] int 
  4152 ;; Return value:  Size  Location     Type
  4153 ;;                  4   61[COMRAM] long 
  4154 ;; Registers used:
  4155 ;;		wreg, fsr2l, fsr2h, status,2, status,0, prodl, prodh, cstack
  4156 ;; Tracked objects:
  4157 ;;		On entry : 0/0
  4158 ;;		On exit  : 0/0
  4159 ;;		Unchanged: 0/0
  4160 ;; Data sizes:     COMRAM   BANK0   BANK1   BANK2   BANK3   BANK4   BANK5   BANK6   BANK7   BANK8   BANK9  BANK10  BANK1
      +1  BANK12  BANK13  BANK14
  4161 ;;      Params:         4       0       0       0       0       0       0       0       0       0       0       0       
      +0       0       0       0
  4162 ;;      Locals:         7       0       0       0       0       0       0       0       0       0       0       0       
      +0       0       0       0
  4163 ;;      Temps:          8       0       0       0       0       0       0       0       0       0       0       0       
      +0       0       0       0
  4164 ;;      Totals:        19       0       0       0       0       0       0       0       0       0       0       0       
      +0       0       0       0
  4165 ;;Total ram usage:       19 bytes
  4166 ;; Hardware stack levels used: 1
  4167 ;; Hardware stack levels required when called: 7
  4168 ;; This function calls:
  4169 ;;		___lmul
  4170 ;;		_ir_compare
  4171 ;; This function is called by:
  4172 ;;		_ir_decode
  4173 ;; This function uses a non-reentrant model
  4174 ;;
  4175                           
  4176                           	psect	text16
  4177   0019C2                     __ptext16:
  4178                           	callstack 0
  4179   0019C2                     _ir_decodeHash:
  4180                           	callstack 21
  4181   0019C2                     
  4182                           ;ir.c: 282: static long ir_decodeHash(decode_results *results);ir.c: 283: {;ir.c: 284:  
      +                           unsigned long hash = 2166136261;
  4183   0019C2  0EC5               	movlw	197
  4184   0019C4  6E4B               	movwf	ir_decodeHash@hash^0,c
  4185   0019C6  0E9D               	movlw	157
  4186   0019C8  6E4C               	movwf	(ir_decodeHash@hash+1)^0,c
  4187   0019CA  0E1C               	movlw	28
  4188   0019CC  6E4D               	movwf	(ir_decodeHash@hash+2)^0,c
  4189   0019CE  0E81               	movlw	129
  4190   0019D0  6E4E               	movwf	(ir_decodeHash@hash+3)^0,c
  4191   0019D2                     
  4192                           ;ir.c: 287:   if (results->rawlen < 6) {
  4193   0019D2  503E               	movf	ir_decodeHash@results^0,w,c
  4194   0019D4  6ED9               	movwf	fsr2l,c
  4195   0019D6  6ADA               	clrf	fsr2h,c
  4196   0019D8  0E0C               	movlw	12
  4197   0019DA  26D9               	addwf	fsr2l,f,c
  4198   0019DC  0E01               	movlw	1
  4199   0019DE  50DB               	movf	plusw2,w,c
  4200   0019E0  E107               	bnz	u2501
  4201   0019E2  0E06               	movlw	6
  4202   0019E4  5CDE               	subwf	postinc2,w,c
  4203   0019E6  B0D8               	btfsc	status,0,c
  4204   0019E8  EFF8  F00C         	goto	u2501
  4205   0019EC  EFFA  F00C         	goto	u2500
  4206   0019F0                     u2501:
  4207   0019F0  EF04  F00D         	goto	l3150
  4208   0019F4                     u2500:
  4209   0019F4                     
  4210                           ;ir.c: 288:     return 0;
  4211   0019F4  0E00               	movlw	0
  4212   0019F6  6E3E               	movwf	?_ir_decodeHash^0,c
  4213   0019F8  0E00               	movlw	0
  4214   0019FA  6E3F               	movwf	(?_ir_decodeHash+1)^0,c
  4215   0019FC  0E00               	movlw	0
  4216   0019FE  6E40               	movwf	(?_ir_decodeHash+2)^0,c
  4217   001A00  0E00               	movlw	0
  4218   001A02  6E41               	movwf	(?_ir_decodeHash+3)^0,c
  4219   001A04  EF9B  F00D         	goto	l358
  4220   001A08                     l3150:
  4221                           
  4222                           ;ir.c: 291:   for (i = 1; i+2 < results->rawlen; i++) {
  4223   001A08  0E00               	movlw	0
  4224   001A0A  6E50               	movwf	(ir_decodeHash@i+1)^0,c
  4225   001A0C  0E01               	movlw	1
  4226   001A0E  6E4F               	movwf	ir_decodeHash@i^0,c
  4227   001A10  EF60  F00D         	goto	l3158
  4228   001A14                     l3152:
  4229                           
  4230                           ;ir.c: 292:     uint8_t value = ir_compare(results->rawbuf[i], results->rawbuf[i+2]);
  4231   001A14  503E               	movf	ir_decodeHash@results^0,w,c
  4232   001A16  6ED9               	movwf	fsr2l,c
  4233   001A18  6ADA               	clrf	fsr2h,c
  4234   001A1A  0E0A               	movlw	10
  4235   001A1C  26D9               	addwf	fsr2l,f,c
  4236   001A1E  CFDE F042          	movff	postinc2,??_ir_decodeHash
  4237   001A22  CFDD F043          	movff	postdec2,??_ir_decodeHash+1
  4238   001A26  90D8               	bcf	status,0,c
  4239   001A28  344F               	rlcf	ir_decodeHash@i^0,w,c
  4240   001A2A  6ED9               	movwf	fsr2l,c
  4241   001A2C  3450               	rlcf	(ir_decodeHash@i+1)^0,w,c
  4242   001A2E  6EDA               	movwf	fsr2h,c
  4243   001A30  5042               	movf	??_ir_decodeHash^0,w,c
  4244   001A32  26D9               	addwf	fsr2l,f,c
  4245   001A34  5043               	movf	(??_ir_decodeHash+1)^0,w,c
  4246   001A36  22DA               	addwfc	fsr2h,f,c
  4247   001A38  CFDE F03A          	movff	postinc2,ir_compare@oldval
  4248   001A3C  CFDD F03B          	movff	postdec2,ir_compare@oldval+1
  4249   001A40  C04F  F044         	movff	ir_decodeHash@i,??_ir_decodeHash+2
  4250   001A44  C050  F045         	movff	ir_decodeHash@i+1,??_ir_decodeHash+3
  4251   001A48  90D8               	bcf	status,0,c
  4252   001A4A  3644               	rlcf	(??_ir_decodeHash+2)^0,f,c
  4253   001A4C  3645               	rlcf	(??_ir_decodeHash+3)^0,f,c
  4254   001A4E  503E               	movf	ir_decodeHash@results^0,w,c
  4255   001A50  6ED9               	movwf	fsr2l,c
  4256   001A52  6ADA               	clrf	fsr2h,c
  4257   001A54  0E0A               	movlw	10
  4258   001A56  26D9               	addwf	fsr2l,f,c
  4259   001A58  CFDE F046          	movff	postinc2,??_ir_decodeHash+4
  4260   001A5C  CFDD F047          	movff	postdec2,??_ir_decodeHash+5
  4261   001A60  5044               	movf	(??_ir_decodeHash+2)^0,w,c
  4262   001A62  2446               	addwf	(??_ir_decodeHash+4)^0,w,c
  4263   001A64  6E48               	movwf	(??_ir_decodeHash+6)^0,c
  4264   001A66  5045               	movf	(??_ir_decodeHash+3)^0,w,c
  4265   001A68  2047               	addwfc	(??_ir_decodeHash+5)^0,w,c
  4266   001A6A  6E49               	movwf	(??_ir_decodeHash+7)^0,c
  4267   001A6C  0E04               	movlw	4
  4268   001A6E  2448               	addwf	(??_ir_decodeHash+6)^0,w,c
  4269   001A70  6ED9               	movwf	fsr2l,c
  4270   001A72  0E00               	movlw	0
  4271   001A74  2049               	addwfc	(??_ir_decodeHash+7)^0,w,c
  4272   001A76  6EDA               	movwf	fsr2h,c
  4273   001A78  CFDE F03C          	movff	postinc2,ir_compare@newval
  4274   001A7C  CFDD F03D          	movff	postdec2,ir_compare@newval+1
  4275   001A80  EC26  F00E         	call	_ir_compare	;wreg free
  4276   001A84  6E4A               	movwf	ir_decodeHash@value^0,c
  4277   001A86                     
  4278                           ;ir.c: 294:     hash = (hash * 16777619) ^ value;
  4279   001A86  C04B  F007         	movff	ir_decodeHash@hash,___lmul@multiplier
  4280   001A8A  C04C  F008         	movff	ir_decodeHash@hash+1,___lmul@multiplier+1
  4281   001A8E  C04D  F009         	movff	ir_decodeHash@hash+2,___lmul@multiplier+2
  4282   001A92  C04E  F00A         	movff	ir_decodeHash@hash+3,___lmul@multiplier+3
  4283   001A96  0E93               	movlw	147
  4284   001A98  6E0B               	movwf	___lmul@multiplicand^0,c
  4285   001A9A  0E01               	movlw	1
  4286   001A9C  6E0C               	movwf	(___lmul@multiplicand+1)^0,c
  4287   001A9E  0E00               	movlw	0
  4288   001AA0  6E0D               	movwf	(___lmul@multiplicand+2)^0,c
  4289   001AA2  0E01               	movlw	1
  4290   001AA4  6E0E               	movwf	(___lmul@multiplicand+3)^0,c
  4291   001AA6  EC5A  F010         	call	___lmul	;wreg free
  4292   001AAA  504A               	movf	ir_decodeHash@value^0,w,c
  4293   001AAC  1807               	xorwf	?___lmul^0,w,c
  4294   001AAE  6E4B               	movwf	ir_decodeHash@hash^0,c
  4295   001AB0  5008               	movf	(?___lmul+1)^0,w,c
  4296   001AB2  6E4C               	movwf	(ir_decodeHash@hash+1)^0,c
  4297   001AB4  5009               	movf	(?___lmul+2)^0,w,c
  4298   001AB6  6E4D               	movwf	(ir_decodeHash@hash+2)^0,c
  4299   001AB8  500A               	movf	(?___lmul+3)^0,w,c
  4300   001ABA  6E4E               	movwf	(ir_decodeHash@hash+3)^0,c
  4301   001ABC                     
  4302                           ;ir.c: 295:   }
  4303   001ABC  4A4F               	infsnz	ir_decodeHash@i^0,f,c
  4304   001ABE  2A50               	incf	(ir_decodeHash@i+1)^0,f,c
  4305   001AC0                     l3158:
  4306   001AC0  503E               	movf	ir_decodeHash@results^0,w,c
  4307   001AC2  6ED9               	movwf	fsr2l,c
  4308   001AC4  6ADA               	clrf	fsr2h,c
  4309   001AC6  0E0C               	movlw	12
  4310   001AC8  26D9               	addwf	fsr2l,f,c
  4311   001ACA  0E02               	movlw	2
  4312   001ACC  244F               	addwf	ir_decodeHash@i^0,w,c
  4313   001ACE  6E44               	movwf	(??_ir_decodeHash+2)^0,c
  4314   001AD0  0E00               	movlw	0
  4315   001AD2  2050               	addwfc	(ir_decodeHash@i+1)^0,w,c
  4316   001AD4  6E45               	movwf	(??_ir_decodeHash+3)^0,c
  4317   001AD6  50DE               	movf	postinc2,w,c
  4318   001AD8  5C44               	subwf	(??_ir_decodeHash+2)^0,w,c
  4319   001ADA  50DE               	movf	postinc2,w,c
  4320   001ADC  5845               	subwfb	(??_ir_decodeHash+3)^0,w,c
  4321   001ADE  A0D8               	btfss	status,0,c
  4322   001AE0  EF74  F00D         	goto	u2511
  4323   001AE4  EF76  F00D         	goto	u2510
  4324   001AE8                     u2511:
  4325   001AE8  EF0A  F00D         	goto	l3152
  4326   001AEC                     u2510:
  4327   001AEC                     
  4328                           ;ir.c: 296:   results->value = hash;
  4329   001AEC  503E               	movf	ir_decodeHash@results^0,w,c
  4330   001AEE  6ED9               	movwf	fsr2l,c
  4331   001AF0  6ADA               	clrf	fsr2h,c
  4332   001AF2  0E04               	movlw	4
  4333   001AF4  26D9               	addwf	fsr2l,f,c
  4334   001AF6  C04B  FFDE         	movff	ir_decodeHash@hash,postinc2
  4335   001AFA  C04C  FFDE         	movff	ir_decodeHash@hash+1,postinc2
  4336   001AFE  C04D  FFDE         	movff	ir_decodeHash@hash+2,postinc2
  4337   001B02  C04E  FFDE         	movff	ir_decodeHash@hash+3,postinc2
  4338                           
  4339                           ;ir.c: 297:   results->bits = 32;
  4340   001B06  503E               	movf	ir_decodeHash@results^0,w,c
  4341   001B08  6ED9               	movwf	fsr2l,c
  4342   001B0A  6ADA               	clrf	fsr2h,c
  4343   001B0C  0E08               	movlw	8
  4344   001B0E  26D9               	addwf	fsr2l,f,c
  4345   001B10  0E20               	movlw	32
  4346   001B12  6EDE               	movwf	postinc2,c
  4347   001B14  0E00               	movlw	0
  4348   001B16  6EDD               	movwf	postdec2,c
  4349   001B18                     
  4350                           ;ir.c: 298:   results->decode_type = -1;
  4351   001B18  503E               	movf	ir_decodeHash@results^0,w,c
  4352   001B1A  6ED9               	movwf	fsr2l,c
  4353   001B1C  6ADA               	clrf	fsr2h,c
  4354   001B1E  0EFF               	movlw	255
  4355   001B20  6EDE               	movwf	postinc2,c
  4356   001B22  0EFF               	movlw	255
  4357   001B24  6EDD               	movwf	postdec2,c
  4358   001B26                     
  4359                           ;ir.c: 299:   return 1;
  4360   001B26  0E01               	movlw	1
  4361   001B28  6E3E               	movwf	?_ir_decodeHash^0,c
  4362   001B2A  0E00               	movlw	0
  4363   001B2C  6E3F               	movwf	(?_ir_decodeHash+1)^0,c
  4364   001B2E  0E00               	movlw	0
  4365   001B30  6E40               	movwf	(?_ir_decodeHash+2)^0,c
  4366   001B32  0E00               	movlw	0
  4367   001B34  6E41               	movwf	(?_ir_decodeHash+3)^0,c
  4368   001B36                     l358:
  4369   001B36  0012               	return		;funcret
  4370   001B38                     __end_of_ir_decodeHash:
  4371                           	callstack 0
  4372                           
  4373 ;; *************** function _ir_compare *****************
  4374 ;; Defined at:
  4375 ;;		line 262 in file "ir.c"
  4376 ;; Parameters:    Size  Location     Type
  4377 ;;  oldval          2   57[COMRAM] unsigned int 
  4378 ;;  newval          2   59[COMRAM] unsigned int 
  4379 ;; Auto vars:     Size  Location     Type
  4380 ;;		None
  4381 ;; Return value:  Size  Location     Type
  4382 ;;                  1    wreg      unsigned char 
  4383 ;; Registers used:
  4384 ;;		wreg, status,2, status,0, prodl, prodh, cstack
  4385 ;; Tracked objects:
  4386 ;;		On entry : 0/0
  4387 ;;		On exit  : 0/0
  4388 ;;		Unchanged: 0/0
  4389 ;; Data sizes:     COMRAM   BANK0   BANK1   BANK2   BANK3   BANK4   BANK5   BANK6   BANK7   BANK8   BANK9  BANK10  BANK1
      +1  BANK12  BANK13  BANK14
  4390 ;;      Params:         4       0       0       0       0       0       0       0       0       0       0       0       
      +0       0       0       0
  4391 ;;      Locals:         0       0       0       0       0       0       0       0       0       0       0       0       
      +0       0       0       0
  4392 ;;      Temps:          0       0       0       0       0       0       0       0       0       0       0       0       
      +0       0       0       0
  4393 ;;      Totals:         4       0       0       0       0       0       0       0       0       0       0       0       
      +0       0       0       0
  4394 ;;Total ram usage:        4 bytes
  4395 ;; Hardware stack levels used: 1
  4396 ;; Hardware stack levels required when called: 6
  4397 ;; This function calls:
  4398 ;;		___flge
  4399 ;;		___flmul
  4400 ;;		___xxtofl
  4401 ;; This function is called by:
  4402 ;;		_ir_decodeHash
  4403 ;; This function uses a non-reentrant model
  4404 ;;
  4405                           
  4406                           	psect	text17
  4407   001C4C                     __ptext17:
  4408                           	callstack 0
  4409   001C4C                     _ir_compare:
  4410                           	callstack 21
  4411   001C4C                     
  4412                           ;ir.c: 263:   if (newval < oldval * .8) {
  4413   001C4C  C03C  F007         	movff	ir_compare@newval,___xxtofl@val
  4414   001C50  C03D  F008         	movff	ir_compare@newval+1,___xxtofl@val+1
  4415   001C54  6A09               	clrf	(___xxtofl@val+2)^0,c
  4416   001C56  6A0A               	clrf	(___xxtofl@val+3)^0,c
  4417   001C58  0E00               	movlw	0
  4418   001C5A  EC3C  F00B         	call	___xxtofl
  4419   001C5E  C007  F02E         	movff	?___xxtofl,___flge@ff1
  4420   001C62  C008  F02F         	movff	?___xxtofl+1,___flge@ff1+1
  4421   001C66  C009  F030         	movff	?___xxtofl+2,___flge@ff1+2
  4422   001C6A  C00A  F031         	movff	?___xxtofl+3,___flge@ff1+3
  4423   001C6E  0ECD               	movlw	205
  4424   001C70  6E19               	movwf	___flmul@a^0,c
  4425   001C72  0ECC               	movlw	204
  4426   001C74  6E1A               	movwf	(___flmul@a+1)^0,c
  4427   001C76  0E4C               	movlw	76
  4428   001C78  6E1B               	movwf	(___flmul@a+2)^0,c
  4429   001C7A  0E3F               	movlw	63
  4430   001C7C  6E1C               	movwf	(___flmul@a+3)^0,c
  4431   001C7E  C03A  F007         	movff	ir_compare@oldval,___xxtofl@val
  4432   001C82  C03B  F008         	movff	ir_compare@oldval+1,___xxtofl@val+1
  4433   001C86  6A09               	clrf	(___xxtofl@val+2)^0,c
  4434   001C88  6A0A               	clrf	(___xxtofl@val+3)^0,c
  4435   001C8A  0E00               	movlw	0
  4436   001C8C  EC3C  F00B         	call	___xxtofl
  4437   001C90  C007  F015         	movff	?___xxtofl,___flmul@b
  4438   001C94  C008  F016         	movff	?___xxtofl+1,___flmul@b+1
  4439   001C98  C009  F017         	movff	?___xxtofl+2,___flmul@b+2
  4440   001C9C  C00A  F018         	movff	?___xxtofl+3,___flmul@b+3
  4441   001CA0  EC01  F008         	call	___flmul	;wreg free
  4442   001CA4  C015  F032         	movff	?___flmul,___flge@ff2
  4443   001CA8  C016  F033         	movff	?___flmul+1,___flge@ff2+1
  4444   001CAC  C017  F034         	movff	?___flmul+2,___flge@ff2+2
  4445   001CB0  C018  F035         	movff	?___flmul+3,___flge@ff2+3
  4446   001CB4  ECA8  F00E         	call	___flge	;wreg free
  4447   001CB8  B0D8               	btfsc	status,0,c
  4448   001CBA  EF61  F00E         	goto	u2451
  4449   001CBE  EF63  F00E         	goto	u2450
  4450   001CC2                     u2451:
  4451   001CC2  EF66  F00E         	goto	l3106
  4452   001CC6                     u2450:
  4453   001CC6                     
  4454                           ;ir.c: 264:     return 0;
  4455   001CC6  0E00               	movlw	0
  4456   001CC8  EFA7  F00E         	goto	l351
  4457   001CCC                     l3106:
  4458   001CCC  C03A  F007         	movff	ir_compare@oldval,___xxtofl@val
  4459   001CD0  C03B  F008         	movff	ir_compare@oldval+1,___xxtofl@val+1
  4460   001CD4  6A09               	clrf	(___xxtofl@val+2)^0,c
  4461   001CD6  6A0A               	clrf	(___xxtofl@val+3)^0,c
  4462   001CD8  0E00               	movlw	0
  4463   001CDA  EC3C  F00B         	call	___xxtofl
  4464   001CDE  C007  F02E         	movff	?___xxtofl,___flge@ff1
  4465   001CE2  C008  F02F         	movff	?___xxtofl+1,___flge@ff1+1
  4466   001CE6  C009  F030         	movff	?___xxtofl+2,___flge@ff1+2
  4467   001CEA  C00A  F031         	movff	?___xxtofl+3,___flge@ff1+3
  4468   001CEE  0ECD               	movlw	205
  4469   001CF0  6E19               	movwf	___flmul@a^0,c
  4470   001CF2  0ECC               	movlw	204
  4471   001CF4  6E1A               	movwf	(___flmul@a+1)^0,c
  4472   001CF6  0E4C               	movlw	76
  4473   001CF8  6E1B               	movwf	(___flmul@a+2)^0,c
  4474   001CFA  0E3F               	movlw	63
  4475   001CFC  6E1C               	movwf	(___flmul@a+3)^0,c
  4476   001CFE  C03C  F007         	movff	ir_compare@newval,___xxtofl@val
  4477   001D02  C03D  F008         	movff	ir_compare@newval+1,___xxtofl@val+1
  4478   001D06  6A09               	clrf	(___xxtofl@val+2)^0,c
  4479   001D08  6A0A               	clrf	(___xxtofl@val+3)^0,c
  4480   001D0A  0E00               	movlw	0
  4481   001D0C  EC3C  F00B         	call	___xxtofl
  4482   001D10  C007  F015         	movff	?___xxtofl,___flmul@b
  4483   001D14  C008  F016         	movff	?___xxtofl+1,___flmul@b+1
  4484   001D18  C009  F017         	movff	?___xxtofl+2,___flmul@b+2
  4485   001D1C  C00A  F018         	movff	?___xxtofl+3,___flmul@b+3
  4486   001D20  EC01  F008         	call	___flmul	;wreg free
  4487   001D24  C015  F032         	movff	?___flmul,___flge@ff2
  4488   001D28  C016  F033         	movff	?___flmul+1,___flge@ff2+1
  4489   001D2C  C017  F034         	movff	?___flmul+2,___flge@ff2+2
  4490   001D30  C018  F035         	movff	?___flmul+3,___flge@ff2+3
  4491   001D34  ECA8  F00E         	call	___flge	;wreg free
  4492   001D38  B0D8               	btfsc	status,0,c
  4493   001D3A  EFA1  F00E         	goto	u2461
  4494   001D3E  EFA3  F00E         	goto	u2460
  4495   001D42                     u2461:
  4496   001D42  EFA6  F00E         	goto	l3114
  4497   001D46                     u2460:
  4498   001D46                     
  4499                           ;ir.c: 267:     return 2;
  4500   001D46  0E02               	movlw	2
  4501   001D48  EFA7  F00E         	goto	l351
  4502   001D4C                     l3114:
  4503                           
  4504                           ;ir.c: 270:     return 1;
  4505   001D4C  0E01               	movlw	1
  4506   001D4E                     l351:
  4507   001D4E  0012               	return		;funcret
  4508   001D50                     __end_of_ir_compare:
  4509                           	callstack 0
  4510                           
  4511 ;; *************** function ___xxtofl *****************
  4512 ;; Defined at:
  4513 ;;		line 10 in file "C:\Program Files\Microchip\xc8\v3.00\pic\sources\c99\common\xxtofl.c"
  4514 ;; Parameters:    Size  Location     Type
  4515 ;;  sign            1    wreg     unsigned char 
  4516 ;;  val             4    6[COMRAM] long 
  4517 ;; Auto vars:     Size  Location     Type
  4518 ;;  sign            1   14[COMRAM] unsigned char 
  4519 ;;  arg             4   16[COMRAM] unsigned long 
  4520 ;;  exp             1   15[COMRAM] unsigned char 
  4521 ;; Return value:  Size  Location     Type
  4522 ;;                  4    6[COMRAM] unsigned char 
  4523 ;; Registers used:
  4524 ;;		wreg, status,2, status,0
  4525 ;; Tracked objects:
  4526 ;;		On entry : 0/0
  4527 ;;		On exit  : 0/0
  4528 ;;		Unchanged: 0/0
  4529 ;; Data sizes:     COMRAM   BANK0   BANK1   BANK2   BANK3   BANK4   BANK5   BANK6   BANK7   BANK8   BANK9  BANK10  BANK1
      +1  BANK12  BANK13  BANK14
  4530 ;;      Params:         4       0       0       0       0       0       0       0       0       0       0       0       
      +0       0       0       0
  4531 ;;      Locals:         6       0       0       0       0       0       0       0       0       0       0       0       
      +0       0       0       0
  4532 ;;      Temps:          4       0       0       0       0       0       0       0       0       0       0       0       
      +0       0       0       0
  4533 ;;      Totals:        14       0       0       0       0       0       0       0       0       0       0       0       
      +0       0       0       0
  4534 ;;Total ram usage:       14 bytes
  4535 ;; Hardware stack levels used: 1
  4536 ;; Hardware stack levels required when called: 5
  4537 ;; This function calls:
  4538 ;;		Nothing
  4539 ;; This function is called by:
  4540 ;;		_ir_compare
  4541 ;;		_MATCH
  4542 ;; This function uses a non-reentrant model
  4543 ;;
  4544                           
  4545                           	psect	text18
  4546   001678                     __ptext18:
  4547                           	callstack 0
  4548   001678                     ___xxtofl:
  4549                           	callstack 21
  4550                           
  4551                           ;incstack = 0
  4552                           ;___xxtofl@sign stored from wreg
  4553   001678  6E0F               	movwf	___xxtofl@sign^0,c
  4554   00167A  500F               	movf	___xxtofl@sign^0,w,c
  4555   00167C  B4D8               	btfsc	status,2,c
  4556   00167E  EF43  F00B         	goto	u2281
  4557   001682  EF45  F00B         	goto	u2280
  4558   001686                     u2281:
  4559   001686  EF67  F00B         	goto	l1030
  4560   00168A                     u2280:
  4561   00168A  BE0A               	btfsc	(___xxtofl@val+3)^0,7,c
  4562   00168C  EF4C  F00B         	goto	u2290
  4563   001690  EF4A  F00B         	goto	u2291
  4564   001694                     u2291:
  4565   001694  EF67  F00B         	goto	l1030
  4566   001698                     u2290:
  4567   001698  C007  F00B         	movff	___xxtofl@val,??___xxtofl
  4568   00169C  C008  F00C         	movff	___xxtofl@val+1,??___xxtofl+1
  4569   0016A0  C009  F00D         	movff	___xxtofl@val+2,??___xxtofl+2
  4570   0016A4  C00A  F00E         	movff	___xxtofl@val+3,??___xxtofl+3
  4571   0016A8  1E0B               	comf	??___xxtofl^0,f,c
  4572   0016AA  1E0C               	comf	(??___xxtofl+1)^0,f,c
  4573   0016AC  1E0D               	comf	(??___xxtofl+2)^0,f,c
  4574   0016AE  1E0E               	comf	(??___xxtofl+3)^0,f,c
  4575   0016B0  2A0B               	incf	??___xxtofl^0,f,c
  4576   0016B2  0E00               	movlw	0
  4577   0016B4  220C               	addwfc	(??___xxtofl+1)^0,f,c
  4578   0016B6  220D               	addwfc	(??___xxtofl+2)^0,f,c
  4579   0016B8  220E               	addwfc	(??___xxtofl+3)^0,f,c
  4580   0016BA  C00B  F011         	movff	??___xxtofl,___xxtofl@arg
  4581   0016BE  C00C  F012         	movff	??___xxtofl+1,___xxtofl@arg+1
  4582   0016C2  C00D  F013         	movff	??___xxtofl+2,___xxtofl@arg+2
  4583   0016C6  C00E  F014         	movff	??___xxtofl+3,___xxtofl@arg+3
  4584   0016CA  EF6F  F00B         	goto	l3016
  4585   0016CE                     l1030:
  4586   0016CE  C007  F011         	movff	___xxtofl@val,___xxtofl@arg
  4587   0016D2  C008  F012         	movff	___xxtofl@val+1,___xxtofl@arg+1
  4588   0016D6  C009  F013         	movff	___xxtofl@val+2,___xxtofl@arg+2
  4589   0016DA  C00A  F014         	movff	___xxtofl@val+3,___xxtofl@arg+3
  4590   0016DE                     l3016:
  4591   0016DE  5007               	movf	___xxtofl@val^0,w,c
  4592   0016E0  1008               	iorwf	(___xxtofl@val+1)^0,w,c
  4593   0016E2  1009               	iorwf	(___xxtofl@val+2)^0,w,c
  4594   0016E4  100A               	iorwf	(___xxtofl@val+3)^0,w,c
  4595   0016E6  A4D8               	btfss	status,2,c
  4596   0016E8  EF78  F00B         	goto	u2301
  4597   0016EC  EF7A  F00B         	goto	u2300
  4598   0016F0                     u2301:
  4599   0016F0  EF84  F00B         	goto	l3022
  4600   0016F4                     u2300:
  4601   0016F4  0E00               	movlw	0
  4602   0016F6  6E07               	movwf	?___xxtofl^0,c
  4603   0016F8  0E00               	movlw	0
  4604   0016FA  6E08               	movwf	(?___xxtofl+1)^0,c
  4605   0016FC  0E00               	movlw	0
  4606   0016FE  6E09               	movwf	(?___xxtofl+2)^0,c
  4607   001700  0E00               	movlw	0
  4608   001702  6E0A               	movwf	(?___xxtofl+3)^0,c
  4609   001704  EF15  F00C         	goto	l1033
  4610   001708                     l3022:
  4611   001708  0E96               	movlw	150
  4612   00170A  6E10               	movwf	___xxtofl@exp^0,c
  4613   00170C  EF8E  F00B         	goto	l3026
  4614   001710                     l3024:
  4615   001710  2A10               	incf	___xxtofl@exp^0,f,c
  4616   001712  90D8               	bcf	status,0,c
  4617   001714  3214               	rrcf	(___xxtofl@arg+3)^0,f,c
  4618   001716  3213               	rrcf	(___xxtofl@arg+2)^0,f,c
  4619   001718  3212               	rrcf	(___xxtofl@arg+1)^0,f,c
  4620   00171A  3211               	rrcf	___xxtofl@arg^0,f,c
  4621   00171C                     l3026:
  4622   00171C  0E00               	movlw	0
  4623   00171E  1411               	andwf	___xxtofl@arg^0,w,c
  4624   001720  6E0B               	movwf	??___xxtofl^0,c
  4625   001722  0E00               	movlw	0
  4626   001724  1412               	andwf	(___xxtofl@arg+1)^0,w,c
  4627   001726  6E0C               	movwf	(??___xxtofl+1)^0,c
  4628   001728  0E00               	movlw	0
  4629   00172A  1413               	andwf	(___xxtofl@arg+2)^0,w,c
  4630   00172C  6E0D               	movwf	(??___xxtofl+2)^0,c
  4631   00172E  0EFE               	movlw	254
  4632   001730  1414               	andwf	(___xxtofl@arg+3)^0,w,c
  4633   001732  6E0E               	movwf	(??___xxtofl+3)^0,c
  4634   001734  500B               	movf	??___xxtofl^0,w,c
  4635   001736  100C               	iorwf	(??___xxtofl+1)^0,w,c
  4636   001738  100D               	iorwf	(??___xxtofl+2)^0,w,c
  4637   00173A  100E               	iorwf	(??___xxtofl+3)^0,w,c
  4638   00173C  A4D8               	btfss	status,2,c
  4639   00173E  EFA3  F00B         	goto	u2311
  4640   001742  EFA5  F00B         	goto	u2310
  4641   001746                     u2311:
  4642   001746  EF88  F00B         	goto	l3024
  4643   00174A                     u2310:
  4644   00174A  EFB3  F00B         	goto	l1037
  4645   00174E                     l3028:
  4646   00174E  2A10               	incf	___xxtofl@exp^0,f,c
  4647   001750  0E01               	movlw	1
  4648   001752  2611               	addwf	___xxtofl@arg^0,f,c
  4649   001754  0E00               	movlw	0
  4650   001756  2212               	addwfc	(___xxtofl@arg+1)^0,f,c
  4651   001758  2213               	addwfc	(___xxtofl@arg+2)^0,f,c
  4652   00175A  2214               	addwfc	(___xxtofl@arg+3)^0,f,c
  4653   00175C  90D8               	bcf	status,0,c
  4654   00175E  3214               	rrcf	(___xxtofl@arg+3)^0,f,c
  4655   001760  3213               	rrcf	(___xxtofl@arg+2)^0,f,c
  4656   001762  3212               	rrcf	(___xxtofl@arg+1)^0,f,c
  4657   001764  3211               	rrcf	___xxtofl@arg^0,f,c
  4658   001766                     l1037:
  4659   001766  0E00               	movlw	0
  4660   001768  1411               	andwf	___xxtofl@arg^0,w,c
  4661   00176A  6E0B               	movwf	??___xxtofl^0,c
  4662   00176C  0E00               	movlw	0
  4663   00176E  1412               	andwf	(___xxtofl@arg+1)^0,w,c
  4664   001770  6E0C               	movwf	(??___xxtofl+1)^0,c
  4665   001772  0E00               	movlw	0
  4666   001774  1413               	andwf	(___xxtofl@arg+2)^0,w,c
  4667   001776  6E0D               	movwf	(??___xxtofl+2)^0,c
  4668   001778  0EFF               	movlw	255
  4669   00177A  1414               	andwf	(___xxtofl@arg+3)^0,w,c
  4670   00177C  6E0E               	movwf	(??___xxtofl+3)^0,c
  4671   00177E  500B               	movf	??___xxtofl^0,w,c
  4672   001780  100C               	iorwf	(??___xxtofl+1)^0,w,c
  4673   001782  100D               	iorwf	(??___xxtofl+2)^0,w,c
  4674   001784  100E               	iorwf	(??___xxtofl+3)^0,w,c
  4675   001786  A4D8               	btfss	status,2,c
  4676   001788  EFC8  F00B         	goto	u2321
  4677   00178C  EFCA  F00B         	goto	u2320
  4678   001790                     u2321:
  4679   001790  EFA7  F00B         	goto	l3028
  4680   001794                     u2320:
  4681   001794  EFD2  F00B         	goto	l3036
  4682   001798                     l3034:
  4683   001798  0610               	decf	___xxtofl@exp^0,f,c
  4684   00179A  90D8               	bcf	status,0,c
  4685   00179C  3611               	rlcf	___xxtofl@arg^0,f,c
  4686   00179E  3612               	rlcf	(___xxtofl@arg+1)^0,f,c
  4687   0017A0  3613               	rlcf	(___xxtofl@arg+2)^0,f,c
  4688   0017A2  3614               	rlcf	(___xxtofl@arg+3)^0,f,c
  4689   0017A4                     l3036:
  4690   0017A4  BE13               	btfsc	(___xxtofl@arg+2)^0,7,c
  4691   0017A6  EFD7  F00B         	goto	u2331
  4692   0017AA  EFD9  F00B         	goto	u2330
  4693   0017AE                     u2331:
  4694   0017AE  EFE1  F00B         	goto	l1044
  4695   0017B2                     u2330:
  4696   0017B2  0E02               	movlw	2
  4697   0017B4  6010               	cpfslt	___xxtofl@exp^0,c
  4698   0017B6  EFDF  F00B         	goto	u2341
  4699   0017BA  EFE1  F00B         	goto	u2340
  4700   0017BE                     u2341:
  4701   0017BE  EFCC  F00B         	goto	l3034
  4702   0017C2                     u2340:
  4703   0017C2                     l1044:
  4704   0017C2  B010               	btfsc	___xxtofl@exp^0,0,c
  4705   0017C4  EFE6  F00B         	goto	u2351
  4706   0017C8  EFE8  F00B         	goto	u2350
  4707   0017CC                     u2351:
  4708   0017CC  EFE9  F00B         	goto	l3042
  4709   0017D0                     u2350:
  4710   0017D0  9E13               	bcf	(___xxtofl@arg+2)^0,7,c
  4711   0017D2                     l3042:
  4712   0017D2  90D8               	bcf	status,0,c
  4713   0017D4  3210               	rrcf	___xxtofl@exp^0,f,c
  4714   0017D6  C010  F00B         	movff	___xxtofl@exp,??___xxtofl
  4715   0017DA  6A0C               	clrf	(??___xxtofl+1)^0,c
  4716   0017DC  6A0D               	clrf	(??___xxtofl+2)^0,c
  4717   0017DE  6A0E               	clrf	(??___xxtofl+3)^0,c
  4718   0017E0  C00B  F00E         	movff	??___xxtofl,??___xxtofl+3
  4719   0017E4  6A0D               	clrf	(??___xxtofl+2)^0,c
  4720   0017E6  6A0C               	clrf	(??___xxtofl+1)^0,c
  4721   0017E8  6A0B               	clrf	??___xxtofl^0,c
  4722   0017EA  500B               	movf	??___xxtofl^0,w,c
  4723   0017EC  1211               	iorwf	___xxtofl@arg^0,f,c
  4724   0017EE  500C               	movf	(??___xxtofl+1)^0,w,c
  4725   0017F0  1212               	iorwf	(___xxtofl@arg+1)^0,f,c
  4726   0017F2  500D               	movf	(??___xxtofl+2)^0,w,c
  4727   0017F4  1213               	iorwf	(___xxtofl@arg+2)^0,f,c
  4728   0017F6  500E               	movf	(??___xxtofl+3)^0,w,c
  4729   0017F8  1214               	iorwf	(___xxtofl@arg+3)^0,f,c
  4730   0017FA  500F               	movf	___xxtofl@sign^0,w,c
  4731   0017FC  B4D8               	btfsc	status,2,c
  4732   0017FE  EF03  F00C         	goto	u2361
  4733   001802  EF05  F00C         	goto	u2360
  4734   001806                     u2361:
  4735   001806  EF0D  F00C         	goto	l3052
  4736   00180A                     u2360:
  4737   00180A  BE0A               	btfsc	(___xxtofl@val+3)^0,7,c
  4738   00180C  EF0C  F00C         	goto	u2370
  4739   001810  EF0A  F00C         	goto	u2371
  4740   001814                     u2371:
  4741   001814  EF0D  F00C         	goto	l3052
  4742   001818                     u2370:
  4743   001818  8E14               	bsf	(___xxtofl@arg+3)^0,7,c
  4744   00181A                     l3052:
  4745   00181A  C011  F007         	movff	___xxtofl@arg,?___xxtofl
  4746   00181E  C012  F008         	movff	___xxtofl@arg+1,?___xxtofl+1
  4747   001822  C013  F009         	movff	___xxtofl@arg+2,?___xxtofl+2
  4748   001826  C014  F00A         	movff	___xxtofl@arg+3,?___xxtofl+3
  4749   00182A                     l1033:
  4750   00182A  0012               	return		;funcret
  4751   00182C                     __end_of___xxtofl:
  4752                           	callstack 0
  4753                           
  4754 ;; *************** function ___flmul *****************
  4755 ;; Defined at:
  4756 ;;		line 8 in file "C:\Program Files\Microchip\xc8\v3.00\pic\sources\c99\common\sprcmul.c"
  4757 ;; Parameters:    Size  Location     Type
  4758 ;;  b               4   20[COMRAM] unsigned char 
  4759 ;;  a               4   24[COMRAM] unsigned char 
  4760 ;; Auto vars:     Size  Location     Type
  4761 ;;  prod            4   39[COMRAM] struct .
  4762 ;;  grs             4   34[COMRAM] unsigned long 
  4763 ;;  temp            2   43[COMRAM] struct .
  4764 ;;  bexp            1   38[COMRAM] unsigned char 
  4765 ;;  aexp            1   33[COMRAM] unsigned char 
  4766 ;;  sign            1   32[COMRAM] unsigned char 
  4767 ;; Return value:  Size  Location     Type
  4768 ;;                  4   20[COMRAM] unsigned char 
  4769 ;; Registers used:
  4770 ;;		wreg, status,2, status,0, prodl, prodh
  4771 ;; Tracked objects:
  4772 ;;		On entry : 0/0
  4773 ;;		On exit  : 0/0
  4774 ;;		Unchanged: 0/0
  4775 ;; Data sizes:     COMRAM   BANK0   BANK1   BANK2   BANK3   BANK4   BANK5   BANK6   BANK7   BANK8   BANK9  BANK10  BANK1
      +1  BANK12  BANK13  BANK14
  4776 ;;      Params:         8       0       0       0       0       0       0       0       0       0       0       0       
      +0       0       0       0
  4777 ;;      Locals:        13       0       0       0       0       0       0       0       0       0       0       0       
      +0       0       0       0
  4778 ;;      Temps:          4       0       0       0       0       0       0       0       0       0       0       0       
      +0       0       0       0
  4779 ;;      Totals:        25       0       0       0       0       0       0       0       0       0       0       0       
      +0       0       0       0
  4780 ;;Total ram usage:       25 bytes
  4781 ;; Hardware stack levels used: 1
  4782 ;; Hardware stack levels required when called: 5
  4783 ;; This function calls:
  4784 ;;		Nothing
  4785 ;; This function is called by:
  4786 ;;		_ir_compare
  4787 ;;		_MATCH
  4788 ;; This function uses a non-reentrant model
  4789 ;;
  4790                           
  4791                           	psect	text19
  4792   001002                     __ptext19:
  4793                           	callstack 0
  4794   001002                     ___flmul:
  4795                           	callstack 21
  4796   001002  5018               	movf	(___flmul@b+3)^0,w,c
  4797   001004  0B80               	andlw	128
  4798   001006  6E21               	movwf	___flmul@sign^0,c
  4799   001008  5018               	movf	(___flmul@b+3)^0,w,c
  4800   00100A  2418               	addwf	(___flmul@b+3)^0,w,c
  4801   00100C  6E27               	movwf	___flmul@bexp^0,c
  4802   00100E  AE17               	btfss	(___flmul@b+2)^0,7,c
  4803   001010  EF0C  F008         	goto	u2041
  4804   001014  EF0E  F008         	goto	u2040
  4805   001018                     u2041:
  4806   001018  EF0F  F008         	goto	l2866
  4807   00101C                     u2040:
  4808   00101C  8027               	bsf	___flmul@bexp^0,0,c
  4809   00101E                     l2866:
  4810   00101E  5027               	movf	___flmul@bexp^0,w,c
  4811   001020  B4D8               	btfsc	status,2,c
  4812   001022  EF15  F008         	goto	u2051
  4813   001026  EF17  F008         	goto	u2050
  4814   00102A                     u2051:
  4815   00102A  EF2A  F008         	goto	l2874
  4816   00102E                     u2050:
  4817   00102E  2827               	incf	___flmul@bexp^0,w,c
  4818   001030  A4D8               	btfss	status,2,c
  4819   001032  EF1D  F008         	goto	u2061
  4820   001036  EF1F  F008         	goto	u2060
  4821   00103A                     u2061:
  4822   00103A  EF27  F008         	goto	l2872
  4823   00103E                     u2060:
  4824   00103E  0E00               	movlw	0
  4825   001040  6E15               	movwf	___flmul@b^0,c
  4826   001042  0E00               	movlw	0
  4827   001044  6E16               	movwf	(___flmul@b+1)^0,c
  4828   001046  0E00               	movlw	0
  4829   001048  6E17               	movwf	(___flmul@b+2)^0,c
  4830   00104A  0E00               	movlw	0
  4831   00104C  6E18               	movwf	(___flmul@b+3)^0,c
  4832   00104E                     l2872:
  4833   00104E  8E17               	bsf	(___flmul@b+2)^0,7,c
  4834   001050  EF32  F008         	goto	l2876
  4835   001054                     l2874:
  4836   001054  0E00               	movlw	0
  4837   001056  6E15               	movwf	___flmul@b^0,c
  4838   001058  0E00               	movlw	0
  4839   00105A  6E16               	movwf	(___flmul@b+1)^0,c
  4840   00105C  0E00               	movlw	0
  4841   00105E  6E17               	movwf	(___flmul@b+2)^0,c
  4842   001060  0E00               	movlw	0
  4843   001062  6E18               	movwf	(___flmul@b+3)^0,c
  4844   001064                     l2876:
  4845   001064  501C               	movf	(___flmul@a+3)^0,w,c
  4846   001066  0B80               	andlw	128
  4847   001068  1A21               	xorwf	___flmul@sign^0,f,c
  4848   00106A  501C               	movf	(___flmul@a+3)^0,w,c
  4849   00106C  241C               	addwf	(___flmul@a+3)^0,w,c
  4850   00106E  6E22               	movwf	___flmul@aexp^0,c
  4851   001070  AE1B               	btfss	(___flmul@a+2)^0,7,c
  4852   001072  EF3D  F008         	goto	u2071
  4853   001076  EF3F  F008         	goto	u2070
  4854   00107A                     u2071:
  4855   00107A  EF40  F008         	goto	l2884
  4856   00107E                     u2070:
  4857   00107E  8022               	bsf	___flmul@aexp^0,0,c
  4858   001080                     l2884:
  4859   001080  5022               	movf	___flmul@aexp^0,w,c
  4860   001082  B4D8               	btfsc	status,2,c
  4861   001084  EF46  F008         	goto	u2081
  4862   001088  EF48  F008         	goto	u2080
  4863   00108C                     u2081:
  4864   00108C  EF5B  F008         	goto	l2892
  4865   001090                     u2080:
  4866   001090  2822               	incf	___flmul@aexp^0,w,c
  4867   001092  A4D8               	btfss	status,2,c
  4868   001094  EF4E  F008         	goto	u2091
  4869   001098  EF50  F008         	goto	u2090
  4870   00109C                     u2091:
  4871   00109C  EF58  F008         	goto	l2890
  4872   0010A0                     u2090:
  4873   0010A0  0E00               	movlw	0
  4874   0010A2  6E19               	movwf	___flmul@a^0,c
  4875   0010A4  0E00               	movlw	0
  4876   0010A6  6E1A               	movwf	(___flmul@a+1)^0,c
  4877   0010A8  0E00               	movlw	0
  4878   0010AA  6E1B               	movwf	(___flmul@a+2)^0,c
  4879   0010AC  0E00               	movlw	0
  4880   0010AE  6E1C               	movwf	(___flmul@a+3)^0,c
  4881   0010B0                     l2890:
  4882   0010B0  8E1B               	bsf	(___flmul@a+2)^0,7,c
  4883   0010B2  EF63  F008         	goto	l989
  4884   0010B6                     l2892:
  4885   0010B6  0E00               	movlw	0
  4886   0010B8  6E19               	movwf	___flmul@a^0,c
  4887   0010BA  0E00               	movlw	0
  4888   0010BC  6E1A               	movwf	(___flmul@a+1)^0,c
  4889   0010BE  0E00               	movlw	0
  4890   0010C0  6E1B               	movwf	(___flmul@a+2)^0,c
  4891   0010C2  0E00               	movlw	0
  4892   0010C4  6E1C               	movwf	(___flmul@a+3)^0,c
  4893   0010C6                     l989:
  4894   0010C6  5022               	movf	___flmul@aexp^0,w,c
  4895   0010C8  B4D8               	btfsc	status,2,c
  4896   0010CA  EF69  F008         	goto	u2101
  4897   0010CE  EF6B  F008         	goto	u2100
  4898   0010D2                     u2101:
  4899   0010D2  EF73  F008         	goto	l2896
  4900   0010D6                     u2100:
  4901   0010D6  5027               	movf	___flmul@bexp^0,w,c
  4902   0010D8  A4D8               	btfss	status,2,c
  4903   0010DA  EF71  F008         	goto	u2111
  4904   0010DE  EF73  F008         	goto	u2110
  4905   0010E2                     u2111:
  4906   0010E2  EF7D  F008         	goto	l2900
  4907   0010E6                     u2110:
  4908   0010E6                     l2896:
  4909   0010E6  0E00               	movlw	0
  4910   0010E8  6E15               	movwf	?___flmul^0,c
  4911   0010EA  0E00               	movlw	0
  4912   0010EC  6E16               	movwf	(?___flmul+1)^0,c
  4913   0010EE  0E00               	movlw	0
  4914   0010F0  6E17               	movwf	(?___flmul+2)^0,c
  4915   0010F2  0E00               	movlw	0
  4916   0010F4  6E18               	movwf	(?___flmul+3)^0,c
  4917   0010F6  EF13  F00A         	goto	l993
  4918   0010FA                     l2900:
  4919   0010FA  501B               	movf	(___flmul@a+2)^0,w,c
  4920   0010FC  0215               	mulwf	___flmul@b^0,c
  4921   0010FE  CFF3 F02C          	movff	prodl,___flmul@temp
  4922   001102  CFF4 F02D          	movff	prodh,___flmul@temp+1
  4923   001106  502C               	movf	___flmul@temp^0,w,c
  4924   001108  6E23               	movwf	___flmul@grs^0,c
  4925   00110A  6A24               	clrf	(___flmul@grs+1)^0,c
  4926   00110C  6A25               	clrf	(___flmul@grs+2)^0,c
  4927   00110E  6A26               	clrf	(___flmul@grs+3)^0,c
  4928   001110  502D               	movf	(___flmul@temp+1)^0,w,c
  4929   001112  6E28               	movwf	___flmul@prod^0,c
  4930   001114  6A29               	clrf	(___flmul@prod+1)^0,c
  4931   001116  6A2A               	clrf	(___flmul@prod+2)^0,c
  4932   001118  6A2B               	clrf	(___flmul@prod+3)^0,c
  4933   00111A  501A               	movf	(___flmul@a+1)^0,w,c
  4934   00111C  0216               	mulwf	(___flmul@b+1)^0,c
  4935   00111E  CFF3 F02C          	movff	prodl,___flmul@temp
  4936   001122  CFF4 F02D          	movff	prodh,___flmul@temp+1
  4937   001126  502C               	movf	___flmul@temp^0,w,c
  4938   001128  2623               	addwf	___flmul@grs^0,f,c
  4939   00112A  0E00               	movlw	0
  4940   00112C  2224               	addwfc	(___flmul@grs+1)^0,f,c
  4941   00112E  2225               	addwfc	(___flmul@grs+2)^0,f,c
  4942   001130  2226               	addwfc	(___flmul@grs+3)^0,f,c
  4943   001132  502D               	movf	(___flmul@temp+1)^0,w,c
  4944   001134  2628               	addwf	___flmul@prod^0,f,c
  4945   001136  0E00               	movlw	0
  4946   001138  2229               	addwfc	(___flmul@prod+1)^0,f,c
  4947   00113A  222A               	addwfc	(___flmul@prod+2)^0,f,c
  4948   00113C  222B               	addwfc	(___flmul@prod+3)^0,f,c
  4949   00113E  5019               	movf	___flmul@a^0,w,c
  4950   001140  0217               	mulwf	(___flmul@b+2)^0,c
  4951   001142  CFF3 F02C          	movff	prodl,___flmul@temp
  4952   001146  CFF4 F02D          	movff	prodh,___flmul@temp+1
  4953   00114A  502C               	movf	___flmul@temp^0,w,c
  4954   00114C  2623               	addwf	___flmul@grs^0,f,c
  4955   00114E  0E00               	movlw	0
  4956   001150  2224               	addwfc	(___flmul@grs+1)^0,f,c
  4957   001152  2225               	addwfc	(___flmul@grs+2)^0,f,c
  4958   001154  2226               	addwfc	(___flmul@grs+3)^0,f,c
  4959   001156  502D               	movf	(___flmul@temp+1)^0,w,c
  4960   001158  2628               	addwf	___flmul@prod^0,f,c
  4961   00115A  0E00               	movlw	0
  4962   00115C  2229               	addwfc	(___flmul@prod+1)^0,f,c
  4963   00115E  222A               	addwfc	(___flmul@prod+2)^0,f,c
  4964   001160  222B               	addwfc	(___flmul@prod+3)^0,f,c
  4965   001162  C025  F026         	movff	___flmul@grs+2,___flmul@grs+3
  4966   001166  C024  F025         	movff	___flmul@grs+1,___flmul@grs+2
  4967   00116A  C023  F024         	movff	___flmul@grs,___flmul@grs+1
  4968   00116E  6A23               	clrf	___flmul@grs^0,c
  4969   001170  5019               	movf	___flmul@a^0,w,c
  4970   001172  0216               	mulwf	(___flmul@b+1)^0,c
  4971   001174  CFF3 F02C          	movff	prodl,___flmul@temp
  4972   001178  CFF4 F02D          	movff	prodh,___flmul@temp+1
  4973   00117C  502C               	movf	___flmul@temp^0,w,c
  4974   00117E  2623               	addwf	___flmul@grs^0,f,c
  4975   001180  502D               	movf	(___flmul@temp+1)^0,w,c
  4976   001182  2224               	addwfc	(___flmul@grs+1)^0,f,c
  4977   001184  0E00               	movlw	0
  4978   001186  2225               	addwfc	(___flmul@grs+2)^0,f,c
  4979   001188  0E00               	movlw	0
  4980   00118A  2226               	addwfc	(___flmul@grs+3)^0,f,c
  4981   00118C  501A               	movf	(___flmul@a+1)^0,w,c
  4982   00118E  0215               	mulwf	___flmul@b^0,c
  4983   001190  CFF3 F02C          	movff	prodl,___flmul@temp
  4984   001194  CFF4 F02D          	movff	prodh,___flmul@temp+1
  4985   001198  502C               	movf	___flmul@temp^0,w,c
  4986   00119A  2623               	addwf	___flmul@grs^0,f,c
  4987   00119C  502D               	movf	(___flmul@temp+1)^0,w,c
  4988   00119E  2224               	addwfc	(___flmul@grs+1)^0,f,c
  4989   0011A0  0E00               	movlw	0
  4990   0011A2  2225               	addwfc	(___flmul@grs+2)^0,f,c
  4991   0011A4  0E00               	movlw	0
  4992   0011A6  2226               	addwfc	(___flmul@grs+3)^0,f,c
  4993   0011A8  C025  F026         	movff	___flmul@grs+2,___flmul@grs+3
  4994   0011AC  C024  F025         	movff	___flmul@grs+1,___flmul@grs+2
  4995   0011B0  C023  F024         	movff	___flmul@grs,___flmul@grs+1
  4996   0011B4  6A23               	clrf	___flmul@grs^0,c
  4997   0011B6  5019               	movf	___flmul@a^0,w,c
  4998   0011B8  0215               	mulwf	___flmul@b^0,c
  4999   0011BA  CFF3 F02C          	movff	prodl,___flmul@temp
  5000   0011BE  CFF4 F02D          	movff	prodh,___flmul@temp+1
  5001   0011C2  502C               	movf	___flmul@temp^0,w,c
  5002   0011C4  2623               	addwf	___flmul@grs^0,f,c
  5003   0011C6  502D               	movf	(___flmul@temp+1)^0,w,c
  5004   0011C8  2224               	addwfc	(___flmul@grs+1)^0,f,c
  5005   0011CA  0E00               	movlw	0
  5006   0011CC  2225               	addwfc	(___flmul@grs+2)^0,f,c
  5007   0011CE  0E00               	movlw	0
  5008   0011D0  2226               	addwfc	(___flmul@grs+3)^0,f,c
  5009   0011D2  501B               	movf	(___flmul@a+2)^0,w,c
  5010   0011D4  0216               	mulwf	(___flmul@b+1)^0,c
  5011   0011D6  CFF3 F02C          	movff	prodl,___flmul@temp
  5012   0011DA  CFF4 F02D          	movff	prodh,___flmul@temp+1
  5013   0011DE  502C               	movf	___flmul@temp^0,w,c
  5014   0011E0  2628               	addwf	___flmul@prod^0,f,c
  5015   0011E2  502D               	movf	(___flmul@temp+1)^0,w,c
  5016   0011E4  2229               	addwfc	(___flmul@prod+1)^0,f,c
  5017   0011E6  0E00               	movlw	0
  5018   0011E8  222A               	addwfc	(___flmul@prod+2)^0,f,c
  5019   0011EA  0E00               	movlw	0
  5020   0011EC  222B               	addwfc	(___flmul@prod+3)^0,f,c
  5021   0011EE  501A               	movf	(___flmul@a+1)^0,w,c
  5022   0011F0  0217               	mulwf	(___flmul@b+2)^0,c
  5023   0011F2  CFF3 F02C          	movff	prodl,___flmul@temp
  5024   0011F6  CFF4 F02D          	movff	prodh,___flmul@temp+1
  5025   0011FA  502C               	movf	___flmul@temp^0,w,c
  5026   0011FC  2628               	addwf	___flmul@prod^0,f,c
  5027   0011FE  502D               	movf	(___flmul@temp+1)^0,w,c
  5028   001200  2229               	addwfc	(___flmul@prod+1)^0,f,c
  5029   001202  0E00               	movlw	0
  5030   001204  222A               	addwfc	(___flmul@prod+2)^0,f,c
  5031   001206  0E00               	movlw	0
  5032   001208  222B               	addwfc	(___flmul@prod+3)^0,f,c
  5033   00120A  501B               	movf	(___flmul@a+2)^0,w,c
  5034   00120C  0217               	mulwf	(___flmul@b+2)^0,c
  5035   00120E  CFF3 F02C          	movff	prodl,___flmul@temp
  5036   001212  CFF4 F02D          	movff	prodh,___flmul@temp+1
  5037   001216  502C               	movf	___flmul@temp^0,w,c
  5038   001218  6E1D               	movwf	??___flmul^0,c
  5039   00121A  502D               	movf	(___flmul@temp+1)^0,w,c
  5040   00121C  6E1E               	movwf	(??___flmul+1)^0,c
  5041   00121E  6A1F               	clrf	(??___flmul+2)^0,c
  5042   001220  6A20               	clrf	(??___flmul+3)^0,c
  5043   001222  C01F  F020         	movff	??___flmul+2,??___flmul+3
  5044   001226  C01E  F01F         	movff	??___flmul+1,??___flmul+2
  5045   00122A  C01D  F01E         	movff	??___flmul,??___flmul+1
  5046   00122E  6A1D               	clrf	??___flmul^0,c
  5047   001230  501D               	movf	??___flmul^0,w,c
  5048   001232  2628               	addwf	___flmul@prod^0,f,c
  5049   001234  501E               	movf	(??___flmul+1)^0,w,c
  5050   001236  2229               	addwfc	(___flmul@prod+1)^0,f,c
  5051   001238  501F               	movf	(??___flmul+2)^0,w,c
  5052   00123A  222A               	addwfc	(___flmul@prod+2)^0,f,c
  5053   00123C  5020               	movf	(??___flmul+3)^0,w,c
  5054   00123E  222B               	addwfc	(___flmul@prod+3)^0,f,c
  5055   001240  C023  F01D         	movff	___flmul@grs,??___flmul
  5056   001244  C024  F01E         	movff	___flmul@grs+1,??___flmul+1
  5057   001248  C025  F01F         	movff	___flmul@grs+2,??___flmul+2
  5058   00124C  C026  F020         	movff	___flmul@grs+3,??___flmul+3
  5059   001250  0E19               	movlw	25
  5060   001252  EF30  F009         	goto	u2120
  5061   001256                     u2125:
  5062   001256  90D8               	bcf	status,0,c
  5063   001258  3220               	rrcf	(??___flmul+3)^0,f,c
  5064   00125A  321F               	rrcf	(??___flmul+2)^0,f,c
  5065   00125C  321E               	rrcf	(??___flmul+1)^0,f,c
  5066   00125E  321D               	rrcf	??___flmul^0,f,c
  5067   001260                     u2120:
  5068   001260  2EE8               	decfsz	wreg,f,c
  5069   001262  EF2B  F009         	goto	u2125
  5070   001266  501D               	movf	??___flmul^0,w,c
  5071   001268  2628               	addwf	___flmul@prod^0,f,c
  5072   00126A  501E               	movf	(??___flmul+1)^0,w,c
  5073   00126C  2229               	addwfc	(___flmul@prod+1)^0,f,c
  5074   00126E  501F               	movf	(??___flmul+2)^0,w,c
  5075   001270  222A               	addwfc	(___flmul@prod+2)^0,f,c
  5076   001272  5020               	movf	(??___flmul+3)^0,w,c
  5077   001274  222B               	addwfc	(___flmul@prod+3)^0,f,c
  5078   001276  C025  F026         	movff	___flmul@grs+2,___flmul@grs+3
  5079   00127A  C024  F025         	movff	___flmul@grs+1,___flmul@grs+2
  5080   00127E  C023  F024         	movff	___flmul@grs,___flmul@grs+1
  5081   001282  6A23               	clrf	___flmul@grs^0,c
  5082   001284  5022               	movf	___flmul@aexp^0,w,c
  5083   001286  C027  F01D         	movff	___flmul@bexp,??___flmul
  5084   00128A  6A1E               	clrf	(??___flmul+1)^0,c
  5085   00128C  261D               	addwf	??___flmul^0,f,c
  5086   00128E  0E00               	movlw	0
  5087   001290  221E               	addwfc	(??___flmul+1)^0,f,c
  5088   001292  0E82               	movlw	130
  5089   001294  241D               	addwf	??___flmul^0,w,c
  5090   001296  6E2C               	movwf	___flmul@temp^0,c
  5091   001298  0EFF               	movlw	255
  5092   00129A  201E               	addwfc	(??___flmul+1)^0,w,c
  5093   00129C  6E2D               	movwf	(___flmul@temp+1)^0,c
  5094   00129E  EF66  F009         	goto	l2948
  5095   0012A2                     l2942:
  5096   0012A2  90D8               	bcf	status,0,c
  5097   0012A4  3628               	rlcf	___flmul@prod^0,f,c
  5098   0012A6  3629               	rlcf	(___flmul@prod+1)^0,f,c
  5099   0012A8  362A               	rlcf	(___flmul@prod+2)^0,f,c
  5100   0012AA  362B               	rlcf	(___flmul@prod+3)^0,f,c
  5101   0012AC  AE26               	btfss	(___flmul@grs+3)^0,7,c
  5102   0012AE  EF5B  F009         	goto	u2131
  5103   0012B2  EF5D  F009         	goto	u2130
  5104   0012B6                     u2131:
  5105   0012B6  EF5E  F009         	goto	l996
  5106   0012BA                     u2130:
  5107   0012BA  8028               	bsf	___flmul@prod^0,0,c
  5108   0012BC                     l996:
  5109   0012BC  90D8               	bcf	status,0,c
  5110   0012BE  3623               	rlcf	___flmul@grs^0,f,c
  5111   0012C0  3624               	rlcf	(___flmul@grs+1)^0,f,c
  5112   0012C2  3625               	rlcf	(___flmul@grs+2)^0,f,c
  5113   0012C4  3626               	rlcf	(___flmul@grs+3)^0,f,c
  5114   0012C6  062C               	decf	___flmul@temp^0,f,c
  5115   0012C8  A0D8               	btfss	status,0,c
  5116   0012CA  062D               	decf	(___flmul@temp+1)^0,f,c
  5117   0012CC                     l2948:
  5118   0012CC  AE2A               	btfss	(___flmul@prod+2)^0,7,c
  5119   0012CE  EF6B  F009         	goto	u2141
  5120   0012D2  EF6D  F009         	goto	u2140
  5121   0012D6                     u2141:
  5122   0012D6  EF51  F009         	goto	l2942
  5123   0012DA                     u2140:
  5124   0012DA  6A22               	clrf	___flmul@aexp^0,c
  5125   0012DC  AE26               	btfss	(___flmul@grs+3)^0,7,c
  5126   0012DE  EF73  F009         	goto	u2151
  5127   0012E2  EF75  F009         	goto	u2150
  5128   0012E6                     u2151:
  5129   0012E6  EF99  F009         	goto	l998
  5130   0012EA                     u2150:
  5131   0012EA  0EFF               	movlw	255
  5132   0012EC  1423               	andwf	___flmul@grs^0,w,c
  5133   0012EE  6E1D               	movwf	??___flmul^0,c
  5134   0012F0  0EFF               	movlw	255
  5135   0012F2  1424               	andwf	(___flmul@grs+1)^0,w,c
  5136   0012F4  6E1E               	movwf	(??___flmul+1)^0,c
  5137   0012F6  0EFF               	movlw	255
  5138   0012F8  1425               	andwf	(___flmul@grs+2)^0,w,c
  5139   0012FA  6E1F               	movwf	(??___flmul+2)^0,c
  5140   0012FC  0E7F               	movlw	127
  5141   0012FE  1426               	andwf	(___flmul@grs+3)^0,w,c
  5142   001300  6E20               	movwf	(??___flmul+3)^0,c
  5143   001302  501D               	movf	??___flmul^0,w,c
  5144   001304  101E               	iorwf	(??___flmul+1)^0,w,c
  5145   001306  101F               	iorwf	(??___flmul+2)^0,w,c
  5146   001308  1020               	iorwf	(??___flmul+3)^0,w,c
  5147   00130A  B4D8               	btfsc	status,2,c
  5148   00130C  EF8A  F009         	goto	u2161
  5149   001310  EF8C  F009         	goto	u2160
  5150   001314                     u2161:
  5151   001314  EF90  F009         	goto	l999
  5152   001318                     u2160:
  5153   001318                     l2952:
  5154   001318  0E01               	movlw	1
  5155   00131A  6E22               	movwf	___flmul@aexp^0,c
  5156   00131C  EF99  F009         	goto	l998
  5157   001320                     l999:
  5158   001320  A028               	btfss	___flmul@prod^0,0,c
  5159   001322  EF95  F009         	goto	u2171
  5160   001326  EF97  F009         	goto	u2170
  5161   00132A                     u2171:
  5162   00132A  EF99  F009         	goto	l998
  5163   00132E                     u2170:
  5164   00132E  EF8C  F009         	goto	l2952
  5165   001332                     l998:
  5166   001332  5022               	movf	___flmul@aexp^0,w,c
  5167   001334  B4D8               	btfsc	status,2,c
  5168   001336  EF9F  F009         	goto	u2181
  5169   00133A  EFA1  F009         	goto	u2180
  5170   00133E                     u2181:
  5171   00133E  EFC5  F009         	goto	l2964
  5172   001342                     u2180:
  5173   001342  0E01               	movlw	1
  5174   001344  2628               	addwf	___flmul@prod^0,f,c
  5175   001346  0E00               	movlw	0
  5176   001348  2229               	addwfc	(___flmul@prod+1)^0,f,c
  5177   00134A  222A               	addwfc	(___flmul@prod+2)^0,f,c
  5178   00134C  222B               	addwfc	(___flmul@prod+3)^0,f,c
  5179   00134E  A02B               	btfss	(___flmul@prod+3)^0,0,c
  5180   001350  EFAC  F009         	goto	u2191
  5181   001354  EFAE  F009         	goto	u2190
  5182   001358                     u2191:
  5183   001358  EFC5  F009         	goto	l2964
  5184   00135C                     u2190:
  5185   00135C  C028  F01D         	movff	___flmul@prod,??___flmul
  5186   001360  C029  F01E         	movff	___flmul@prod+1,??___flmul+1
  5187   001364  C02A  F01F         	movff	___flmul@prod+2,??___flmul+2
  5188   001368  C02B  F020         	movff	___flmul@prod+3,??___flmul+3
  5189   00136C  3420               	rlcf	(??___flmul+3)^0,w,c
  5190   00136E  3220               	rrcf	(??___flmul+3)^0,f,c
  5191   001370  321F               	rrcf	(??___flmul+2)^0,f,c
  5192   001372  321E               	rrcf	(??___flmul+1)^0,f,c
  5193   001374  321D               	rrcf	??___flmul^0,f,c
  5194   001376  C01D  F028         	movff	??___flmul,___flmul@prod
  5195   00137A  C01E  F029         	movff	??___flmul+1,___flmul@prod+1
  5196   00137E  C01F  F02A         	movff	??___flmul+2,___flmul@prod+2
  5197   001382  C020  F02B         	movff	??___flmul+3,___flmul@prod+3
  5198   001386  4A2C               	infsnz	___flmul@temp^0,f,c
  5199   001388  2A2D               	incf	(___flmul@temp+1)^0,f,c
  5200   00138A                     l2964:
  5201   00138A  BE2D               	btfsc	(___flmul@temp+1)^0,7,c
  5202   00138C  EFD0  F009         	goto	u2201
  5203   001390  502D               	movf	(___flmul@temp+1)^0,w,c
  5204   001392  E108               	bnz	u2200
  5205   001394  282C               	incf	___flmul@temp^0,w,c
  5206   001396  A0D8               	btfss	status,0,c
  5207   001398  EFD0  F009         	goto	u2201
  5208   00139C  EFD2  F009         	goto	u2200
  5209   0013A0                     u2201:
  5210   0013A0  EFDC  F009         	goto	l2968
  5211   0013A4                     u2200:
  5212   0013A4  0E00               	movlw	0
  5213   0013A6  6E28               	movwf	___flmul@prod^0,c
  5214   0013A8  0E00               	movlw	0
  5215   0013AA  6E29               	movwf	(___flmul@prod+1)^0,c
  5216   0013AC  0E80               	movlw	128
  5217   0013AE  6E2A               	movwf	(___flmul@prod+2)^0,c
  5218   0013B0  0E7F               	movlw	127
  5219   0013B2  6E2B               	movwf	(___flmul@prod+3)^0,c
  5220   0013B4  EF09  F00A         	goto	l2982
  5221   0013B8                     l2968:
  5222   0013B8  BE2D               	btfsc	(___flmul@temp+1)^0,7,c
  5223   0013BA  EFE9  F009         	goto	u2210
  5224   0013BE  502D               	movf	(___flmul@temp+1)^0,w,c
  5225   0013C0  E106               	bnz	u2211
  5226   0013C2  042C               	decf	___flmul@temp^0,w,c
  5227   0013C4  B0D8               	btfsc	status,0,c
  5228   0013C6  EFE7  F009         	goto	u2211
  5229   0013CA  EFE9  F009         	goto	u2210
  5230   0013CE                     u2211:
  5231   0013CE  EFF4  F009         	goto	l1006
  5232   0013D2                     u2210:
  5233   0013D2  0E00               	movlw	0
  5234   0013D4  6E28               	movwf	___flmul@prod^0,c
  5235   0013D6  0E00               	movlw	0
  5236   0013D8  6E29               	movwf	(___flmul@prod+1)^0,c
  5237   0013DA  0E00               	movlw	0
  5238   0013DC  6E2A               	movwf	(___flmul@prod+2)^0,c
  5239   0013DE  0E00               	movlw	0
  5240   0013E0  6E2B               	movwf	(___flmul@prod+3)^0,c
  5241   0013E2  6A21               	clrf	___flmul@sign^0,c
  5242   0013E4  EF09  F00A         	goto	l2982
  5243   0013E8                     l1006:
  5244   0013E8  C02C  F027         	movff	___flmul@temp,___flmul@bexp
  5245   0013EC  0EFF               	movlw	255
  5246   0013EE  1628               	andwf	___flmul@prod^0,f,c
  5247   0013F0  0EFF               	movlw	255
  5248   0013F2  1629               	andwf	(___flmul@prod+1)^0,f,c
  5249   0013F4  0E7F               	movlw	127
  5250   0013F6  162A               	andwf	(___flmul@prod+2)^0,f,c
  5251   0013F8  0E00               	movlw	0
  5252   0013FA  162B               	andwf	(___flmul@prod+3)^0,f,c
  5253   0013FC  A027               	btfss	___flmul@bexp^0,0,c
  5254   0013FE  EF03  F00A         	goto	u2221
  5255   001402  EF05  F00A         	goto	u2220
  5256   001406                     u2221:
  5257   001406  EF06  F00A         	goto	l2980
  5258   00140A                     u2220:
  5259   00140A  8E2A               	bsf	(___flmul@prod+2)^0,7,c
  5260   00140C                     l2980:
  5261   00140C  90D8               	bcf	status,0,c
  5262   00140E  3027               	rrcf	___flmul@bexp^0,w,c
  5263   001410  6E2B               	movwf	(___flmul@prod+3)^0,c
  5264   001412                     l2982:
  5265   001412  5021               	movf	___flmul@sign^0,w,c
  5266   001414  122B               	iorwf	(___flmul@prod+3)^0,f,c
  5267   001416  C028  F015         	movff	___flmul@prod,?___flmul
  5268   00141A  C029  F016         	movff	___flmul@prod+1,?___flmul+1
  5269   00141E  C02A  F017         	movff	___flmul@prod+2,?___flmul+2
  5270   001422  C02B  F018         	movff	___flmul@prod+3,?___flmul+3
  5271   001426                     l993:
  5272   001426  0012               	return		;funcret
  5273   001428                     __end_of___flmul:
  5274                           	callstack 0
  5275                           
  5276 ;; *************** function ___flge *****************
  5277 ;; Defined at:
  5278 ;;		line 4 in file "C:\Program Files\Microchip\xc8\v3.00\pic\sources\c99\common\flge.c"
  5279 ;; Parameters:    Size  Location     Type
  5280 ;;  ff1             4   45[COMRAM] unsigned char 
  5281 ;;  ff2             4   49[COMRAM] unsigned char 
  5282 ;; Auto vars:     Size  Location     Type
  5283 ;;		None
  5284 ;; Return value:  Size  Location     Type
  5285 ;;		None               void
  5286 ;; Registers used:
  5287 ;;		wreg, status,2, status,0
  5288 ;; Tracked objects:
  5289 ;;		On entry : 0/0
  5290 ;;		On exit  : 0/0
  5291 ;;		Unchanged: 0/0
  5292 ;; Data sizes:     COMRAM   BANK0   BANK1   BANK2   BANK3   BANK4   BANK5   BANK6   BANK7   BANK8   BANK9  BANK10  BANK1
      +1  BANK12  BANK13  BANK14
  5293 ;;      Params:         8       0       0       0       0       0       0       0       0       0       0       0       
      +0       0       0       0
  5294 ;;      Locals:         0       0       0       0       0       0       0       0       0       0       0       0       
      +0       0       0       0
  5295 ;;      Temps:          4       0       0       0       0       0       0       0       0       0       0       0       
      +0       0       0       0
  5296 ;;      Totals:        12       0       0       0       0       0       0       0       0       0       0       0       
      +0       0       0       0
  5297 ;;Total ram usage:       12 bytes
  5298 ;; Hardware stack levels used: 1
  5299 ;; Hardware stack levels required when called: 5
  5300 ;; This function calls:
  5301 ;;		Nothing
  5302 ;; This function is called by:
  5303 ;;		_ir_compare
  5304 ;; This function uses a non-reentrant model
  5305 ;;
  5306                           
  5307                           	psect	text20
  5308   001D50                     __ptext20:
  5309                           	callstack 0
  5310   001D50                     ___flge:
  5311                           	callstack 21
  5312   001D50  0E00               	movlw	0
  5313   001D52  142E               	andwf	___flge@ff1^0,w,c
  5314   001D54  6E36               	movwf	??___flge^0,c
  5315   001D56  0E00               	movlw	0
  5316   001D58  142F               	andwf	(___flge@ff1+1)^0,w,c
  5317   001D5A  6E37               	movwf	(??___flge+1)^0,c
  5318   001D5C  0E80               	movlw	128
  5319   001D5E  1430               	andwf	(___flge@ff1+2)^0,w,c
  5320   001D60  6E38               	movwf	(??___flge+2)^0,c
  5321   001D62  0E7F               	movlw	127
  5322   001D64  1431               	andwf	(___flge@ff1+3)^0,w,c
  5323   001D66  6E39               	movwf	(??___flge+3)^0,c
  5324   001D68  5036               	movf	??___flge^0,w,c
  5325   001D6A  1037               	iorwf	(??___flge+1)^0,w,c
  5326   001D6C  1038               	iorwf	(??___flge+2)^0,w,c
  5327   001D6E  1039               	iorwf	(??___flge+3)^0,w,c
  5328   001D70  A4D8               	btfss	status,2,c
  5329   001D72  EFBD  F00E         	goto	u2231
  5330   001D76  EFBF  F00E         	goto	u2230
  5331   001D7A                     u2231:
  5332   001D7A  EFC7  F00E         	goto	l2992
  5333   001D7E                     u2230:
  5334   001D7E  0E00               	movlw	0
  5335   001D80  6E2E               	movwf	___flge@ff1^0,c
  5336   001D82  0E00               	movlw	0
  5337   001D84  6E2F               	movwf	(___flge@ff1+1)^0,c
  5338   001D86  0E00               	movlw	0
  5339   001D88  6E30               	movwf	(___flge@ff1+2)^0,c
  5340   001D8A  0E00               	movlw	0
  5341   001D8C  6E31               	movwf	(___flge@ff1+3)^0,c
  5342   001D8E                     l2992:
  5343   001D8E  0E00               	movlw	0
  5344   001D90  1432               	andwf	___flge@ff2^0,w,c
  5345   001D92  6E36               	movwf	??___flge^0,c
  5346   001D94  0E00               	movlw	0
  5347   001D96  1433               	andwf	(___flge@ff2+1)^0,w,c
  5348   001D98  6E37               	movwf	(??___flge+1)^0,c
  5349   001D9A  0E80               	movlw	128
  5350   001D9C  1434               	andwf	(___flge@ff2+2)^0,w,c
  5351   001D9E  6E38               	movwf	(??___flge+2)^0,c
  5352   001DA0  0E7F               	movlw	127
  5353   001DA2  1435               	andwf	(___flge@ff2+3)^0,w,c
  5354   001DA4  6E39               	movwf	(??___flge+3)^0,c
  5355   001DA6  5036               	movf	??___flge^0,w,c
  5356   001DA8  1037               	iorwf	(??___flge+1)^0,w,c
  5357   001DAA  1038               	iorwf	(??___flge+2)^0,w,c
  5358   001DAC  1039               	iorwf	(??___flge+3)^0,w,c
  5359   001DAE  A4D8               	btfss	status,2,c
  5360   001DB0  EFDC  F00E         	goto	u2241
  5361   001DB4  EFDE  F00E         	goto	u2240
  5362   001DB8                     u2241:
  5363   001DB8  EFE6  F00E         	goto	l2996
  5364   001DBC                     u2240:
  5365   001DBC  0E00               	movlw	0
  5366   001DBE  6E32               	movwf	___flge@ff2^0,c
  5367   001DC0  0E00               	movlw	0
  5368   001DC2  6E33               	movwf	(___flge@ff2+1)^0,c
  5369   001DC4  0E00               	movlw	0
  5370   001DC6  6E34               	movwf	(___flge@ff2+2)^0,c
  5371   001DC8  0E00               	movlw	0
  5372   001DCA  6E35               	movwf	(___flge@ff2+3)^0,c
  5373   001DCC                     l2996:
  5374   001DCC  AE31               	btfss	(___flge@ff1+3)^0,7,c
  5375   001DCE  EFEB  F00E         	goto	u2251
  5376   001DD2  EFED  F00E         	goto	u2250
  5377   001DD6                     u2251:
  5378   001DD6  EFF6  F00E         	goto	l3000
  5379   001DDA                     u2250:
  5380   001DDA  6C2E               	negf	___flge@ff1^0,c
  5381   001DDC  1E2F               	comf	(___flge@ff1+1)^0,f,c
  5382   001DDE  B0D8               	btfsc	status,0,c
  5383   001DE0  2A2F               	incf	(___flge@ff1+1)^0,f,c
  5384   001DE2  1E30               	comf	(___flge@ff1+2)^0,f,c
  5385   001DE4  B0D8               	btfsc	status,0,c
  5386   001DE6  2A30               	incf	(___flge@ff1+2)^0,f,c
  5387   001DE8  0E80               	movlw	128
  5388   001DEA  5631               	subfwb	(___flge@ff1+3)^0,f,c
  5389   001DEC                     l3000:
  5390   001DEC  AE35               	btfss	(___flge@ff2+3)^0,7,c
  5391   001DEE  EFFB  F00E         	goto	u2261
  5392   001DF2  EFFD  F00E         	goto	u2260
  5393   001DF6                     u2261:
  5394   001DF6  EF06  F00F         	goto	l640
  5395   001DFA                     u2260:
  5396   001DFA  6C32               	negf	___flge@ff2^0,c
  5397   001DFC  1E33               	comf	(___flge@ff2+1)^0,f,c
  5398   001DFE  B0D8               	btfsc	status,0,c
  5399   001E00  2A33               	incf	(___flge@ff2+1)^0,f,c
  5400   001E02  1E34               	comf	(___flge@ff2+2)^0,f,c
  5401   001E04  B0D8               	btfsc	status,0,c
  5402   001E06  2A34               	incf	(___flge@ff2+2)^0,f,c
  5403   001E08  0E80               	movlw	128
  5404   001E0A  5635               	subfwb	(___flge@ff2+3)^0,f,c
  5405   001E0C                     l640:
  5406   001E0C  0E00               	movlw	0
  5407   001E0E  1A2E               	xorwf	___flge@ff1^0,f,c
  5408   001E10  0E00               	movlw	0
  5409   001E12  1A2F               	xorwf	(___flge@ff1+1)^0,f,c
  5410   001E14  0E00               	movlw	0
  5411   001E16  1A30               	xorwf	(___flge@ff1+2)^0,f,c
  5412   001E18  0E80               	movlw	128
  5413   001E1A  1A31               	xorwf	(___flge@ff1+3)^0,f,c
  5414   001E1C  0E00               	movlw	0
  5415   001E1E  1A32               	xorwf	___flge@ff2^0,f,c
  5416   001E20  0E00               	movlw	0
  5417   001E22  1A33               	xorwf	(___flge@ff2+1)^0,f,c
  5418   001E24  0E00               	movlw	0
  5419   001E26  1A34               	xorwf	(___flge@ff2+2)^0,f,c
  5420   001E28  0E80               	movlw	128
  5421   001E2A  1A35               	xorwf	(___flge@ff2+3)^0,f,c
  5422   001E2C  5032               	movf	___flge@ff2^0,w,c
  5423   001E2E  5C2E               	subwf	___flge@ff1^0,w,c
  5424   001E30  5033               	movf	(___flge@ff2+1)^0,w,c
  5425   001E32  582F               	subwfb	(___flge@ff1+1)^0,w,c
  5426   001E34  5034               	movf	(___flge@ff2+2)^0,w,c
  5427   001E36  5830               	subwfb	(___flge@ff1+2)^0,w,c
  5428   001E38  5035               	movf	(___flge@ff2+3)^0,w,c
  5429   001E3A  5831               	subwfb	(___flge@ff1+3)^0,w,c
  5430   001E3C  B0D8               	btfsc	status,0,c
  5431   001E3E  EF23  F00F         	goto	u2271
  5432   001E42  EF25  F00F         	goto	u2270
  5433   001E46                     u2271:
  5434   001E46  EF28  F00F         	goto	l3006
  5435   001E4A                     u2270:
  5436   001E4A  90D8               	bcf	status,0,c
  5437   001E4C  EF29  F00F         	goto	l645
  5438   001E50                     l3006:
  5439   001E50  80D8               	bsf	status,0,c
  5440   001E52                     l645:
  5441   001E52  0012               	return		;funcret
  5442   001E54                     __end_of___flge:
  5443                           	callstack 0
  5444                           
  5445 ;; *************** function ___lmul *****************
  5446 ;; Defined at:
  5447 ;;		line 15 in file "C:\Program Files\Microchip\xc8\v3.00\pic\sources\c99\common\Umul32.c"
  5448 ;; Parameters:    Size  Location     Type
  5449 ;;  multiplier      4    6[COMRAM] unsigned long 
  5450 ;;  multiplicand    4   10[COMRAM] unsigned long 
  5451 ;; Auto vars:     Size  Location     Type
  5452 ;;  product         4   14[COMRAM] unsigned long 
  5453 ;; Return value:  Size  Location     Type
  5454 ;;                  4    6[COMRAM] unsigned long 
  5455 ;; Registers used:
  5456 ;;		wreg, status,2, status,0
  5457 ;; Tracked objects:
  5458 ;;		On entry : 0/0
  5459 ;;		On exit  : 0/0
  5460 ;;		Unchanged: 0/0
  5461 ;; Data sizes:     COMRAM   BANK0   BANK1   BANK2   BANK3   BANK4   BANK5   BANK6   BANK7   BANK8   BANK9  BANK10  BANK1
      +1  BANK12  BANK13  BANK14
  5462 ;;      Params:         8       0       0       0       0       0       0       0       0       0       0       0       
      +0       0       0       0
  5463 ;;      Locals:         4       0       0       0       0       0       0       0       0       0       0       0       
      +0       0       0       0
  5464 ;;      Temps:          0       0       0       0       0       0       0       0       0       0       0       0       
      +0       0       0       0
  5465 ;;      Totals:        12       0       0       0       0       0       0       0       0       0       0       0       
      +0       0       0       0
  5466 ;;Total ram usage:       12 bytes
  5467 ;; Hardware stack levels used: 1
  5468 ;; Hardware stack levels required when called: 5
  5469 ;; This function calls:
  5470 ;;		Nothing
  5471 ;; This function is called by:
  5472 ;;		_ir_decodeHash
  5473 ;; This function uses a non-reentrant model
  5474 ;;
  5475                           
  5476                           	psect	text21
  5477   0020B4                     __ptext21:
  5478                           	callstack 0
  5479   0020B4                     ___lmul:
  5480                           	callstack 22
  5481   0020B4  0E00               	movlw	0
  5482   0020B6  6E0F               	movwf	___lmul@product^0,c
  5483   0020B8  0E00               	movlw	0
  5484   0020BA  6E10               	movwf	(___lmul@product+1)^0,c
  5485   0020BC  0E00               	movlw	0
  5486   0020BE  6E11               	movwf	(___lmul@product+2)^0,c
  5487   0020C0  0E00               	movlw	0
  5488   0020C2  6E12               	movwf	(___lmul@product+3)^0,c
  5489   0020C4                     l3120:
  5490   0020C4  A007               	btfss	___lmul@multiplier^0,0,c
  5491   0020C6  EF67  F010         	goto	u2471
  5492   0020CA  EF69  F010         	goto	u2470
  5493   0020CE                     u2471:
  5494   0020CE  EF71  F010         	goto	l3124
  5495   0020D2                     u2470:
  5496   0020D2  500B               	movf	___lmul@multiplicand^0,w,c
  5497   0020D4  260F               	addwf	___lmul@product^0,f,c
  5498   0020D6  500C               	movf	(___lmul@multiplicand+1)^0,w,c
  5499   0020D8  2210               	addwfc	(___lmul@product+1)^0,f,c
  5500   0020DA  500D               	movf	(___lmul@multiplicand+2)^0,w,c
  5501   0020DC  2211               	addwfc	(___lmul@product+2)^0,f,c
  5502   0020DE  500E               	movf	(___lmul@multiplicand+3)^0,w,c
  5503   0020E0  2212               	addwfc	(___lmul@product+3)^0,f,c
  5504   0020E2                     l3124:
  5505   0020E2  90D8               	bcf	status,0,c
  5506   0020E4  360B               	rlcf	___lmul@multiplicand^0,f,c
  5507   0020E6  360C               	rlcf	(___lmul@multiplicand+1)^0,f,c
  5508   0020E8  360D               	rlcf	(___lmul@multiplicand+2)^0,f,c
  5509   0020EA  360E               	rlcf	(___lmul@multiplicand+3)^0,f,c
  5510   0020EC  90D8               	bcf	status,0,c
  5511   0020EE  320A               	rrcf	(___lmul@multiplier+3)^0,f,c
  5512   0020F0  3209               	rrcf	(___lmul@multiplier+2)^0,f,c
  5513   0020F2  3208               	rrcf	(___lmul@multiplier+1)^0,f,c
  5514   0020F4  3207               	rrcf	___lmul@multiplier^0,f,c
  5515   0020F6  5007               	movf	___lmul@multiplier^0,w,c
  5516   0020F8  1008               	iorwf	(___lmul@multiplier+1)^0,w,c
  5517   0020FA  1009               	iorwf	(___lmul@multiplier+2)^0,w,c
  5518   0020FC  100A               	iorwf	(___lmul@multiplier+3)^0,w,c
  5519   0020FE  A4D8               	btfss	status,2,c
  5520   002100  EF84  F010         	goto	u2481
  5521   002104  EF86  F010         	goto	u2480
  5522   002108                     u2481:
  5523   002108  EF62  F010         	goto	l3120
  5524   00210C                     u2480:
  5525   00210C  C00F  F007         	movff	___lmul@product,?___lmul
  5526   002110  C010  F008         	movff	___lmul@product+1,?___lmul+1
  5527   002114  C011  F009         	movff	___lmul@product+2,?___lmul+2
  5528   002118  C012  F00A         	movff	___lmul@product+3,?___lmul+3
  5529   00211C  0012               	return		;funcret
  5530   00211E                     __end_of___lmul:
  5531                           	callstack 0
  5532                           
  5533 ;; *************** function _isrLow *****************
  5534 ;; Defined at:
  5535 ;;		line 310 in file "IRswitchMain.c"
  5536 ;; Parameters:    Size  Location     Type
  5537 ;;		None
  5538 ;; Auto vars:     Size  Location     Type
  5539 ;;		None
  5540 ;; Return value:  Size  Location     Type
  5541 ;;                  1    wreg      void 
  5542 ;; Registers used:
  5543 ;;		wreg, status,2, status,0, cstack
  5544 ;; Tracked objects:
  5545 ;;		On entry : 0/0
  5546 ;;		On exit  : 0/0
  5547 ;;		Unchanged: 0/0
  5548 ;; Data sizes:     COMRAM   BANK0   BANK1   BANK2   BANK3   BANK4   BANK5   BANK6   BANK7   BANK8   BANK9  BANK10  BANK1
      +1  BANK12  BANK13  BANK14
  5549 ;;      Params:         0       0       0       0       0       0       0       0       0       0       0       0       
      +0       0       0       0
  5550 ;;      Locals:         0       0       0       0       0       0       0       0       0       0       0       0       
      +0       0       0       0
  5551 ;;      Temps:          3       0       0       0       0       0       0       0       0       0       0       0       
      +0       0       0       0
  5552 ;;      Totals:         3       0       0       0       0       0       0       0       0       0       0       0       
      +0       0       0       0
  5553 ;;Total ram usage:        3 bytes
  5554 ;; Hardware stack levels used: 1
  5555 ;; Hardware stack levels required when called: 4
  5556 ;; This function calls:
  5557 ;;		_tickerIsr
  5558 ;; This function is called by:
  5559 ;;		Interrupt level 1
  5560 ;; This function uses a non-reentrant model
  5561 ;;
  5562                           
  5563 ;; *************** function _isrHigh *****************
  5564 ;; Defined at:
  5565 ;;		line 303 in file "IRswitchMain.c"
  5566 ;; Parameters:    Size  Location     Type
  5567 ;;		None
  5568 ;; Auto vars:     Size  Location     Type
  5569 ;;		None
  5570 ;; Return value:  Size  Location     Type
  5571 ;;                  1    wreg      void 
  5572 ;; Registers used:
  5573 ;;		wreg, fsr2l, fsr2h, status,2, status,0, cstack
  5574 ;; Tracked objects:
  5575 ;;		On entry : 0/0
  5576 ;;		On exit  : 0/0
  5577 ;;		Unchanged: 0/0
  5578 ;; Data sizes:     COMRAM   BANK0   BANK1   BANK2   BANK3   BANK4   BANK5   BANK6   BANK7   BANK8   BANK9  BANK10  BANK1
      +1  BANK12  BANK13  BANK14
  5579 ;;      Params:         0       0       0       0       0       0       0       0       0       0       0       0       
      +0       0       0       0
  5580 ;;      Locals:         0       0       0       0       0       0       0       0       0       0       0       0       
      +0       0       0       0
  5581 ;;      Temps:          2       0       0       0       0       0       0       0       0       0       0       0       
      +0       0       0       0
  5582 ;;      Totals:         2       0       0       0       0       0       0       0       0       0       0       0       
      +0       0       0       0
  5583 ;;Total ram usage:        2 bytes
  5584 ;; Hardware stack levels used: 1
  5585 ;; Hardware stack levels required when called: 2
  5586 ;; This function calls:
  5587 ;;		_ir_interruptService
  5588 ;; This function is called by:
  5589 ;;		Interrupt level 2
  5590 ;; This function uses a non-reentrant model
  5591 ;;
  5592                           
  5593                           	psect	mainSec
  5594   00221C                     __pmainSec:
  5595                           	callstack 0
  5596   00221C                     _isrLow:
  5597                           	callstack 21
  5598                           
  5599                           ;incstack = 0
  5600   00221C  8059               	bsf	int$flags,0,c	;set compiler interrupt flag (level 1)
  5601   00221E  CFD8 F004          	movff	status,??_isrLow
  5602   002222  CFE8 F005          	movff	wreg,??_isrLow+1
  5603   002226  CFE0 F006          	movff	bsr,??_isrLow+2
  5604   00222A  EC77  F011         	call	_tickerIsr	;wreg free
  5605   00222E  C006  FFE0         	movff	??_isrLow+2,bsr
  5606   002232  C005  FFE8         	movff	??_isrLow+1,wreg
  5607   002236  C004  FFD8         	movff	??_isrLow,status
  5608   00223A  9059               	bcf	int$flags,0,c	;clear compiler interrupt flag (level 1)
  5609   00223C  0010               	retfie	
  5610   00223E                     __end_of_isrLow:
  5611                           	callstack 0
  5612   00223E                     _isrHigh:
  5613                           	callstack 21
  5614                           
  5615                           ;incstack = 0
  5616   00223E  8259               	bsf	int$flags,1,c	;set compiler interrupt flag (level 2)
  5617   002240  CFD9 F002          	movff	fsr2l,??_isrHigh
  5618   002244  CFDA F003          	movff	fsr2h,??_isrHigh+1
  5619   002248  EC16  F00C         	call	_ir_interruptService	;wreg free
  5620   00224C  C003  FFDA         	movff	??_isrHigh+1,fsr2h
  5621   002250  C002  FFD9         	movff	??_isrHigh,fsr2l
  5622   002254  9259               	bcf	int$flags,1,c	;clear compiler interrupt flag (level 2)
  5623   002256  0011               	retfie		f
  5624   002258                     __end_of_isrHigh:
  5625                           	callstack 0
  5626                           
  5627                           	psect	intcodelo
  5628   000018                     __pintcodelo:
  5629                           	callstack 21
  5630   000018  EF0E  F011         	goto	_isrLow
  5631                           
  5632 ;; *************** function _tickerIsr *****************
  5633 ;; Defined at:
  5634 ;;		line 132 in file "ticker.c"
  5635 ;; Parameters:    Size  Location     Type
  5636 ;;		None
  5637 ;; Auto vars:     Size  Location     Type
  5638 ;;		None
  5639 ;; Return value:  Size  Location     Type
  5640 ;;                  1    wreg      void 
  5641 ;; Registers used:
  5642 ;;		wreg, status,2, status,0
  5643 ;; Tracked objects:
  5644 ;;		On entry : 0/0
  5645 ;;		On exit  : 0/0
  5646 ;;		Unchanged: 0/0
  5647 ;; Data sizes:     COMRAM   BANK0   BANK1   BANK2   BANK3   BANK4   BANK5   BANK6   BANK7   BANK8   BANK9  BANK10  BANK1
      +1  BANK12  BANK13  BANK14
  5648 ;;      Params:         0       0       0       0       0       0       0       0       0       0       0       0       
      +0       0       0       0
  5649 ;;      Locals:         0       0       0       0       0       0       0       0       0       0       0       0       
      +0       0       0       0
  5650 ;;      Temps:          0       0       0       0       0       0       0       0       0       0       0       0       
      +0       0       0       0
  5651 ;;      Totals:         0       0       0       0       0       0       0       0       0       0       0       0       
      +0       0       0       0
  5652 ;;Total ram usage:        0 bytes
  5653 ;; Hardware stack levels used: 1
  5654 ;; Hardware stack levels required when called: 3
  5655 ;; This function calls:
  5656 ;;		Nothing
  5657 ;; This function is called by:
  5658 ;;		_isrLow
  5659 ;; This function uses a non-reentrant model
  5660 ;;
  5661                           
  5662                           	psect	text23
  5663   0022EE                     __ptext23:
  5664                           	callstack 0
  5665   0022EE                     _tickerIsr:
  5666                           	callstack 21
  5667   0022EE                     
  5668                           ;ticker.c: 135:     if(INTCONbits.TMR0IF) {
  5669   0022EE  A4F2               	btfss	242,2,c	;volatile
  5670   0022F0  EF7C  F011         	goto	i1u86_21
  5671   0022F4  EF7E  F011         	goto	i1u86_20
  5672   0022F8                     i1u86_21:
  5673   0022F8  EF89  F011         	goto	i1l146
  5674   0022FC                     i1u86_20:
  5675   0022FC                     
  5676                           ;ticker.c: 137:         INTCONbits.TMR0IF = 0;
  5677   0022FC  94F2               	bcf	242,2,c	;volatile
  5678   0022FE                     
  5679                           ;ticker.c: 138:         timerExtension1++;
  5680   0022FE  2A57               	incf	_timerExtension1^0,f,c	;volatile
  5681   002300                     
  5682                           ;ticker.c: 139:         if(timerExtension1 == 0) {
  5683   002300  5057               	movf	_timerExtension1^0,w,c	;volatile
  5684   002302  A4D8               	btfss	status,2,c
  5685   002304  EF86  F011         	goto	i1u87_21
  5686   002308  EF88  F011         	goto	i1u87_20
  5687   00230C                     i1u87_21:
  5688   00230C  EF89  F011         	goto	i1l146
  5689   002310                     i1u87_20:
  5690   002310                     
  5691                           ;ticker.c: 140:             timerExtension2++;
  5692   002310  2A56               	incf	_timerExtension2^0,f,c	;volatile
  5693   002312                     i1l146:
  5694   002312  0012               	return		;funcret
  5695   002314                     __end_of_tickerIsr:
  5696                           	callstack 0
  5697                           
  5698                           	psect	intcode
  5699   000008                     __pintcode:
  5700                           	callstack 21
  5701   000008  EF1F  F011         	goto	_isrHigh
  5702                           
  5703 ;; *************** function _ir_interruptService *****************
  5704 ;; Defined at:
  5705 ;;		line 100 in file "ir.c"
  5706 ;; Parameters:    Size  Location     Type
  5707 ;;		None
  5708 ;; Auto vars:     Size  Location     Type
  5709 ;;  irdata          1    0[COMRAM] unsigned char 
  5710 ;; Return value:  Size  Location     Type
  5711 ;;                  1    wreg      void 
  5712 ;; Registers used:
  5713 ;;		wreg, fsr2l, fsr2h, status,2, status,0, cstack
  5714 ;; Tracked objects:
  5715 ;;		On entry : 0/0
  5716 ;;		On exit  : 0/0
  5717 ;;		Unchanged: 0/0
  5718 ;; Data sizes:     COMRAM   BANK0   BANK1   BANK2   BANK3   BANK4   BANK5   BANK6   BANK7   BANK8   BANK9  BANK10  BANK1
      +1  BANK12  BANK13  BANK14
  5719 ;;      Params:         0       0       0       0       0       0       0       0       0       0       0       0       
      +0       0       0       0
  5720 ;;      Locals:         1       0       0       0       0       0       0       0       0       0       0       0       
      +0       0       0       0
  5721 ;;      Temps:          0       0       0       0       0       0       0       0       0       0       0       0       
      +0       0       0       0
  5722 ;;      Totals:         1       0       0       0       0       0       0       0       0       0       0       0       
      +0       0       0       0
  5723 ;;Total ram usage:        1 bytes
  5724 ;; Hardware stack levels used: 1
  5725 ;; Hardware stack levels required when called: 1
  5726 ;; This function calls:
  5727 ;;		i2_ir_timerRst
  5728 ;; This function is called by:
  5729 ;;		_isrHigh
  5730 ;; This function uses a non-reentrant model
  5731 ;;
  5732                           
  5733                           	psect	text25
  5734   00182C                     __ptext25:
  5735                           	callstack 0
  5736   00182C                     _ir_interruptService:
  5737                           	callstack 21
  5738   00182C                     
  5739                           ;ir.c: 105:     if (PIR2bits.TMR3IF == 1)
  5740   00182C  A2A1               	btfss	161,1,c	;volatile
  5741   00182E  EF1B  F00C         	goto	i2u77_41
  5742   001832  EF1D  F00C         	goto	i2u77_40
  5743   001836                     i2u77_41:
  5744   001836  EFE0  F00C         	goto	i2l324
  5745   00183A                     i2u77_40:
  5746   00183A                     
  5747                           ;ir.c: 106:     {;ir.c: 107:         PIR2bits.TMR3IF = 0;
  5748   00183A  92A1               	bcf	161,1,c	;volatile
  5749   00183C                     
  5750                           ;ir.c: 109:         ir_timerRst();
  5751   00183C  ECBD  F011         	call	i2_ir_timerRst	;wreg free
  5752   001840                     
  5753                           ;ir.c: 111:         irdata = (unsigned char)(PORTCbits.RC0);
  5754   001840  0E00               	movlw	0
  5755   001842  B082               	btfsc	130,0,c	;volatile
  5756   001844  0E01               	movlw	1
  5757   001846  6E01               	movwf	ir_interruptService@irdata^0,c
  5758   001848                     
  5759                           ;ir.c: 113:         irparams.timer++;
  5760   001848  0101               	movlb	1	; () banked
  5761   00184A  4B01               	infsnz	(_irparams+1)& (0+255),f,b	;volatile
  5762   00184C  2B02               	incf	(_irparams+2)& (0+255),f,b	;volatile
  5763   00184E                     
  5764                           ; BSR set to: 1
  5765                           ;ir.c: 114:         if (irparams.rawlen >= 100) {
  5766   00184E  51CC               	movf	(_irparams+204)& (0+255),w,b	;volatile
  5767   001850  E109               	bnz	i2u78_40
  5768   001852  0E64               	movlw	100
  5769   001854  5DCB               	subwf	(_irparams+203)& (0+255),w,b	;volatile
  5770   001856  A0D8               	btfss	status,0,c
  5771   001858  EF30  F00C         	goto	i2u78_41
  5772   00185C  EF32  F00C         	goto	i2u78_40
  5773   001860                     i2u78_41:
  5774   001860  EFC1  F00C         	goto	i2l1770
  5775   001864                     i2u78_40:
  5776   001864                     
  5777                           ; BSR set to: 1
  5778                           ;ir.c: 116:             irparams.rcvstate = 5;
  5779   001864  0E05               	movlw	5
  5780   001866  6F00               	movwf	_irparams& (0+255),b	;volatile
  5781   001868  EFC1  F00C         	goto	i2l1770
  5782   00186C                     i2l1724:
  5783                           
  5784                           ; BSR set to: 1
  5785                           ;ir.c: 120:             if (irdata == 0) {
  5786   00186C  5001               	movf	ir_interruptService@irdata^0,w,c
  5787   00186E  A4D8               	btfss	status,2,c
  5788   001870  EF3C  F00C         	goto	i2u79_41
  5789   001874  EF3E  F00C         	goto	i2u79_40
  5790   001878                     i2u79_41:
  5791   001878  EFD4  F00C         	goto	i2l1772
  5792   00187C                     i2u79_40:
  5793   00187C                     
  5794                           ; BSR set to: 1
  5795                           ;ir.c: 121:                 if (irparams.timer < (5000/50)) {
  5796   00187C  5102               	movf	(_irparams+2)& (0+255),w,b	;volatile
  5797   00187E  E107               	bnz	i2u80_41
  5798   001880  0E64               	movlw	100
  5799   001882  5D01               	subwf	(_irparams+1)& (0+255),w,b	;volatile
  5800   001884  B0D8               	btfsc	status,0,c
  5801   001886  EF47  F00C         	goto	i2u80_41
  5802   00188A  EF49  F00C         	goto	i2u80_40
  5803   00188E                     i2u80_41:
  5804   00188E  EF4F  F00C         	goto	i2l1730
  5805   001892                     i2u80_40:
  5806   001892                     i2l1728:
  5807                           
  5808                           ; BSR set to: 1
  5809                           ;ir.c: 123:                     irparams.timer = 0;
  5810   001892  0E00               	movlw	0
  5811   001894  6F02               	movwf	(_irparams+2)& (0+255),b	;volatile
  5812   001896  0E00               	movlw	0
  5813   001898  6F01               	movwf	(_irparams+1)& (0+255),b	;volatile
  5814                           
  5815                           ;ir.c: 124:                 }
  5816   00189A  EFD4  F00C         	goto	i2l1772
  5817   00189E                     i2l1730:
  5818                           
  5819                           ; BSR set to: 1
  5820                           ;ir.c: 127:                     irparams.rawlen = 0;
  5821   00189E  0E00               	movlw	0
  5822   0018A0  6FCC               	movwf	(_irparams+204)& (0+255),b	;volatile
  5823   0018A2  0E00               	movlw	0
  5824   0018A4  6FCB               	movwf	(_irparams+203)& (0+255),b	;volatile
  5825   0018A6                     
  5826                           ; BSR set to: 1
  5827                           ;ir.c: 128:                     irparams.rawbuf[irparams.rawlen++] = irparams.timer;
  5828   0018A6  90D8               	bcf	status,0,c
  5829   0018A8  35CB               	rlcf	(_irparams+203)& (0+255),w,b	;volatile
  5830   0018AA  6ED9               	movwf	fsr2l,c
  5831   0018AC  35CC               	rlcf	(_irparams+204)& (0+255),w,b	;volatile
  5832   0018AE  6EDA               	movwf	fsr2h,c
  5833   0018B0  0E03               	movlw	low (_irparams+3)
  5834   0018B2  26D9               	addwf	fsr2l,f,c
  5835   0018B4  0E01               	movlw	high (_irparams+3)
  5836   0018B6  22DA               	addwfc	fsr2h,f,c
  5837   0018B8  C101  FFDE         	movff	_irparams+1,postinc2	;volatile
  5838   0018BC  C102  FFDD         	movff	_irparams+2,postdec2	;volatile
  5839   0018C0                     
  5840                           ; BSR set to: 1
  5841   0018C0  4BCB               	infsnz	(_irparams+203)& (0+255),f,b	;volatile
  5842   0018C2  2BCC               	incf	(_irparams+204)& (0+255),f,b	;volatile
  5843   0018C4                     
  5844                           ; BSR set to: 1
  5845                           ;ir.c: 129:                     irparams.timer = 0;
  5846   0018C4  0E00               	movlw	0
  5847   0018C6  6F02               	movwf	(_irparams+2)& (0+255),b	;volatile
  5848   0018C8  0E00               	movlw	0
  5849   0018CA  6F01               	movwf	(_irparams+1)& (0+255),b	;volatile
  5850   0018CC                     
  5851                           ; BSR set to: 1
  5852                           ;ir.c: 130:                     irparams.rcvstate = 3;
  5853   0018CC  0E03               	movlw	3
  5854   0018CE  6F00               	movwf	_irparams& (0+255),b	;volatile
  5855   0018D0  EFD4  F00C         	goto	i2l1772
  5856   0018D4                     i2l1740:
  5857                           
  5858                           ; BSR set to: 1
  5859                           ;ir.c: 135:             if (irdata == 1) {
  5860   0018D4  0401               	decf	ir_interruptService@irdata^0,w,c
  5861   0018D6  A4D8               	btfss	status,2,c
  5862   0018D8  EF70  F00C         	goto	i2u81_41
  5863   0018DC  EF72  F00C         	goto	i2u81_40
  5864   0018E0                     i2u81_41:
  5865   0018E0  EFD4  F00C         	goto	i2l1772
  5866   0018E4                     i2u81_40:
  5867   0018E4                     
  5868                           ; BSR set to: 1
  5869                           ;ir.c: 136:                 irparams.rawbuf[irparams.rawlen++] = irparams.timer;
  5870   0018E4  90D8               	bcf	status,0,c
  5871   0018E6  35CB               	rlcf	(_irparams+203)& (0+255),w,b	;volatile
  5872   0018E8  6ED9               	movwf	fsr2l,c
  5873   0018EA  35CC               	rlcf	(_irparams+204)& (0+255),w,b	;volatile
  5874   0018EC  6EDA               	movwf	fsr2h,c
  5875   0018EE  0E03               	movlw	low (_irparams+3)
  5876   0018F0  26D9               	addwf	fsr2l,f,c
  5877   0018F2  0E01               	movlw	high (_irparams+3)
  5878   0018F4  22DA               	addwfc	fsr2h,f,c
  5879   0018F6  C101  FFDE         	movff	_irparams+1,postinc2	;volatile
  5880   0018FA  C102  FFDD         	movff	_irparams+2,postdec2	;volatile
  5881   0018FE                     
  5882                           ; BSR set to: 1
  5883   0018FE  4BCB               	infsnz	(_irparams+203)& (0+255),f,b	;volatile
  5884   001900  2BCC               	incf	(_irparams+204)& (0+255),f,b	;volatile
  5885   001902                     
  5886                           ; BSR set to: 1
  5887                           ;ir.c: 137:                 irparams.timer = 0;
  5888   001902  0E00               	movlw	0
  5889   001904  6F02               	movwf	(_irparams+2)& (0+255),b	;volatile
  5890   001906  0E00               	movlw	0
  5891   001908  6F01               	movwf	(_irparams+1)& (0+255),b	;volatile
  5892   00190A                     
  5893                           ; BSR set to: 1
  5894                           ;ir.c: 138:                 irparams.rcvstate = 4;
  5895   00190A  0E04               	movlw	4
  5896   00190C  6F00               	movwf	_irparams& (0+255),b	;volatile
  5897   00190E  EFD4  F00C         	goto	i2l1772
  5898   001912                     i2l1750:
  5899                           
  5900                           ; BSR set to: 1
  5901                           ;ir.c: 142:             if (irdata == 0) {
  5902   001912  5001               	movf	ir_interruptService@irdata^0,w,c
  5903   001914  A4D8               	btfss	status,2,c
  5904   001916  EF8F  F00C         	goto	i2u82_41
  5905   00191A  EF91  F00C         	goto	i2u82_40
  5906   00191E                     i2u82_41:
  5907   00191E  EFA8  F00C         	goto	i2l1760
  5908   001922                     i2u82_40:
  5909   001922                     
  5910                           ; BSR set to: 1
  5911                           ;ir.c: 143:                 irparams.rawbuf[irparams.rawlen++] = irparams.timer;
  5912   001922  90D8               	bcf	status,0,c
  5913   001924  35CB               	rlcf	(_irparams+203)& (0+255),w,b	;volatile
  5914   001926  6ED9               	movwf	fsr2l,c
  5915   001928  35CC               	rlcf	(_irparams+204)& (0+255),w,b	;volatile
  5916   00192A  6EDA               	movwf	fsr2h,c
  5917   00192C  0E03               	movlw	low (_irparams+3)
  5918   00192E  26D9               	addwf	fsr2l,f,c
  5919   001930  0E01               	movlw	high (_irparams+3)
  5920   001932  22DA               	addwfc	fsr2h,f,c
  5921   001934  C101  FFDE         	movff	_irparams+1,postinc2	;volatile
  5922   001938  C102  FFDD         	movff	_irparams+2,postdec2	;volatile
  5923   00193C                     
  5924                           ; BSR set to: 1
  5925   00193C  4BCB               	infsnz	(_irparams+203)& (0+255),f,b	;volatile
  5926   00193E  2BCC               	incf	(_irparams+204)& (0+255),f,b	;volatile
  5927   001940                     
  5928                           ; BSR set to: 1
  5929                           ;ir.c: 144:                 irparams.timer = 0;
  5930   001940  0E00               	movlw	0
  5931   001942  6F02               	movwf	(_irparams+2)& (0+255),b	;volatile
  5932   001944  0E00               	movlw	0
  5933   001946  6F01               	movwf	(_irparams+1)& (0+255),b	;volatile
  5934   001948                     
  5935                           ; BSR set to: 1
  5936                           ;ir.c: 145:                 irparams.rcvstate = 3;
  5937   001948  0E03               	movlw	3
  5938   00194A  6F00               	movwf	_irparams& (0+255),b	;volatile
  5939                           
  5940                           ;ir.c: 146:             } else {
  5941   00194C  EFD4  F00C         	goto	i2l1772
  5942   001950                     i2l1760:
  5943                           
  5944                           ; BSR set to: 1
  5945                           ;ir.c: 147:                 if (irparams.timer > (5000/50)) {
  5946   001950  5102               	movf	(_irparams+2)& (0+255),w,b	;volatile
  5947   001952  E109               	bnz	i2u83_40
  5948   001954  0E65               	movlw	101
  5949   001956  5D01               	subwf	(_irparams+1)& (0+255),w,b	;volatile
  5950   001958  A0D8               	btfss	status,0,c
  5951   00195A  EFB1  F00C         	goto	i2u83_41
  5952   00195E  EFB3  F00C         	goto	i2u83_40
  5953   001962                     i2u83_41:
  5954   001962  EFD4  F00C         	goto	i2l1772
  5955   001966                     i2u83_40:
  5956   001966                     
  5957                           ; BSR set to: 1
  5958                           ;ir.c: 152:                     irparams.rcvstate = 5;
  5959   001966  0E05               	movlw	5
  5960   001968  6F00               	movwf	_irparams& (0+255),b	;volatile
  5961   00196A  EFD4  F00C         	goto	i2l1772
  5962   00196E                     i2l1764:
  5963                           
  5964                           ; BSR set to: 1
  5965                           ;ir.c: 157:             if (irdata == 0) {
  5966   00196E  5001               	movf	ir_interruptService@irdata^0,w,c
  5967   001970  A4D8               	btfss	status,2,c
  5968   001972  EFBD  F00C         	goto	i2u84_41
  5969   001976  EFBF  F00C         	goto	i2u84_40
  5970   00197A                     i2u84_41:
  5971   00197A  EFD4  F00C         	goto	i2l1772
  5972   00197E                     i2u84_40:
  5973   00197E  EF49  F00C         	goto	i2l1728
  5974   001982                     i2l1770:
  5975                           
  5976                           ; BSR set to: 1
  5977   001982  5100               	movf	_irparams& (0+255),w,b	;volatile
  5978                           
  5979                           ; Switch size 1, requested type "simple"
  5980                           ; Number of cases is 4, Range of values is 2 to 5
  5981                           ; switch strategies available:
  5982                           ; Name         Instructions Cycles
  5983                           ; simple_byte           13     7 (average)
  5984                           ;	Chosen strategy is simple_byte
  5985   001984  0A02               	xorlw	2	; case 2
  5986   001986  B4D8               	btfsc	status,2,c
  5987   001988  EF36  F00C         	goto	i2l1724
  5988   00198C  0A01               	xorlw	1	; case 3
  5989   00198E  B4D8               	btfsc	status,2,c
  5990   001990  EF6A  F00C         	goto	i2l1740
  5991   001994  0A07               	xorlw	7	; case 4
  5992   001996  B4D8               	btfsc	status,2,c
  5993   001998  EF89  F00C         	goto	i2l1750
  5994   00199C  0A01               	xorlw	1	; case 5
  5995   00199E  B4D8               	btfsc	status,2,c
  5996   0019A0  EFB7  F00C         	goto	i2l1764
  5997   0019A4  EFD4  F00C         	goto	i2l1772
  5998   0019A8                     i2l1772:
  5999                           
  6000                           ; BSR set to: 1
  6001                           ;ir.c: 163:         if (irdata == 0) {
  6002   0019A8  5001               	movf	ir_interruptService@irdata^0,w,c
  6003   0019AA  A4D8               	btfss	status,2,c
  6004   0019AC  EFDA  F00C         	goto	i2u85_41
  6005   0019B0  EFDC  F00C         	goto	i2u85_40
  6006   0019B4                     i2u85_41:
  6007   0019B4  EFDF  F00C         	goto	i2l322
  6008   0019B8                     i2u85_40:
  6009   0019B8                     
  6010                           ; BSR set to: 1
  6011                           ;ir.c: 164:             {LATCbits.LATC7 = 1;};
  6012   0019B8  8E8B               	bsf	139,7,c	;volatile
  6013                           
  6014                           ;ir.c: 165:         }
  6015   0019BA  EFE0  F00C         	goto	i2l324
  6016   0019BE                     i2l322:
  6017                           
  6018                           ; BSR set to: 1
  6019                           ;ir.c: 167:             {LATCbits.LATC7 = 0;};
  6020   0019BE  9E8B               	bcf	139,7,c	;volatile
  6021   0019C0                     i2l324:
  6022   0019C0  0012               	return		;funcret
  6023   0019C2                     __end_of_ir_interruptService:
  6024                           	callstack 0
  6025                           
  6026 ;; *************** function i2_ir_timerRst *****************
  6027 ;; Defined at:
  6028 ;;		line 84 in file "ir.c"
  6029 ;; Parameters:    Size  Location     Type
  6030 ;;		None
  6031 ;; Auto vars:     Size  Location     Type
  6032 ;;		None
  6033 ;; Return value:  Size  Location     Type
  6034 ;;                  1    wreg      void 
  6035 ;; Registers used:
  6036 ;;		wreg, status,2
  6037 ;; Tracked objects:
  6038 ;;		On entry : 0/0
  6039 ;;		On exit  : 0/0
  6040 ;;		Unchanged: 0/0
  6041 ;; Data sizes:     COMRAM   BANK0   BANK1   BANK2   BANK3   BANK4   BANK5   BANK6   BANK7   BANK8   BANK9  BANK10  BANK1
      +1  BANK12  BANK13  BANK14
  6042 ;;      Params:         0       0       0       0       0       0       0       0       0       0       0       0       
      +0       0       0       0
  6043 ;;      Locals:         0       0       0       0       0       0       0       0       0       0       0       0       
      +0       0       0       0
  6044 ;;      Temps:          0       0       0       0       0       0       0       0       0       0       0       0       
      +0       0       0       0
  6045 ;;      Totals:         0       0       0       0       0       0       0       0       0       0       0       0       
      +0       0       0       0
  6046 ;;Total ram usage:        0 bytes
  6047 ;; Hardware stack levels used: 1
  6048 ;; This function calls:
  6049 ;;		Nothing
  6050 ;; This function is called by:
  6051 ;;		_ir_interruptService
  6052 ;; This function uses a non-reentrant model
  6053 ;;
  6054                           
  6055                           	psect	text26
  6056   00237A                     __ptext26:
  6057                           	callstack 0
  6058   00237A                     i2_ir_timerRst:
  6059                           	callstack 21
  6060   00237A                     
  6061                           ;ir.c: 86:     TMR3H = (65535 - (50*(16000000/1000000)))/256;
  6062   00237A  0EFC               	movlw	252
  6063   00237C  6EB3               	movwf	179,c	;volatile
  6064                           
  6065                           ;ir.c: 87:     TMR3L = (65535 - (50*(16000000/1000000)))%256;
  6066   00237E  0EDF               	movlw	223
  6067   002380  6EB2               	movwf	178,c	;volatile
  6068   002382  0012               	return		;funcret
  6069   002384                     __end_ofi2_ir_timerRst:
  6070                           	callstack 0
  6071                           
  6072                           	psect	smallconst
  6073   001000                     __psmallconst:
  6074                           	callstack 0
  6075   001000  00                 	db	0
  6076   001001  00                 	db	0	; dummy byte at the end
  6077   001000                     __smallconst    set	__psmallconst
  6078   001000                     __mediumconst   set	__psmallconst
  6079   000002                     __activetblptr  equ	2
  6080                           
  6081                           	psect	rparam
  6082   000001                     ___rparam_used  equ	1
  6083   000000                     ___param_bank   equ	0
  6084   000000                     __Lparam        equ	__Lrparam
  6085   000000                     __Hparam        equ	__Hrparam
  6086                           
  6087                           	psect	temp
  6088   000059                     btemp:
  6089                           	callstack 0
  6090   000059                     	ds	1
  6091   000059                     int$flags       set	btemp
  6092   00005A                     wtemp8          set	btemp+1
  6093   00005A                     ttemp5          set	btemp+1
  6094   00005D                     ttemp6          set	btemp+4
  6095   000061                     ttemp7          set	btemp+8
  6096                           
  6097                           	psect	config
  6098                           
  6099                           ;Config register CONFIG1L @ 0x300000
  6100                           ;	VREG Sleep Enable bit
  6101                           ;	RETEN = OFF, Ultra low-power regulator is Disabled (Controlled by REGSLP bit)
  6102                           ;	LF-INTOSC Low-power Enable bit
  6103                           ;	INTOSCSEL = HIGH, LF-INTOSC in High-power mode during Sleep
  6104                           ;	SOSC Power Selection and mode Configuration bits
  6105                           ;	SOSCSEL = DIG, Digital (SCLKI) mode
  6106                           ;	Extended Instruction Set
  6107                           ;	XINST = OFF, Disabled
  6108   300000                     	org	3145728
  6109   300000  15                 	db	21
  6110                           
  6111                           ;Config register CONFIG1H @ 0x300001
  6112                           ;	Oscillator
  6113                           ;	FOSC = HS2, HS oscillator (High power, 16 MHz - 25 MHz)
  6114                           ;	PLL x4 Enable bit
  6115                           ;	PLLCFG = ON, Enabled
  6116                           ;	Fail-Safe Clock Monitor
  6117                           ;	FCMEN = OFF, Disabled
  6118                           ;	Internal External Oscillator Switch Over Mode
  6119                           ;	IESO = OFF, Disabled
  6120   300001                     	org	3145729
  6121   300001  12                 	db	18
  6122                           
  6123                           ;Config register CONFIG2L @ 0x300002
  6124                           ;	Power Up Timer
  6125                           ;	PWRTEN = ON, Enabled
  6126                           ;	Brown Out Detect
  6127                           ;	BOREN = SBORDIS, Enabled in hardware, SBOREN disabled
  6128                           ;	Brown-out Reset Voltage bits
  6129                           ;	BORV = 0, 3.0V
  6130                           ;	BORMV Power level
  6131                           ;	BORPWR = ZPBORMV, ZPBORMV instead of BORMV is selected
  6132   300002                     	org	3145730
  6133   300002  66                 	db	102
  6134                           
  6135                           ;Config register CONFIG2H @ 0x300003
  6136                           ;	Watchdog Timer
  6137                           ;	WDTEN = OFF, WDT disabled in hardware; SWDTEN bit disabled
  6138                           ;	Watchdog Postscaler
  6139                           ;	WDTPS = 1048576, 1:1048576
  6140   300003                     	org	3145731
  6141   300003  50                 	db	80
  6142                           
  6143                           ; Padding undefined space
  6144   300004                     	org	3145732
  6145   300004  FF                 	db	255
  6146                           
  6147                           ;Config register CONFIG3H @ 0x300005
  6148                           ;	ECAN Mux bit
  6149                           ;	CANMX = PORTB, ECAN TX and RX pins are located on RB2 and RB3, respectively
  6150                           ;	MSSP address masking
  6151                           ;	MSSPMSK = MSK7, 7 Bit address masking mode
  6152                           ;	Master Clear Enable
  6153                           ;	MCLRE = ON, MCLR Enabled, RE3 Disabled
  6154   300005                     	org	3145733
  6155   300005  89                 	db	137
  6156                           
  6157                           ;Config register CONFIG4L @ 0x300006
  6158                           ;	Stack Overflow Reset
  6159                           ;	STVREN = ON, Enabled
  6160                           ;	Boot Block Size
  6161                           ;	BBSIZ = BB1K, 1K word Boot Block size
  6162                           ;	Background Debugger
  6163                           ;	DEBUG = 0x1, unprogrammed default
  6164   300006                     	org	3145734
  6165   300006  81                 	db	129
  6166                           
  6167                           ; Padding undefined space
  6168   300007                     	org	3145735
  6169   300007  FF                 	db	255
  6170                           
  6171                           ;Config register CONFIG5L @ 0x300008
  6172                           ;	Code Protect 00800-01FFF
  6173                           ;	CP0 = OFF, Disabled
  6174                           ;	Code Protect 02000-03FFF
  6175                           ;	CP1 = OFF, Disabled
  6176                           ;	Code Protect 04000-05FFF
  6177                           ;	CP2 = OFF, Disabled
  6178                           ;	Code Protect 06000-07FFF
  6179                           ;	CP3 = OFF, Disabled
  6180   300008                     	org	3145736
  6181   300008  0F                 	db	15
  6182                           
  6183                           ;Config register CONFIG5H @ 0x300009
  6184                           ;	Code Protect Boot
  6185                           ;	CPB = OFF, Disabled
  6186                           ;	Data EE Read Protect
  6187                           ;	CPD = OFF, Disabled
  6188   300009                     	org	3145737
  6189   300009  C0                 	db	192
  6190                           
  6191                           ;Config register CONFIG6L @ 0x30000A
  6192                           ;	Table Write Protect 00800-01FFF
  6193                           ;	WRT0 = OFF, Disabled
  6194                           ;	Table Write Protect 02000-03FFF
  6195                           ;	WRT1 = OFF, Disabled
  6196                           ;	Table Write Protect 04000-05FFF
  6197                           ;	WRT2 = OFF, Disabled
  6198                           ;	Table Write Protect 06000-07FFF
  6199                           ;	WRT3 = OFF, Disabled
  6200   30000A                     	org	3145738
  6201   30000A  0F                 	db	15
  6202                           
  6203                           ;Config register CONFIG6H @ 0x30000B
  6204                           ;	Config. Write Protect
  6205                           ;	WRTC = OFF, Disabled
  6206                           ;	Table Write Protect Boot
  6207                           ;	WRTB = OFF, Disabled
  6208                           ;	Data EE Write Protect
  6209                           ;	WRTD = OFF, Disabled
  6210   30000B                     	org	3145739
  6211   30000B  E0                 	db	224
  6212                           
  6213                           ;Config register CONFIG7L @ 0x30000C
  6214                           ;	Table Read Protect 00800-01FFF
  6215                           ;	EBTR0 = OFF, Disabled
  6216                           ;	Table Read Protect 02000-03FFF
  6217                           ;	EBTR1 = OFF, Disabled
  6218                           ;	Table Read Protect 04000-05FFF
  6219                           ;	EBTR2 = OFF, Disabled
  6220                           ;	Table Read Protect 06000-07FFF
  6221                           ;	EBTR3 = OFF, Disabled
  6222   30000C                     	org	3145740
  6223   30000C  0F                 	db	15
  6224                           
  6225                           ;Config register CONFIG7H @ 0x30000D
  6226                           ;	Table Read Protect Boot
  6227                           ;	EBTRB = OFF, Disabled
  6228   30000D                     	org	3145741
  6229   30000D  40                 	db	64
  6230                           tosu	equ	0xFFF
  6231                           tosh	equ	0xFFE
  6232                           tosl	equ	0xFFD
  6233                           stkptr	equ	0xFFC
  6234                           pclatu	equ	0xFFB
  6235                           pclath	equ	0xFFA
  6236                           pcl	equ	0xFF9
  6237                           tblptru	equ	0xFF8
  6238                           tblptrh	equ	0xFF7
  6239                           tblptrl	equ	0xFF6
  6240                           tablat	equ	0xFF5
  6241                           prodh	equ	0xFF4
  6242                           prodl	equ	0xFF3
  6243                           indf0	equ	0xFEF
  6244                           postinc0	equ	0xFEE
  6245                           postdec0	equ	0xFED
  6246                           preinc0	equ	0xFEC
  6247                           plusw0	equ	0xFEB
  6248                           fsr0h	equ	0xFEA
  6249                           fsr0l	equ	0xFE9
  6250                           wreg	equ	0xFE8
  6251                           indf1	equ	0xFE7
  6252                           postinc1	equ	0xFE6
  6253                           postdec1	equ	0xFE5
  6254                           preinc1	equ	0xFE4
  6255                           plusw1	equ	0xFE3
  6256                           fsr1h	equ	0xFE2
  6257                           fsr1l	equ	0xFE1
  6258                           bsr	equ	0xFE0
  6259                           indf2	equ	0xFDF
  6260                           postinc2	equ	0xFDE
  6261                           postdec2	equ	0xFDD
  6262                           preinc2	equ	0xFDC
  6263                           plusw2	equ	0xFDB
  6264                           fsr2h	equ	0xFDA
  6265                           fsr2l	equ	0xFD9
  6266                           status	equ	0xFD8

Data Sizes:
    Strings     0
    Constant    0
    Data        0
    BSS         302
    Persistent  0
    Stack       0

Auto Spaces:
    Space          Size  Autos    Used
    COMRAM           94     81      88
    BANK0           160      8      98
    BANK1           256      0     205
    BANK2           256      0       0
    BANK3           256      0       0
    BANK4           256      0       0
    BANK5           256      0       0
    BANK6           256      0       0
    BANK7           256      0       0
    BANK8           256      0       0
    BANK9           256      0       0
    BANK10          256      0       0
    BANK11          256      0       0
    BANK12          256      0       0
    BANK13          256      0       0
    BANK14           65      0       0

Pointer List with Targets:

    ir_decode@results	PTR struct . size(1) Largest target is 14
		 -> ir_results(BANK0[14]), 

    ir_decode@results$rawbuf	PTR volatile unsigned int  size(2) Largest target is 205
		 -> irparams(BANK1[205]), 

    ir_decodeHash@results	PTR struct . size(1) Largest target is 14
		 -> ir_results(BANK0[14]), 

    ir_decodeHash@results$rawbuf	PTR volatile unsigned int  size(2) Largest target is 205
		 -> irparams(BANK1[205]), 

    ir_getRClevel@results$rawbuf	PTR volatile unsigned int  size(2) Largest target is 205
		 -> irparams(BANK1[205]), 

    ir_results$rawbuf	PTR volatile unsigned int  size(2) Largest target is 205
		 -> irparams(BANK1[205]), 

    S41$rawbuf	PTR volatile unsigned int  size(2) Largest target is 205
		 -> irparams(BANK1[205]), 


Critical Paths under _main in COMRAM

    _setup->_loadCode
    _loadCode->_EEPROM_Read
    _loop->_ir_decode
    _saveCode->_EEPROM_Write
    _EEPROM_Write->_EEPROM_WriteNoVerify
    _ir_decode->_ir_decodeHash
    _ir_decodeHash->_ir_compare
    _ir_compare->___flge
    ___flmul->___xxtofl
    ___flge->___flmul

Critical Paths under _isrLow in COMRAM

    None.

Critical Paths under _isrHigh in COMRAM

    _isrHigh->_ir_interruptService

Critical Paths under _main in BANK0

    _main->_loop

Critical Paths under _isrLow in BANK0

    None.

Critical Paths under _isrHigh in BANK0

    None.

Critical Paths under _main in BANK1

    None.

Critical Paths under _isrLow in BANK1

    None.

Critical Paths under _isrHigh in BANK1

    None.

Critical Paths under _main in BANK2

    None.

Critical Paths under _isrLow in BANK2

    None.

Critical Paths under _isrHigh in BANK2

    None.

Critical Paths under _main in BANK3

    None.

Critical Paths under _isrLow in BANK3

    None.

Critical Paths under _isrHigh in BANK3

    None.

Critical Paths under _main in BANK4

    None.

Critical Paths under _isrLow in BANK4

    None.

Critical Paths under _isrHigh in BANK4

    None.

Critical Paths under _main in BANK5

    None.

Critical Paths under _isrLow in BANK5

    None.

Critical Paths under _isrHigh in BANK5

    None.

Critical Paths under _main in BANK6

    None.

Critical Paths under _isrLow in BANK6

    None.

Critical Paths under _isrHigh in BANK6

    None.

Critical Paths under _main in BANK7

    None.

Critical Paths under _isrLow in BANK7

    None.

Critical Paths under _isrHigh in BANK7

    None.

Critical Paths under _main in BANK8

    None.

Critical Paths under _isrLow in BANK8

    None.

Critical Paths under _isrHigh in BANK8

    None.

Critical Paths under _main in BANK9

    None.

Critical Paths under _isrLow in BANK9

    None.

Critical Paths under _isrHigh in BANK9

    None.

Critical Paths under _main in BANK10

    None.

Critical Paths under _isrLow in BANK10

    None.

Critical Paths under _isrHigh in BANK10

    None.

Critical Paths under _main in BANK11

    None.

Critical Paths under _isrLow in BANK11

    None.

Critical Paths under _isrHigh in BANK11

    None.

Critical Paths under _main in BANK12

    None.

Critical Paths under _isrLow in BANK12

    None.

Critical Paths under _isrHigh in BANK12

    None.

Critical Paths under _main in BANK13

    None.

Critical Paths under _isrLow in BANK13

    None.

Critical Paths under _isrHigh in BANK13

    None.

Critical Paths under _main in BANK14

    None.

Critical Paths under _isrLow in BANK14

    None.

Critical Paths under _isrHigh in BANK14

    None.

Call Graph Tables:

 ---------------------------------------------------------------------------------
 (Depth) Function   	        Calls       Base Space   Used Autos Params    Refs
 ---------------------------------------------------------------------------------
 (0) _main                                                 3     3      0    5702
                                              5 BANK0      3     3      0
                               _loop
                              _setup
 ---------------------------------------------------------------------------------
 (1) _setup                                                0     0      0     512
                         _initRomOps
                         _initTicker
                      _ir_enableIRIn
                           _loadCode
 ---------------------------------------------------------------------------------
 (2) _loadCode                                            13     9      4     413
                                              8 COMRAM    13     9      4
                        _EEPROM_Read
 ---------------------------------------------------------------------------------
 (2) _ir_enableIRIn                                        0     0      0       0
                    _ir_timerCfgNorm
                        _ir_timerRst
 ---------------------------------------------------------------------------------
 (3) _ir_timerCfgNorm                                      0     0      0       0
                        _ir_timerRst
 ---------------------------------------------------------------------------------
 (3) _ir_timerRst                                          0     0      0       0
 ---------------------------------------------------------------------------------
 (2) _initTicker                                           3     3      0      99
                                              6 COMRAM     3     3      0
 ---------------------------------------------------------------------------------
 (2) _initRomOps                                           0     0      0       0
 ---------------------------------------------------------------------------------
 (1) _loop                                                 5     5      0    4986
                                              0 BANK0      5     5      0
                          _ir_decode
                          _ir_resume
                           _saveCode
                            _tickGet
 ---------------------------------------------------------------------------------
 (2) _tickGet                                             10     6      4     318
                                              6 COMRAM    10     6      4
 ---------------------------------------------------------------------------------
 (2) _saveCode                                             9     5      4     790
                                             14 COMRAM     9     5      4
                       _EEPROM_Write
 ---------------------------------------------------------------------------------
 (3) _EEPROM_Write                                         4     1      3     370
                                             11 COMRAM     3     0      3
                        _EEPROM_Read
               _EEPROM_WriteNoVerify
 ---------------------------------------------------------------------------------
 (4) _EEPROM_WriteNoVerify                                 5     2      3     133
                                              6 COMRAM     5     2      3
 ---------------------------------------------------------------------------------
 (3) _EEPROM_Read                                          2     0      2      80
                                              6 COMRAM     2     0      2
 ---------------------------------------------------------------------------------
 (2) _ir_decode                                            1     0      1    3813
                                             80 COMRAM     1     0      1
                      _ir_decodeHash
                          _ir_resume
 ---------------------------------------------------------------------------------
 (2) _ir_resume                                            0     0      0       0
 ---------------------------------------------------------------------------------
 (3) _ir_decodeHash                                       19    15      4    3717
                                             61 COMRAM    19    15      4
                             ___lmul
                         _ir_compare
 ---------------------------------------------------------------------------------
 (4) _ir_compare                                           4     0      4    3151
                                             57 COMRAM     4     0      4
                             ___flge
                            ___flmul
                           ___xxtofl
 ---------------------------------------------------------------------------------
 (5) ___xxtofl                                            14    10      4     526
                                              6 COMRAM    14    10      4
 ---------------------------------------------------------------------------------
 (5) ___flmul                                             25    17      8    2217
                                             20 COMRAM    25    17      8
                           ___xxtofl (ARG)
 ---------------------------------------------------------------------------------
 (5) ___flge                                              12     4      8     278
                                             45 COMRAM    12     4      8
                            ___flmul (ARG)
                           ___xxtofl (ARG)
 ---------------------------------------------------------------------------------
 (4) ___lmul                                              12     4      8     142
                                              6 COMRAM    12     4      8
 ---------------------------------------------------------------------------------
 Estimated maximum stack depth 5
 ---------------------------------------------------------------------------------
 (Depth) Function   	        Calls       Base Space   Used Autos Params    Refs
 ---------------------------------------------------------------------------------
 (6) _isrLow                                               3     3      0       0
                                              3 COMRAM     3     3      0
                          _tickerIsr
 ---------------------------------------------------------------------------------
 (7) _tickerIsr                                            0     0      0       0
 ---------------------------------------------------------------------------------
 Estimated maximum stack depth 7
 ---------------------------------------------------------------------------------
 (Depth) Function   	        Calls       Base Space   Used Autos Params    Refs
 ---------------------------------------------------------------------------------
 (8) _isrHigh                                              2     2      0      75
                                              1 COMRAM     2     2      0
                _ir_interruptService
 ---------------------------------------------------------------------------------
 (9) _ir_interruptService                                  1     1      0      75
                                              0 COMRAM     1     1      0
                      i2_ir_timerRst
 ---------------------------------------------------------------------------------
 (10) i2_ir_timerRst                                       0     0      0       0
 ---------------------------------------------------------------------------------
 Estimated maximum stack depth 10
 ---------------------------------------------------------------------------------

 Call Graph Graphs:

 _main (ROOT)
   _loop
     _ir_decode
       _ir_decodeHash
         ___lmul
         _ir_compare
           ___flge
             ___flmul (ARG)
               ___xxtofl (ARG)
             ___xxtofl (ARG)
           ___flmul
           ___xxtofl
       _ir_resume
     _ir_resume
     _saveCode
       _EEPROM_Write
         _EEPROM_Read
         _EEPROM_WriteNoVerify
     _tickGet
   _setup
     _initRomOps
     _initTicker
     _ir_enableIRIn
       _ir_timerCfgNorm
         _ir_timerRst
       _ir_timerRst
     _loadCode
       _EEPROM_Read

 _isrLow (ROOT)
   _tickerIsr

 _isrHigh (ROOT)
   _ir_interruptService
     i2_ir_timerRst

Address spaces:
Name               Size   Autos  Total    Usage
BIGRAM            3648      0       0      0.0%
BITBIGSFRllll      283      0       0      0.0%
BITBANK13          256      0       0      0.0%
BANK13             256      0       0      0.0%
BITBANK12          256      0       0      0.0%
BANK12             256      0       0      0.0%
BITBANK11          256      0       0      0.0%
BANK11             256      0       0      0.0%
BITBANK10          256      0       0      0.0%
BANK10             256      0       0      0.0%
BITBANK9           256      0       0      0.0%
BANK9              256      0       0      0.0%
BITBANK8           256      0       0      0.0%
BANK8              256      0       0      0.0%
BITBANK7           256      0       0      0.0%
BANK7              256      0       0      0.0%
BITBANK6           256      0       0      0.0%
BANK6              256      0       0      0.0%
BITBANK5           256      0       0      0.0%
BANK5              256      0       0      0.0%
BITBANK4           256      0       0      0.0%
BANK4              256      0       0      0.0%
BITBANK3           256      0       0      0.0%
BANK3              256      0       0      0.0%
BITBANK2           256      0       0      0.0%
BANK2              256      0       0      0.0%
BITBANK1           256      0       0      0.0%
BANK1              256      0     205     80.1%
BITBANK0           160      0       0      0.0%
BANK0              160      8      98     61.3%
BITBIGSFRlh        120      0       0      0.0%
BITCOMRAM           94      0       0      0.0%
COMRAM              94     81      88     93.6%
BITBANK14           65      0       0      0.0%
BANK14              65      0       0      0.0%
BITBIGSFRlllh       21      0       0      0.0%
BITBIGSFRllh        10      0       0      0.0%
BITBIGSFRh           4      0       0      0.0%
STACK                0      0       0      0.0%
DATA                 0      0     391      0.0%


Microchip Technology PIC18 Macro Assembler V3.00 build 20241204225717 
Symbol Table                                                                                   Sun May 17 19:00:43 2026

                                  l63 2190                                    l65 2192  
                                  l83 1472                                    l75 2180  
                                  l67 2194                                    l78 159E  
                                  l97 1676                                    bsr 0FE0  
                                 l100 1F54                                   l103 1C4A  
                                 l201 1FA0                                   l204 1FAE  
                                 l300 2350                                   l141 2046  
                                 l133 21FA                                   l206 1FBC  
                                 l134 221A                                   l207 1FD2  
                                 l303 2378                                   l208 1FD4  
                                 l331 20B2                                   l351 1D4E  
                                 l327 2360                                   l191 22E8  
                                 l183 236E                                   l192 22EC  
                                 l186 22BE                                   l189 22DA  
                                 l358 1B36                                   l198 228A  
                                 l295 2332                                   l640 1E0C  
                                 l386 210C                                   l387 211C  
                                 l645 1E52                                   l993 1426  
                                 l996 12BC                                   l997 12DA  
                                 l989 10C6                                   l998 1332  
                                 l999 1320                                   wreg 0FE8  
                        ___flmul@aexp 0022                          ___flmul@bexp 0027  
                        ___flmul@sign 0021                          ___flmul@temp 002C  
                        ___flmul@prod 0028                                  l1006 13E8  
                                l1030 16CE                                  l1033 182A  
                                l1044 17C2                                  l1037 1766  
                                l3000 1DEC                                  l3002 1DFA  
                                l3010 167A                                  l3004 1E4A  
                                l3012 168A                                  l3100 1CC6  
                                l3006 1E50                                  l3030 1750  
                                l3022 1708                                  l3014 1698  
                                l2310 2334                                  l3120 20C4  
                                l3040 17D0                                  l3032 175C  
                                l3024 1710                                  l3016 16DE  
                                l3200 20AA                                  l2320 2346  
                                l2312 2338                                  l3122 20D2  
                                l3050 1818                                  l3042 17D2  
                                l3034 1798                                  l3026 171C  
                                l3018 16F4                                  l3114 1D4C  
                                l3106 1CCC                                  l3130 2258  
                                l3210 1B8E                                  l2234 2370  
                                l2322 2348                                  l2314 2340  
                                l3124 20E2                                  l3052 181A  
                                l3044 17D6                                  l3036 17A4  
                                l3028 174E                                  l3108 1D46  
                                l3060 22D0                                  l3132 225C  
                                l3212 1BE2                                  l3220 1FDC  
                                l3300 147A                                  l2324 234C  
                                l2316 2342                                  l3126 20EC  
                                l3118 20B4                                  l3046 17FA  
                                l3038 17B2                                  l3150 1A08  
                                l3142 19C2                                  l3062 22D4  
                                l3134 226C                                  l3214 1C08  
                                l3206 1B3A                                  l3230 2016  
                                l3222 1FE4                                  l3310 14F4  
                                l3302 14AC                                  l2326 234E  
                                l2318 2344                                  l3048 180A  
                                l3160 1AEC                                  l3152 1A14  
                                l3144 19D2                                  l3128 2352  
                                l3064 22D6                                  l3056 22BE  
                                l3080 1F8C                                  l3072 1F56  
                                l3216 1C36                                  l3208 1B60  
                                l3240 2030                                  l3232 2018  
                                l3224 1FE8                                  l3320 155C  
                                l3312 150A                                  l3400 21BC  
                                l3162 1B18                                  l3154 1A86  
                                l3146 19F4                                  l3066 22D8  
                                l3058 22CC                                  l3090 1F9A  
                                l3082 1F8E                                  l3074 1F80  
                                l3138 2288                                  l3242 2034  
                                l3234 201A                                  l3226 1FF4  
                                l3218 1FD6                                  l3330 15B4  
                                l3314 1512                                  l3306 14C0  
                                l2370 2364                                  l2362 21E4  
                                l2354 21DE                                  l3170 1E72  
                                l3250 2124                                  l3402 21CC  
                                l3164 1B26                                  l3156 1ABC  
                                l3068 22EA                                  l3092 1F9E  
                                l3084 1F90                                  l3076 1F84  
                                l3244 2036                                  l3236 202A  
                                l3228 2006                                  l3340 1618  
                                l3332 15D8                                  l3316 1536  
                                l3308 14E4                                  l3324 1564  
                                l2372 236C                                  l2364 21E6  
                                l2356 21E0                                  l2380 2326  
                                l3180 1F1C                                  l3172 1E90  
                                l3260 2138                                  l3252 212A  
                                l3404 21D0                                  l3158 1AC0  
                                l3190 2080                                  l3094 1FBE  
                                l3086 1F92                                  l3078 1F88  
                                l3238 202C                                  l3350 1672  
                                l3342 161C                                  l3334 15DC  
                                l3318 1546                                  l3326 1596  
                                l2366 21EA                                  l2382 232A  
                                l2374 2314                                  l3182 1F44  
                                l3174 1EB8                                  l3270 2144  
                                l3262 213A                                  l3254 212E  
                                l3096 1FCE                                  l3088 1F96  
                                l3344 1630                                  l3336 15F0  
                                l3328 15A4                                  l2368 2362  
                                l2384 232E                                  l2376 2316  
                                l3176 1ED6                                  l3168 1E56  
                                l3280 2150                                  l3272 2146  
                                l3264 213E                                  l3256 2132  
                                l3248 211E                                  l3098 1C4C  
                                l3194 2086                                  l3186 2048  
                                l3338 15F2                                  l2386 2330  
                                l2378 2324                                  l3178 1EFE  
                                l3282 2166                                  l3274 2148  
                                l3266 2140                                  l3258 2134  
                                l2900 10FA                                  l3196 20A4  
                                l3188 206C                                  l3348 1636  
                                l3292 1446                                  l3284 217C  
                                l3276 214A                                  l3268 2142  
                                l2910 114A                                  l2902 1106  
                                l3294 146A                                  l3286 1428  
                                l3278 214E                                  l3390 2196  
                                l2920 118C                                  l2912 1156  
                                l2904 1110                                  l3296 146C  
                                l3288 1434                                  l3392 2198  
                                l3376 2182                                  l2930 11EE  
                                l2922 1198                                  l2914 1162  
                                l2906 1126                                  l3546 148E  
                                l3394 21A8                                  l2940 1284  
                                l2932 11FA                                  l2924 11A8  
                                l2916 1170                                  l2908 1132  
                                l2860 1002                                  l3548 1578  
                                l3396 21AA                                  l2950 12EA  
                                l2942 12A2                                  l2934 1216  
                                l2926 11C2                                  l2918 117C  
                                l2870 103E                                  l2862 100E  
                                l3398 21BA                                  l2960 135C  
                                l2952 1318                                  l2944 12AC  
                                l2936 1240                                  l2928 11D2  
                                l2880 1070                                  l2872 104E  
                                l2864 101C                                  l2970 13D2  
                                l2962 1386                                  l2946 12BA  
                                l2938 1276                                  l2890 10B0  
                                l2882 107E                                  l2874 1054  
                                l2866 101E                                  l2980 140C  
                                l2972 13E2                                  l2956 1342  
                                l2964 138A                                  l2948 12CC  
                                l2892 10B6                                  l2884 1080  
                                l2876 1064                                  l2868 102E  
                                l2990 1D7E                                  l2974 13EC  
                                l2982 1412                                  l2966 13A4  
                                l2958 134E                                  l2894 10D6  
                                l2886 1090                                  l2878 106A  
                                l2992 1D8E                                  l2984 1416  
                                l2976 13FC                                  l2968 13B8  
                                l2896 10E6                                  l2888 10A0  
                                l2994 1DBC                                  l2978 140A  
                                l2996 1DCC                                  l2988 1D50  
                                l2998 1DDA                                  _EEIF 7DBE  
                                u2100 10D6                                  u2101 10D2  
                                u2110 10E6                                  u2111 10E2  
                                u2200 13A4                                  u2120 1260  
                                u2040 101C                                  u2201 13A0  
                                u2041 1018                                  u2210 13D2  
                                u2130 12BA                                  u2050 102E  
                                u2211 13CE                                  u2131 12B6  
                                u2051 102A                                  u2220 140A  
                                u2140 12DA                                  u2060 103E  
                                u2300 16F4                                  u2221 1406  
                                u2141 12D6                                  u2125 1256  
                                u2061 103A                                  u2301 16F0  
                                u2230 1D7E                                  u2150 12EA  
                                u2070 107E                                  u2310 174A  
                                u2231 1D7A                                  u2151 12E6  
                                u2071 107A                                  u2311 1746  
                                u2240 1DBC                                  u2160 1318  
                                u2080 1090                                  u2320 1794  
                                u2400 1F68                                  u2241 1DB8  
                                u2161 1314                                  u2081 108C  
                                u2321 1790                                  u2401 1F60  
                                u2250 1DDA                                  u2170 132E  
                                u2090 10A0                                  u2330 17B2  
                                u2410 1F7A                                  u1610 21FA  
                                u2251 1DD6                                  u2171 132A  
                                u2091 109C                                  u2331 17AE  
                                u2411 1F74                                  u1611 21F6  
                                u2260 1DFA                                  u2180 1342  
                                u2340 17C2                                  u2500 19F4  
                                u2420 1FAE                                  u2261 1DF6  
                                u2181 133E                                  u2341 17BE  
                                u2501 19F0                                  u2421 1FAA  
                                u2270 1E4A                                  u2190 135C  
                                u2350 17D0                                  u2510 1AEC  
                                u2430 1FBC                                  u2271 1E46  
                                u2191 1358                                  u2351 17CC  
                                u2511 1AE8                                  u2431 1FB8  
                                u2360 180A                                  u2280 168A  
                                u2520 2080                                  u2440 1FCE  
                                u2416 1F7C                                  u2408 1F6A  
                                u2600 1536                                  u2361 1806  
                                u2281 1686                                  u2521 207C  
                                u2441 1FCA                                  u2601 1532  
                                u1625 220E                                  u2370 1818  
                                u2290 1698                                  u2450 1CC6  
                                u2530 20A4                                  u2610 15B4  
                                u1626 2210                                  u2371 1814  
                                u2291 1694                                  u2451 1CC2  
                                u2531 20A0                                  u2611 15B0  
                                u2460 1D46                                  u2380 22CC  
                                u2540 2006                                  u2620 15D8  
                                u2461 1D42                                  u2381 22C8  
                                u2541 2002                                  u2621 15D4  
                                u2470 20D2                                  u2390 22E8  
                                u2550 2016                                  u2630 1618  
                                u2471 20CE                                  u2391 22E4  
                                u2551 2012                                  u2631 1614  
                                u2480 210C                                  u2560 202A  
                                u2640 1672                                  u2481 2108  
                                u2561 2026                                  u2641 166E  
                                u2490 2288                                  u2570 1442  
                                u2491 2284                                  u2571 143E  
                                u2580 14BC                                  u2581 14B8  
                                u2590 14E4                                  u2670 21A8  
                                u2591 14E0                                  u2671 21A4  
                                u2680 21BA                                  u2681 21B6  
                                u2690 21CC                                  u2691 21C8  
                                _main 2182                                  _loop 1428  
                                fsr2h 0FDA                                  fsr2l 0FD9  
                                btemp 0059                                  prodh 0FF4  
                                prodl 0FF3                                  start 001C  
                        ___param_bank 0000                  __end_of_EEPROM_Write 228C  
                               ?_main 0001                                 _EEADR 0F74  
                               ?_loop 0001                       __end_of___flmul 1428  
                               _T0CON 0FD5                                 i1l113 222E  
                               i1l146 2312                                 i2l108 224C  
                               i2l303 2382                                 i2l322 19BE  
                               i2l324 19C0                                 _TMR0H 0FD7  
                               _TMR0L 0FD6                                 _TMR3H 0FB3  
                               _TMR3L 0FB2                                 _TRISA 0F92  
                               _TRISB 0F93                                 _TRISC 0F94  
                        ?_ir_timerRst 0001                   ___lmul@multiplicand 000B  
                     __end_of_isrHigh 2258                                 _setup 211E  
                               main@i 00C1                       __end_of_tickGet 2048  
                               plusw2 0FDB                                 ttemp5 005A  
                               ttemp6 005D                                 ttemp7 0061  
                               status 0FD8                                 wtemp8 005A  
                      ir_decodeHash@i 004F                        loadCode@codeNo 0011  
                     __initialization 228C                          __end_of_main 21DC  
                        __end_of_loop 1678                           loadCode@res 0012  
                       _ir_decodeHash 19C2                                ??_main 0052  
                              ??_loop 00BA                         __activetblptr 0002  
                              _EEADRH 0F75                                _EEDATA 0F73  
                              _EECON1 0F7F                                _EECON2 0F7E  
                              _ANCON0 0F5D                                _ANCON1 0F5C  
                              ?_setup 0001                         _ir_enableIRIn 2314  
           ir_interruptService@irdata 0001                                i1l1780 22FE  
                              i1l1782 2300                                i1l1784 2310  
                              i1l1776 22EE                                i1l1778 22FC  
                              i1l1874 222A                                i2l1710 182C  
                              i2l1720 184E                                i2l1712 183A  
                              i2l1730 189E                                i2l1722 1864  
                              i2l1714 183C                                i2l1740 18D4  
                              i2l1732 18A6                                i2l1724 186C  
                              i2l1716 1840                                i2l1750 1912  
                              i2l1742 18E4                                i2l1734 18C0  
                              i2l1726 187C                                i2l1718 1848  
                              i2l1752 1922                                i2l1760 1950  
                              i2l1744 18FE                                i2l1736 18C4  
                              i2l1728 1892                                i2l1762 1966  
                              i2l1754 193C                                i2l1746 1902  
                              i2l1738 18CC                                i2l1770 1982  
                              i2l1596 237A                                i2l1764 196E  
                              i2l1756 1940                                i2l1748 190A  
                              i2l1772 19A8                                i2l1774 19B8  
                              i2l1758 1948                                i2l1872 2248  
                              _TABLAT 0FF5                                _TBLPTR 0FF6  
                    __end_of___xxtofl 182C                           initTicker@i 0009  
                              ___flge 1D50                                ___lmul 20B4  
                           ??___flmul 001D                        ?_ir_decodeHash 003E  
                    __end_of_loadCode 1F56                                _onTime 00A8  
                 _ir_interruptService 182C                                _isrLow 221C  
                              clear_0 2292                                clear_1 229E  
                              clear_2 22AA                                isa$std 0001  
                              main@t1 00BF                                main@t2 00C0  
                    __end_of_saveCode 1C4C                             ??_isrHigh 0002  
                        __mediumconst 1000                             ??_tickGet 000B  
                              tblptru 0FF8                        ?_ir_enableIRIn 0001  
                     _ir_timerCfgNorm 2334                  ?_ir_interruptService 0001  
                          ___flge@ff1 002E                            ___flge@ff2 0032  
                        ___xxtofl@arg 0011                          ___xxtofl@exp 0010  
                        ___xxtofl@val 0007                            __accesstop 0060  
             __end_of__initialization 22B0                     EEPROM_Write@index 000C  
                   EEPROM_Write@value 000E                         ___rparam_used 0001  
                      __pcstackCOMRAM 0001                         __end_of_setup 2182  
                             ??_setup 0016                 ??_ir_interruptService 0001  
                   initTicker@divider 0008                          _EEPROM_Write 2258  
                          __pbssBANK0 0060                            __pbssBANK1 0100  
                          _code1_hash 00A4                            _code2_hash 00A0  
                     ??_ir_decodeHash 0042                               ?___flge 002E  
                             ?___lmul 0007                               ?_isrLow 0001  
                      ___lmul@product 000F                            _flashBlock 0052  
                          _flashFlags 0055               __end_of_ir_timerCfgNorm 2352  
                           ?___xxtofl 0007                       ??_ir_enableIRIn 0007  
                             _TBLPTRU 0FF8                               i1u86_20 22FC  
                             i1u86_21 22F8                               i1u87_20 2310  
                             i1u87_21 230C                               i2u80_40 1892  
                             i2u80_41 188E                               i2u81_40 18E4  
                             i2u81_41 18E0                               i2u82_40 1922  
                             i2u82_41 191E                               i2u83_40 1966  
                             i2u83_41 1962                               i2u84_40 197E  
                             i2u84_41 197A                               i2u85_40 19B8  
                             i2u77_40 183A                               i2u85_41 19B4  
                             i2u77_41 1836                               i2u78_40 1864  
                             i2u78_41 1860                               i2u79_40 187C  
                             i2u79_41 1878                             ?_loadCode 0009  
                     _timerExtension1 0057                       _timerExtension2 0056  
                           ?_saveCode 000F                               __Hparam 0000  
                             __Lparam 0000                            _ir_compare 1C4C  
                          _initTicker 21DC                            _initRomOps 2362  
                             ___flmul 1002                          __psmallconst 1000  
                          _ir_results 00AC                               __pcinit 228C  
                             __ramtop 1000                     __end_of_ir_decode 20B4  
                             __ptext0 2182                               __ptext1 211E  
                             __ptext2 1E54                               __ptext3 2314  
                             __ptext4 2334                               __ptext5 2370  
                             __ptext6 21DC                               __ptext7 2362  
                             __ptext8 1428                               __ptext9 1FD6  
                           _T0CONbits 0FD5                               _isrHigh 223E  
                   __end_of_ir_resume 2362                            ??___xxtofl 000B  
                           _T3CONbits 0FB1                               _tickGet 1FD6  
                       i2_ir_timerRst 237A                      ir_compare@oldval 003A  
                    ir_compare@newval 003C                  end_of_initialization 22B0  
                          ??_loadCode 000D                         ??_EEPROM_Read 0009  
                       __Lmediumconst 0000                     __end_of_tickerIsr 2314  
                          ??_saveCode 0013                               postdec2 0FDD  
                             postinc0 0FEE                               postinc2 0FDE  
EEPROM_WriteNoVerify@interruptEnabled 000B                             _PORTAbits 0F80  
                           _PORTCbits 0F82                      ir_decode@results 0051  
                    ?_ir_timerCfgNorm 0001                        ?i2_ir_timerRst 0001  
                       ___xxtofl@sign 000F                           ___flmul@grs 0023  
                         ?_ir_compare 003A                   __end_of_EEPROM_Read 22EE  
                         ?_initTicker 0001                           ?_initRomOps 0001  
                      __end_of___flge 1E54                        __end_of___lmul 211E  
                      __end_of_isrLow 223E                   start_initialization 228C  
        __end_of_EEPROM_WriteNoVerify 1FD6                        saveCode@codeNo 0017  
                            ??___flge 0036                              ??___lmul 000F  
                            ??_isrLow 0004                       ??i2_ir_timerRst 0001  
                       ??_ir_timerRst 0007           __end_of_ir_interruptService 19C2  
                           ___flmul@a 0019                             ___flmul@b 0015  
                         __pbssCOMRAM 0052                         __pcstackBANK0 00BA  
                        saveCode@code 000F                           _EEPROM_Read 22BE  
                  initTicker@priority 0007                             __pmainSec 221C  
                     tickGet@IntFlag1 000C                       tickGet@IntFlag2 000B  
                           __pintcode 0008                              ?___flmul 0015  
               __end_of_ir_decodeHash 1B38                           __pintcodelo 0018  
                         __smallconst 1000                              ?_isrHigh 0001  
                           _ir_decode 2048                              ?_tickGet 0007  
               __end_of_ir_enableIRIn 2334                             _ir_resume 2352  
                 __end_of_ir_timerRst 237A                           _flashBuffer 0060  
                            _LATBbits 0F8A                              _LATCbits 0F8B  
                            _IPR2bits 0FA2                              _PIE2bits 0FA0  
                         _configState 0058                              _PIR2bits 0FA1  
                           _tickerIsr 22EE                              _RCONbits 0FD0  
           EEPROM_WriteNoVerify@index 0007             EEPROM_WriteNoVerify@value 0009  
                _EEPROM_WriteNoVerify 1F56                            ?_ir_decode 0051  
                          ?_ir_resume 0001                     ___lmul@multiplier 0007  
                         _INTCON2bits 0FF1                  ir_decodeHash@results 003E  
                          _EECON1bits 0F7F                              __Hrparam 0000  
                          ?_tickerIsr 0001                          ??_ir_compare 003E  
                            __Lrparam 0000                          ??_initTicker 0007  
                        ??_initRomOps 0007                 ?_EEPROM_WriteNoVerify 0007  
                           loop@ready 00BE                              ___xxtofl 1678  
                         _ir_timerRst 2370                              _half_pwm 0054  
                            __ptext10 1B38                              __ptext11 2258  
                            __ptext20 1D50                              __ptext12 1F56  
                            __ptext21 20B4                              __ptext13 22BE  
                            __ptext14 2048                              __ptext23 22EE  
                            __ptext15 2352                              __ptext16 19C2  
                            __ptext25 182C                              __ptext17 1C4C  
                            __ptext26 237A                              __ptext18 1678  
                            __ptext19 1002                    __end_of_ir_compare 1D50  
                       ?_EEPROM_Write 000C                            _T3GCONbits 0FB0  
                  __end_of_initTicker 221C                    __end_of_initRomOps 2370  
                            _loadCode 1E54                              _irparams 0100  
                            _saveCode 1B38                              isa$xinst 0000  
                            int$flags 0059                            _INTCONbits 0FF2  
                         ??_ir_decode 0052                        ??_EEPROM_Write 000F  
                         ??_ir_resume 0007                              intlevel1 0000  
                            intlevel2 0000                          ?_EEPROM_Read 0007  
                         ??_tickerIsr 0004                    tickGet@currentTime 000D  
              ??_EEPROM_WriteNoVerify 000A                    ir_decodeHash@value 004A  
               __end_ofi2_ir_timerRst 2384                     ir_decodeHash@hash 004B  
                    EEPROM_Read@index 0007                     ??_ir_timerCfgNorm 0007  
